City,Month_Year,Review_Count,Anger,Disgust,Fear,Joy,Neutral,Sadness,Surprise,Emotion_Total,Previous_Month,Month_Gap,Previous_Anger,Previous_Disgust,Previous_Fear,Previous_Joy,Previous_Neutral,Previous_Sadness,Previous_Surprise,Previous_Review_Count,JS_Drift,Cosine_Drift,City_Median_JS,City_MAD_JS,Robust_Z,Is_Spike,Delta_Anger,Delta_Disgust,Delta_Fear,Delta_Joy,Delta_Neutral,Delta_Sadness,Delta_Surprise,Dominant_Emotion,Dominant_Change
Agra,2019-02-01,146,0.041761394260030144,0.043143541339827875,0.03588332942119247,0.3045847558556762,0.3009458949752726,0.059196308452942145,0.21448477698499588,1.0000000012899373,2019-01-01,1.0,0.00863632009713906,0.015231389342807192,0.027535331575199905,0.29057751628570255,0.371769830910489,0.13162781307473775,0.1546217666007578,10.0,0.14530470141515348,0.03038436254279031,0.1527030940589179,0.05780183493451835,-0.08633317339963946,False,0.03312507416289108,0.027912151997020684,0.008347997845992564,0.014007239569973629,-0.07082393593521641,-0.07243150462179561,0.05986301038423808,Sadness,-0.07243150462179561
Agra,2019-03-01,67,0.03228638480841386,0.05743208880372925,0.0358154888941607,0.3615053898599277,0.2933437678365231,0.0781651099573876,0.14145177675397202,1.0000000069141142,2019-02-01,1.0,0.041761394260030144,0.043143541339827875,0.03588332942119247,0.3045847558556762,0.3009458949752726,0.059196308452942145,0.21448477698499588,146.0,0.0805296422318418,0.018857698655781352,0.1527030940589179,0.05780183493451835,-0.8422049803870727,False,-0.009475009451616286,0.014288547463901374,-6.784052703176502e-05,0.056920634004251514,-0.0076021271387494704,0.01896880150444545,-0.07303300023102385,Surprise,-0.07303300023102385
Agra,2019-04-01,22,0.02195914880774741,0.031777132164940866,0.054881904708136836,0.24786342045461585,0.43647070455534215,0.04527766103009604,0.16177003788338462,1.0000000096042636,2019-03-01,1.0,0.03228638480841386,0.05743208880372925,0.0358154888941607,0.3615053898599277,0.2933437678365231,0.0781651099573876,0.14145177675397202,67.0,0.13537014222529206,0.06541078537643352,0.1527030940589179,0.05780183493451835,-0.2022613300256824,False,-0.01032723600066645,-0.025654956638788383,0.019066415813976133,-0.11364196940531185,0.14312693671881904,-0.032887448927291556,0.020318261129412596,Neutral,0.14312693671881904
Agra,2019-05-01,38,0.044525036280423265,0.07325034581682346,0.09330827404291511,0.34201528039135914,0.2081244775817092,0.07122395321493964,0.1675526378124854,1.0000000051406552,2019-04-01,1.0,0.02195914880774741,0.031777132164940866,0.054881904708136836,0.24786342045461585,0.43647070455534215,0.04527766103009604,0.16177003788338462,22.0,0.18602361166687265,0.12216766134538426,0.1527030940589179,0.05780183493451835,0.3888231083325685,False,0.022565887472675857,0.0414732136518826,0.038426369334778276,0.0941518599367433,-0.22834622697363294,0.0259462921848436,0.005782599929100768,Neutral,-0.22834622697363294
Agra,2019-06-01,41,0.019998832787500594,0.03066538359896025,0.09447301648239169,0.26828305624289117,0.3565889102429515,0.03246943475451406,0.1975213746290381,1.0000000087382472,2019-05-01,1.0,0.044525036280423265,0.07325034581682346,0.09330827404291511,0.34201528039135914,0.2081244775817092,0.07122395321493964,0.1675526378124854,38.0,0.1527030940589179,0.06681865969122736,0.1527030940589179,0.05780183493451835,0.0,False,-0.02452620349292267,-0.04258496221786322,0.0011647424394765765,-0.07373222414846797,0.14846443266124226,-0.03875451846042558,0.02996873681655271,Neutral,0.14846443266124226
Agra,2019-07-01,26,0.05279572217617753,0.046592189435614224,0.061628363587750215,0.3225147081359934,0.2489772195426317,0.08183807782972084,0.18565372696432927,1.0000000076722173,2019-06-01,1.0,0.019998832787500594,0.03066538359896025,0.09447301648239169,0.26828305624289117,0.3565889102429515,0.03246943475451406,0.1975213746290381,41.0,0.13435883701976514,0.03941858532197362,0.1527030940589179,0.05780183493451835,-0.21406243222080584,False,0.032796889388676934,0.015926805836653974,-0.032844652894641474,0.05423165189310225,-0.10761169070031978,0.04936864307520678,-0.011867647664708825,Neutral,-0.10761169070031978
Agra,2019-08-01,22,0.021654392275112552,0.038795223422560116,0.059088677866384345,0.34429821613329376,0.33077608455311164,0.07200217604721806,0.13338523250157855,1.000000002799259,2019-07-01,1.0,0.05279572217617753,0.046592189435614224,0.061628363587750215,0.3225147081359934,0.2489772195426317,0.08183807782972084,0.18565372696432927,26.0,0.09450441125422943,0.01975080788298833,0.1527030940589179,0.05780183493451835,-0.6791308891185375,False,-0.031141329901064975,-0.007796966013054109,-0.0025396857213658697,0.021783507997300333,0.08179886501047995,-0.009835901782502779,-0.052268494462750725,Neutral,0.08179886501047995
Agra,2019-09-01,20,0.05131621767359316,0.06585206649615424,0.0615925447127665,0.3408286069578025,0.30655481951544056,0.01688511709216979,0.1569706235139165,0.9999999959618433,2019-08-01,1.0,0.021654392275112552,0.038795223422560116,0.059088677866384345,0.34429821613329376,0.33077608455311164,0.07200217604721806,0.13338523250157855,22.0,0.12164830379503092,0.011351741989526265,0.1527030940589179,0.05780183493451835,-0.3623839287579932,False,0.029661825398480605,0.027056843073594128,0.0025038668463821523,-0.003469609175491273,-0.02422126503767108,-0.05511705895504827,0.023585391012337947,Sadness,-0.05511705895504827
Agra,2019-10-01,19,0.05772491019084359,0.019298242159972008,0.03478100671322619,0.17913211965443268,0.5174286033173925,0.11515388801988016,0.0764811999458623,0.9999999700016095,2019-09-01,1.0,0.05131621767359316,0.06585206649615424,0.0615925447127665,0.3408286069578025,0.30655481951544056,0.01688511709216979,0.1569706235139165,20.0,0.2504714213681276,0.14940227687853036,0.1527030940589179,0.05780183493451835,1.1408761823005862,False,0.0064086925172504305,-0.046553824336182235,-0.026811537999540308,-0.1616964873033698,0.21087378380195193,0.09826877092771037,-0.08048942356805419,Neutral,0.21087378380195193
Agra,2020-01-01,13,0.021195075761240224,0.049989407398523006,0.0796417742878055,0.12188377550158358,0.5883646848110052,0.08111368528065768,0.05781161906914066,1.0000000221099559,2019-12-01,1.0,0.025220870429620786,0.027083698303613297,0.02512283189571458,0.4453950981114758,0.27688028960255906,0.1060741610708646,0.09422306946362365,16.0,0.29999634097985556,0.3005083539955433,0.1527030940589179,0.05780183493451835,1.718791369871246,False,-0.004025794668380562,0.02290570909490971,0.054518942392090916,-0.32351132260989224,0.3114843952084462,-0.024960475790206924,-0.036411450394482986,Joy,-0.32351132260989224
Agra,2020-02-01,123,0.03470972478455987,0.04561747296389596,0.04959424144737002,0.336969633660529,0.2786841786852697,0.036616745224124066,0.21780800652440363,1.0000000032901522,2020-01-01,1.0,0.021195075761240224,0.049989407398523006,0.0796417742878055,0.12188377550158358,0.5883646848110052,0.08111368528065768,0.05781161906914066,13.0,0.29356485053995807,0.2555395842753022,0.1527030940589179,0.05780183493451835,1.6437411520602498,False,0.013514649023319648,-0.004371934434627044,-0.03004753284043548,0.21508585815894543,-0.30968050612573556,-0.04449694005653362,0.15999638745526296,Neutral,-0.30968050612573556
Agra,2020-03-01,82,0.03351442603445493,0.028173211697920558,0.06540200732387144,0.35153590241254007,0.29720978526307673,0.04847031837704064,0.1756943491310244,1.0000000002399287,2020-02-01,1.0,0.03470972478455987,0.04561747296389596,0.04959424144737002,0.336969633660529,0.2786841786852697,0.036616745224124066,0.21780800652440363,123.0,0.05796699611447326,0.006023148484239682,0.1527030940589179,0.05780183493451835,-1.1054925528907067,False,-0.0011952987501049409,-0.017444261265975404,0.01580776587650142,0.014566268752011058,0.018525606577807052,0.011853573152916574,-0.04211365739337922,Surprise,-0.04211365739337922
Agra,2020-04-01,16,0.01771694536000718,0.03526560785758187,0.06200291094864947,0.3508695702766999,0.27673476608470077,0.10137246391968799,0.15603774302871892,1.0000000074760462,2020-03-01,1.0,0.03351442603445493,0.028173211697920558,0.06540200732387144,0.35153590241254007,0.29720978526307673,0.04847031837704064,0.1756943491310244,82.0,0.0818830842459743,0.007697914634972158,0.1527030940589179,0.05780183493451835,-0.8264114222834836,False,-0.01579748067444775,0.007092396159661313,-0.003399096375221969,-0.0006663321358401642,-0.020475019178375964,0.05290214554264735,-0.01965660610230549,Sadness,0.05290214554264735
Agra,2021-10-01,16,0.016096394043415726,0.02824041142594065,0.017432344448025064,0.2929622736846795,0.4354569183196872,0.043242275758529965,0.16656939298263745,1.0000000106629157,2021-09-01,1.0,0.02681664267826508,0.048086469566139024,0.019770546006232768,0.3596562427119352,0.1901432359203075,0.11349479923956095,0.2420320624175171,12.0,0.20023791841522753,0.13221707194366772,0.1527030940589179,0.05780183493451835,0.5546924083751497,False,-0.010720248634849355,-0.019846058140198373,-0.002338201558207704,-0.06669396902725572,0.2453136823993797,-0.07025252348103098,-0.07546266943487964,Neutral,0.2453136823993797
Agra,2022-04-01,13,0.07357720065360454,0.028207813922423254,0.04922565699178863,0.26364995834704197,0.39410958607466173,0.09885108127043794,0.09237867791671303,0.9999999751766712,2022-03-01,1.0,0.03825243831110683,0.055241837233412375,0.03752257211957694,0.2475459826393769,0.2814012044467605,0.04876406290210205,0.2912718934866671,13.0,0.20426911892582797,0.11711540153036104,0.1527030940589179,0.05780183493451835,0.6017332116209342,False,0.03532476234249771,-0.02703402331098912,0.011703084872211687,0.016103975707665058,0.11270838162790126,0.050087018368335894,-0.19889321556995407,Surprise,-0.19889321556995407
Agra,2022-07-01,13,0.05528726808440222,0.03224104458394528,0.10153594687849708,0.3627115824403098,0.22789154602931092,0.09596585913991122,0.12436675788977967,1.0000000050461562,2022-06-01,1.0,0.08090278866637322,0.0441718629550781,0.02203769895607938,0.24815957243448458,0.46886170348575845,0.03683214416642752,0.0990342408714985,11.0,0.2230475211753419,0.14756357365166173,0.1527030940589179,0.05780183493451835,0.8208617623260467,False,-0.025615520581971002,-0.011930818371132822,0.0794982479224177,0.11455201000582524,-0.24097015745644754,0.0591337149734837,0.02533251701828118,Neutral,-0.24097015745644754
Agra,2022-08-01,17,0.011959529714658801,0.018030330747612424,0.026243451297940527,0.19280398365877124,0.37577441422378316,0.07378599412657096,0.3014022812028141,0.9999999849721511,2022-07-01,1.0,0.05528726808440222,0.03224104458394528,0.10153594687849708,0.3627115824403098,0.22789154602931092,0.09596585913991122,0.12436675788977967,13.0,0.24996097785195084,0.17650564423087112,0.1527030940589179,0.05780183493451835,1.1349197251733814,False,-0.04332773836974342,-0.014210713836332853,-0.07529249558055656,-0.16990759878153858,0.14788286819447224,-0.022179865013340266,0.1770355233130344,Surprise,0.1770355233130344
Agra,2022-09-01,16,0.049734295691450776,0.0448813172151858,0.05523773137610983,0.4069833102985285,0.29832038158201607,0.015207389107672439,0.12963557145121735,0.9999999967221807,2022-08-01,1.0,0.011959529714658801,0.018030330747612424,0.026243451297940527,0.19280398365877124,0.37577441422378316,0.07378599412657096,0.3014022812028141,17.0,0.24835140169137215,0.15816621270337794,0.1527030940589179,0.05780183493451835,1.1161372916824681,False,0.037774765976791976,0.026850986467573373,0.0289942800781693,0.21417932663975728,-0.07745403264176709,-0.058578605018898514,-0.17176670975159675,Joy,0.21417932663975728
Agra,2022-10-01,19,0.03091998634810897,0.025300993446236132,0.04526330226125485,0.19587861664446163,0.41672400992951897,0.06421894761488621,0.22169414525361433,1.0000000014980812,2022-09-01,1.0,0.049734295691450776,0.0448813172151858,0.05523773137610983,0.4069833102985285,0.29832038158201607,0.015207389107672439,0.12963557145121735,16.0,0.20193239820281852,0.12809363423564857,0.1527030940589179,0.05780183493451835,0.574465597548554,False,-0.018814309343341808,-0.019580323768949665,-0.00997442911485498,-0.2111046936540669,0.1184036283475029,0.04901155850721377,0.09205857380239699,Joy,-0.2111046936540669
Agra,2022-11-01,33,0.025785842966852726,0.05566005335298757,0.047438306457038476,0.21955713676641495,0.31769599913704116,0.07176867893642995,0.2620939842714561,1.000000001888221,2022-10-01,1.0,0.03091998634810897,0.025300993446236132,0.04526330226125485,0.19587861664446163,0.41672400992951897,0.06421894761488621,0.22169414525361433,19.0,0.08764209288702843,0.022976177173856804,0.1527030940589179,0.05780183493451835,-0.7592085154416582,False,-0.005134143381256243,0.03035905990675144,0.0021750041957836266,0.023678520121953317,-0.0990280107924778,0.00754973132154374,0.04039983901784175,Neutral,-0.0990280107924778
Agra,2022-12-01,19,0.033156360916205094,0.06243615104865866,0.07607624091600114,0.22652436161756903,0.27377789148962806,0.036795546729607755,0.2912334441452434,0.9999999968629132,2022-11-01,1.0,0.025785842966852726,0.05566005335298757,0.047438306457038476,0.21955713676641495,0.31769599913704116,0.07176867893642995,0.2620939842714561,33.0,0.0780892161491293,0.010909658758197827,0.1527030940589179,0.05780183493451835,-0.870682750939761,False,0.007370517949352368,0.006776097695671092,0.028637934458962663,0.006967224851154086,-0.04391810764741311,-0.034973132206822195,0.0291394598737873,Neutral,-0.04391810764741311
Agra,2023-01-01,21,0.047994251210530726,0.015440167604191632,0.04586153632650769,0.24937618098643027,0.3598678688341308,0.027890180730970434,0.2535697986327466,0.9999999843255081,2022-12-01,1.0,0.033156360916205094,0.06243615104865866,0.07607624091600114,0.22652436161756903,0.27377789148962806,0.036795546729607755,0.2912334441452434,19.0,0.11974619289110881,0.023319124575184813,0.1527030940589179,0.05780183493451835,-0.3845800027433414,False,0.014837890294325633,-0.04699598344446703,-0.03021470458949345,0.022851819368861243,0.08608997734450274,-0.00890536599863732,-0.03766364551249679,Neutral,0.08608997734450274
Agra,2023-02-01,18,0.009862387992648578,0.051234641122088406,0.015228500615598384,0.3385201275555624,0.40434170493649113,0.018148471821202963,0.16266416584969393,0.9999999998932857,2023-01-01,1.0,0.047994251210530726,0.015440167604191632,0.04586153632650769,0.24937618098643027,0.3598678688341308,0.027890180730970434,0.2535697986327466,21.0,0.1596602783203591,0.0353597451831652,0.1527030940589179,0.05780183493451835,0.08118463349231352,False,-0.038131863217882145,0.035794473517896774,-0.030633035710909307,0.0891439465691321,0.04447383610236033,-0.009741708909767471,-0.09090563278305266,Surprise,-0.09090563278305266
Agra,2023-03-01,18,0.016707843686971365,0.04695816002398104,0.02814626817901925,0.2345129711967375,0.30953081464394927,0.1026843475669415,0.26145958346832127,0.9999999887659212,2023-02-01,1.0,0.009862387992648578,0.051234641122088406,0.015228500615598384,0.3385201275555624,0.40434170493649113,0.018148471821202963,0.16266416584969393,18.0,0.17747407797343312,0.05926198539173699,0.1527030940589179,0.05780183493451835,0.2890570631411346,False,0.006845455694322787,-0.004276481098107368,0.012917767563420866,-0.10400715635882488,-0.09481089029254186,0.08453587574573854,0.09879541761862734,Joy,-0.10400715635882488
Agra,2023-04-01,16,0.025283629511250138,0.0837682694982504,0.03297491875127885,0.17858008561597666,0.48830964346416295,0.036021973617607686,0.15506146667030404,0.9999999871288308,2023-03-01,1.0,0.016707843686971365,0.04695816002398104,0.02814626817901925,0.2345129711967375,0.30953081464394927,0.1026843475669415,0.26145958346832127,18.0,0.1743098473044022,0.0892490739276085,0.1527030940589179,0.05780183493451835,0.25213308678849444,False,0.008575785824278773,0.03681010947426937,0.004828650572259601,-0.055932885580760844,0.17877882882021368,-0.06666237394933382,-0.10639811679801722,Neutral,0.17877882882021368
Agra,2023-05-01,19,0.016286902552421496,0.07617321588086744,0.02936602504556308,0.4570940597730346,0.2366170708065558,0.01940551555813529,0.16505720550929634,0.9999999951258741,2023-04-01,1.0,0.025283629511250138,0.0837682694982504,0.03297491875127885,0.17858008561597666,0.48830964346416295,0.036021973617607686,0.15506146667030404,16.0,0.23632800354066572,0.23419830739515402,0.1527030940589179,0.05780183493451835,0.9758340978160663,False,-0.008996726958828642,-0.007595053617382969,-0.003608893705715769,0.2785139741570579,-0.25169257265760714,-0.016616458059472396,0.009995738838992296,Joy,0.2785139741570579
Agra,2023-08-01,17,0.01977079857811874,0.039027195838143014,0.029242631023996192,0.33289779850062634,0.301615093355341,0.027309637311298134,0.25013684894999155,1.000000003557515,2023-07-01,1.0,0.01303373615850098,0.04346522721144451,0.03135754241057752,0.4245041629976847,0.27029016749425366,0.04292105868543407,0.1744281039573252,11.0,0.08888461062740446,0.027034997416732542,0.1527030940589179,0.05780183493451835,-0.7447093526238504,False,0.006737062419617759,-0.004438031373301496,-0.0021149113865813265,-0.09160636449705833,0.031324925861087316,-0.015611421374135934,0.07570874499266636,Joy,-0.09160636449705833
Agra,2023-09-01,16,0.052998465653217815,0.02491433292743745,0.017899987207783807,0.25483540754066775,0.4445118650328368,0.11323109205113721,0.09160885268647687,1.0000000030995577,2023-08-01,1.0,0.01977079857811874,0.039027195838143014,0.029242631023996192,0.33289779850062634,0.301615093355341,0.027309637311298134,0.25013684894999155,17.0,0.21933622838975583,0.10830528211637647,0.1527030940589179,0.05780183493451835,0.7775540198172896,False,0.033227667075099075,-0.014112862910705563,-0.011342643816212385,-0.0780623909599586,0.14289677167749582,0.08592145473983907,-0.1585279962635147,Surprise,-0.1585279962635147
Agra,2024-02-01,22,0.020431018413298453,0.013628323684150135,0.02045612698632541,0.36174043710343534,0.2516399007290601,0.06729671781332312,0.26480748208070337,1.0000000068102959,2024-01-01,1.0,0.06223409055229763,0.07860997431654185,0.10466825046368233,0.3025234170123248,0.24508309991736157,0.06415941387316894,0.14272177158119642,19.0,0.21056255449176967,0.05598227989566262,0.1527030940589179,0.05780183493451835,0.6751724422965104,False,-0.04180307213899918,-0.06498165063239171,-0.08421212347735693,0.05921702009111052,0.006556800811698543,0.0031373039401541847,0.12208571049950695,Surprise,0.12208571049950695
Agra,2024-03-01,31,0.021589705440771507,0.026676563803301776,0.022788176033270293,0.3130067837529726,0.2945060676354314,0.09865458400153941,0.2227781246446313,1.0000000053119182,2024-02-01,1.0,0.020431018413298453,0.013628323684150135,0.02045612698632541,0.36174043710343534,0.2516399007290601,0.06729671781332312,0.26480748208070337,22.0,0.07235047828901532,0.012768430246237084,0.1527030940589179,0.05780183493451835,-0.93764911439573,False,0.0011586870274730536,0.01304824011915164,0.0023320490469448847,-0.04873365335046276,0.042866166906371295,0.03135786618821629,-0.042029357436072085,Joy,-0.04873365335046276
Agra,2024-04-01,20,0.04912616349174635,0.03299269143608393,0.054045262892032,0.3313807157450356,0.27448826096951956,0.0623456786619499,0.1956212489167228,1.00000002211309,2024-03-01,1.0,0.021589705440771507,0.026676563803301776,0.022788176033270293,0.3130067837529726,0.2945060676354314,0.09865458400153941,0.2227781246446313,31.0,0.09490125912439956,0.0092172813371586,0.1527030940589179,0.05780183493451835,-0.6745,False,0.027536458050974846,0.006316127632782154,0.031257086858761704,0.018373931992062997,-0.020017806665911853,-0.03630890533958951,-0.02715687572790848,Sadness,-0.03630890533958951
Agra,2024-05-01,15,0.02786998349086686,0.021886774074907044,0.04719335109693925,0.2999216805833081,0.25282861435165005,0.15889805228604623,0.19140153812865413,0.9999999940123716,2024-04-01,1.0,0.04912616349174635,0.03299269143608393,0.054045262892032,0.3313807157450356,0.27448826096951956,0.0623456786619499,0.1956212489167228,20.0,0.11700837925399836,0.02471414965127039,0.1527030940589179,0.05780183493451835,-0.41652804211480793,False,-0.021256180000879494,-0.011105917361176887,-0.006851911795092751,-0.03145903516172749,-0.02165964661786951,0.09655237362409633,-0.004219710788068681,Sadness,0.09655237362409633
Agra,2024-08-01,19,0.013205335202847416,0.03378389362478624,0.04216692786614749,0.33781427544492637,0.3819746405474449,0.06592899812140351,0.12512592775257006,0.999999998560126,2024-07-01,1.0,0.016269791405647938,0.0419558926210315,0.0389871368375183,0.1733263446949422,0.38094752823764627,0.06673079221086065,0.28178251339969307,11.0,0.171112422006261,0.09407415583730738,0.1527030940589179,0.05780183493451835,0.21482175634302617,False,-0.0030644562028005213,-0.00817199899624526,0.0031797910286291836,0.16448793074998416,0.0010271123097986279,-0.0008017940894571307,-0.156656585647123,Joy,0.16448793074998416
Agra,2024-11-01,25,0.015822050576098215,0.07130367207806552,0.07940043142531063,0.29905290092341597,0.31808689648285504,0.04675304019823666,0.16958103621378537,1.0000000278977674,2024-10-01,1.0,0.023557038110447993,0.055493938014842516,0.043262298777699444,0.20917336237616832,0.37181999906897545,0.06279875149484719,0.23389462362974878,20.0,0.10855223183474509,0.03505920451464506,0.1527030940589179,0.05780183493451835,-0.5152043460893758,False,-0.007734987534349778,0.01580973406322301,0.03613813264761118,0.08987953854724764,-0.05373310258612041,-0.016045711296610532,-0.06431358741596341,Joy,0.08987953854724764
Agra,2024-12-01,10,0.03052424624911505,0.09922557032550681,0.01843427536077791,0.2892362092621624,0.40491266585886476,0.02771643777377898,0.1299506187322549,1.0000000235624609,2024-11-01,1.0,0.015822050576098215,0.07130367207806552,0.07940043142531063,0.29905290092341597,0.31808689648285504,0.04675304019823666,0.16958103621378537,25.0,0.13329609686847171,0.024514437907060427,0.1527030940589179,0.05780183493451835,-0.2264637380419701,False,0.014702195673016834,0.02792189824744129,-0.06096615606453272,-0.00981669166125354,0.08682576937600972,-0.01903660242445768,-0.039630417481530456,Neutral,0.08682576937600972
Bali,2019-03-01,11,0.057803223650394475,0.054769440268335634,0.26642188200176775,0.1763551310128109,0.3370865230363878,0.0417646055998788,0.06579920638945286,1.0000000119590282,2019-02-01,1.0,0.048038772971873756,0.035555908530821155,0.08333460170575153,0.3299865951962096,0.29611538628685385,0.07068177384401977,0.13628696491812453,36.0,0.21705102617755734,0.14182086774134361,0.11978243373689518,0.04481276760243326,1.4640395831670132,False,0.00976445067852072,0.01921353173751448,0.18308728029601623,-0.1536314641833987,0.040971136749533954,-0.02891716824414097,-0.07048775852867167,Fear,0.18308728029601623
Bali,2019-04-01,45,0.04967960789540984,0.05841159050404607,0.0670912605632717,0.30658847493533453,0.3126743658652736,0.06713967927369388,0.1384150142419255,0.9999999932789552,2019-03-01,1.0,0.057803223650394475,0.054769440268335634,0.26642188200176775,0.1763551310128109,0.3370865230363878,0.0417646055998788,0.06579920638945286,11.0,0.22195742686547906,0.13940487807641888,0.11978243373689518,0.04481276760243326,1.5378883419261915,False,-0.008123615754984638,0.003642150235710434,-0.19933062143849606,0.13023334392252364,-0.024412157171114224,0.025375073673815078,0.07261580785247265,Fear,-0.19933062143849606
Bali,2019-05-01,140,0.0487861492912218,0.05532570299567717,0.04407679920883047,0.3978343234964995,0.288801989804155,0.05270900951665156,0.1124660191990967,0.9999999935121322,2019-04-01,1.0,0.04967960789540984,0.05841159050404607,0.0670912605632717,0.30658847493533453,0.3126743658652736,0.06713967927369388,0.1384150142419255,45.0,0.07436715075478419,0.017982161821487486,0.11978243373689518,0.04481276760243326,-0.6835687686865956,False,-0.0008934586041880396,-0.003085887508368898,-0.02301446135444124,0.09124584856116497,-0.023872376061118583,-0.014430669757042318,-0.025948995042828812,Joy,0.09124584856116497
Bali,2019-06-01,17,0.0357750580673489,0.02900878213318608,0.05705650039154156,0.39260769743636686,0.2230336880859206,0.05493244243895301,0.20758582837879652,0.9999999969321136,2019-05-01,1.0,0.0487861492912218,0.05532570299567717,0.04407679920883047,0.3978343234964995,0.288801989804155,0.05270900951665156,0.1124660191990967,140.0,0.11100404132067555,0.027619115981501796,0.11978243373689518,0.04481276760243326,-0.13212809655654104,False,-0.013011091223872895,-0.02631692086249109,0.012979701182711093,-0.005226626060132633,-0.06576830171823439,0.002223432922301448,0.09511980917969982,Surprise,0.09511980917969982
Bali,2019-07-01,40,0.0347057589620817,0.06311293659964572,0.12407227910589422,0.2506642550084507,0.3379874754638877,0.08903365493752058,0.10042365501285526,1.0000000150903359,2019-06-01,1.0,0.0357750580673489,0.02900878213318608,0.05705650039154156,0.39260769743636686,0.2230336880859206,0.05493244243895301,0.20758582837879652,17.0,0.18699825776232445,0.10650231320229342,0.11978243373689518,0.04481276760243326,1.011699917920051,False,-0.0010692991052672005,0.03410415446645963,0.06701577871435266,-0.14194344242791618,0.11495378737796708,0.03410121249856757,-0.10716217336594126,Joy,-0.14194344242791618
Bali,2019-08-01,159,0.043193732107529643,0.06593667347542058,0.05562739541941558,0.3398474197858159,0.30634731750747873,0.06441309871942784,0.12463436061194244,0.9999999976270306,2019-07-01,1.0,0.0347057589620817,0.06311293659964572,0.12407227910589422,0.2506642550084507,0.3379874754638877,0.08903365493752058,0.10042365501285526,40.0,0.11110830348794626,0.03163712427112042,0.11978243373689518,0.04481276760243326,-0.13055879308374524,False,0.008487973145447941,0.0028237368757748627,-0.06844488368647864,0.08918316477736521,-0.031640157956408954,-0.02462055621809274,0.02421070559908718,Joy,0.08918316477736521
Bali,2019-09-01,21,0.06451982658888608,0.07808698727638412,0.07269764905573707,0.2834175190932694,0.24125596211247496,0.15447413135275595,0.10554792481430225,1.0000000002938099,2019-08-01,1.0,0.043193732107529643,0.06593667347542058,0.05562739541941558,0.3398474197858159,0.30634731750747873,0.06441309871942784,0.12463436061194244,159.0,0.12266745085711452,0.03283939429463023,0.11978243373689518,0.04481276760243326,0.04342387564302728,False,0.021326094481356438,0.012150313800963541,0.01707025363632149,-0.0564299006925465,-0.06509135539500377,0.09006103263332811,-0.01908643579764019,Sadness,0.09006103263332811
Bali,2019-10-01,40,0.020238825489650433,0.0631862242124043,0.09893929560639657,0.33951420945231797,0.3329925974830985,0.0357407986070029,0.10938804389443244,0.9999999947453031,2019-09-01,1.0,0.06451982658888608,0.07808698727638412,0.07269764905573707,0.2834175190932694,0.24125596211247496,0.15447413135275595,0.10554792481430225,21.0,0.18003810958845207,0.054392003684989754,0.11978243373689518,0.04481276760243326,0.9069391500753528,False,-0.04428100109923565,-0.014900763063979819,0.026241646550659498,0.05609669035904857,0.09173663537062354,-0.11873333274575305,0.003840119080130183,Sadness,-0.11873333274575305
Bali,2019-11-01,180,0.032439137452941656,0.03601644104750848,0.0610159801949824,0.3926593818656531,0.31099035040889345,0.047949019616417954,0.11892969093557133,1.0000000015219683,2019-10-01,1.0,0.020238825489650433,0.0631862242124043,0.09893929560639657,0.33951420945231797,0.3329925974830985,0.0357407986070029,0.10938804389443244,40.0,0.08103229708988284,0.010445385597130374,0.11978243373689518,0.04481276760243326,-0.5832482251551593,False,0.012200311963291223,-0.027169783164895822,-0.037923315411414166,0.05314517241333511,-0.02200224707420506,0.012208221009415057,0.009541647041138898,Joy,0.05314517241333511
Bali,2019-12-01,44,0.03093462072799655,0.0303181686031166,0.07350259314063635,0.31126074646917085,0.3925154554996301,0.052453707411504215,0.10901470009279857,0.9999999919448532,2019-11-01,1.0,0.032439137452941656,0.03601644104750848,0.0610159801949824,0.3926593818656531,0.31099035040889345,0.047949019616417954,0.11892969093557133,180.0,0.07283985239007155,0.024861074209526657,0.11978243373689518,0.04481276760243326,-0.7065569214411408,False,-0.0015045167249451048,-0.005698272444391878,0.012486612945653952,-0.08139863539648223,0.08152510509073663,0.004504687795086261,-0.009914990842772767,Neutral,0.08152510509073663
Bali,2020-01-01,94,0.036281717661892,0.051722911704812115,0.061520905534246335,0.35340279740519187,0.2957672389779002,0.0730389987398434,0.128265437258883,1.0000000072827688,2019-12-01,1.0,0.03093462072799655,0.0303181686031166,0.07350259314063635,0.31126074646917085,0.3925154554996301,0.052453707411504215,0.10901470009279857,44.0,0.08428225879865602,0.022633636789156864,0.11978243373689518,0.04481276760243326,-0.5343313809197124,False,0.005347096933895446,0.021404743101695514,-0.01198168760639002,0.042142050936021025,-0.09674821652172988,0.020585291328339188,0.019250737166084442,Neutral,-0.09674821652172988
Bali,2020-02-01,91,0.04864665276145784,0.06531227522678054,0.07224089498337415,0.2825903531015533,0.33405799135709036,0.05646795035304067,0.14068386976474093,0.9999999875480376,2020-01-01,1.0,0.036281717661892,0.051722911704812115,0.061520905534246335,0.35340279740519187,0.2957672389779002,0.0730389987398434,0.128265437258883,94.0,0.0655325316808474,0.015172797856766396,0.11978243373689518,0.04481276760243326,-0.8165431615702612,False,0.012364935099565842,0.013589363521968427,0.01071998944912781,-0.07081244430363859,0.03829075237919016,-0.016571048386802734,0.012418432505857918,Joy,-0.07081244430363859
Bali,2020-03-01,48,0.055171185107610606,0.07429452829092038,0.037549856324403615,0.3460333457357289,0.29242083485587494,0.0665951529105465,0.12793510424429158,1.0000000074693767,2020-02-01,1.0,0.04864665276145784,0.06531227522678054,0.07224089498337415,0.2825903531015533,0.33405799135709036,0.05646795035304067,0.14068386976474093,91.0,0.07543701308888402,0.015680970752042334,0.11978243373689518,0.04481276760243326,-0.6674657207616743,False,0.006524532346152766,0.008982253064139842,-0.03469103865897053,0.06344299263417563,-0.04163715650121541,0.010127202557505835,-0.012748765520449346,Joy,0.06344299263417563
Bali,2020-04-01,22,0.05696482986571601,0.052001018595712385,0.02750710836103689,0.44478282235054806,0.24575000529346813,0.06200070714112367,0.11099348178091031,0.9999999733885154,2020-03-01,1.0,0.055171185107610606,0.07429452829092038,0.037549856324403615,0.3460333457357289,0.29242083485587494,0.0665951529105465,0.12793510424429158,48.0,0.07635957390940713,0.021102695305239005,0.11978243373689518,0.04481276760243326,-0.6535797836340363,False,0.0017936447581054019,-0.022293509695208,-0.010042747963366724,0.09874947661481914,-0.04667082956240681,-0.0045944457694228336,-0.016941622463381267,Joy,0.09874947661481914
Bali,2020-05-01,12,0.029484253881188693,0.026102689870943597,0.13437640198875062,0.24533845546344912,0.4475535807820658,0.03193172470976904,0.08521289308555419,0.999999999781721,2020-04-01,1.0,0.05696482986571601,0.052001018595712385,0.02750710836103689,0.44478282235054806,0.24575000529346813,0.06200070714112367,0.11099348178091031,22.0,0.23757259630995473,0.1666080185074197,0.11978243373689518,0.04481276760243326,1.7729202837990907,False,-0.027480575984527314,-0.02589832872476879,0.10686929362771372,-0.19944436688709893,0.20180357548859768,-0.030068982431354634,-0.025780588695356127,Neutral,0.20180357548859768
Bali,2022-05-01,31,0.04078075249544189,0.049656657746151765,0.14179763286149183,0.19872207693462707,0.41051392545623167,0.05763387230915885,0.10089507786136477,0.9999999956644678,2022-04-01,1.0,0.022310957251312647,0.030820406798738917,0.013698847327185258,0.5328501307307497,0.27918135325767485,0.03508273733926835,0.08605556019679883,19.0,0.2842011125742945,0.22098605790112702,0.11978243373689518,0.04481276760243326,2.4747500502469326,False,0.018469795244129245,0.01883625094741285,0.12809878553430656,-0.33412805379612265,0.13133257219855682,0.022551134969890495,0.01483951766456594,Joy,-0.33412805379612265
Bali,2022-06-01,17,0.011350761051289694,0.009194159250268105,0.013114070362301836,0.32462992039783034,0.523464613539331,0.016204434666125166,0.10204202133943048,0.9999999806065768,2022-05-01,1.0,0.04078075249544189,0.049656657746151765,0.14179763286149183,0.19872207693462707,0.41051392545623167,0.05763387230915885,0.10089507786136477,31.0,0.2459966438453288,0.05280540779381249,0.11978243373689518,0.04481276760243326,1.8997149534124282,False,-0.029429991444152197,-0.04046249849588366,-0.12868356249919,0.12590784346320327,0.11295068808309938,-0.04142943764303368,0.0011469434780657095,Fear,-0.12868356249919
Bali,2022-07-01,54,0.03324787654047309,0.030868186446174038,0.04624255792953553,0.40967257023806236,0.3505032785361874,0.04061380694447839,0.08885172555326584,1.0000000021881768,2022-06-01,1.0,0.011350761051289694,0.009194159250268105,0.013114070362301836,0.32462992039783034,0.523464613539331,0.016204434666125166,0.10204202133943048,17.0,0.15754249651512714,0.050204199181019815,0.11978243373689518,0.04481276760243326,0.5683461144349077,False,0.021897115489183397,0.021674027195905932,0.03312848756723369,0.08504264984023202,-0.17296133500314365,0.02440937227835322,-0.013190295786164638,Neutral,-0.17296133500314365
Bali,2022-08-01,39,0.04913416242776196,0.07226647310054451,0.027676079914761804,0.25707473203641334,0.3232412690965411,0.11434106107872835,0.15626621007238725,0.9999999877271384,2022-07-01,1.0,0.03324787654047309,0.030868186446174038,0.04624255792953553,0.40967257023806236,0.3505032785361874,0.04061380694447839,0.08885172555326584,54.0,0.17069933527754627,0.05617468390467473,0.11978243373689518,0.04481276760243326,0.7663764575724257,False,0.015886285887288867,0.04139828665437048,-0.018566478014773725,-0.15259783820164902,-0.027262009439646295,0.07372725413424996,0.06741448451912141,Joy,-0.15259783820164902
Bali,2022-09-01,34,0.0694385901887846,0.06945355955223712,0.029728269009330423,0.2625999869744512,0.35539166223915186,0.1003128795418888,0.1130750578732284,1.0000000053790725,2022-08-01,1.0,0.04913416242776196,0.07226647310054451,0.027676079914761804,0.25707473203641334,0.3232412690965411,0.11434106107872835,0.15626621007238725,39.0,0.05718235505831128,0.007606340488765184,0.11978243373689518,0.04481276760243326,-0.9422259621030896,False,0.020304427761022634,-0.0028129135483073997,0.0020521890945686197,0.005525254938037849,0.032150393142610756,-0.014028181536839546,-0.04319115219915885,Surprise,-0.04319115219915885
Bali,2022-10-01,33,0.05458728560585186,0.050741574014395885,0.04937777312289015,0.3317263540317953,0.33083524276982196,0.12191735033058754,0.06081443505051232,1.0000000149258548,2022-09-01,1.0,0.0694385901887846,0.06945355955223712,0.029728269009330423,0.2625999869744512,0.35539166223915186,0.1003128795418888,0.1130750578732284,34.0,0.09569821694498215,0.0194296720288355,0.11978243373689518,0.04481276760243326,-0.36250392678856264,False,-0.014851304582932733,-0.01871198553784123,0.019649504113559726,0.0691263670573441,-0.024556419469329904,0.021604470788698732,-0.05226062282271608,Joy,0.0691263670573441
Bali,2022-11-01,20,0.060100282076746184,0.09896569509292016,0.11651920939912083,0.06381057848921041,0.42771946024149654,0.14078828208148475,0.09209647914976808,0.999999986530747,2022-10-01,1.0,0.05458728560585186,0.050741574014395885,0.04937777312289015,0.3317263540317953,0.33083524276982196,0.12191735033058754,0.06081443505051232,33.0,0.25643828633368154,0.18296731922210774,0.11978243373689518,0.04481276760243326,2.056877481754273,False,0.005512996470894323,0.04822412107852428,0.06714143627623068,-0.2679157755425849,0.09688421747167458,0.018870931750897213,0.031282044099255765,Joy,-0.2679157755425849
Bali,2022-12-01,68,0.0472018064508173,0.04601796287598138,0.10681302548533382,0.39856303688344163,0.25847408512388076,0.05818931688212182,0.08474075443604408,0.9999999881376208,2022-11-01,1.0,0.060100282076746184,0.09896569509292016,0.11651920939912083,0.06381057848921041,0.42771946024149654,0.14078828208148475,0.09209647914976808,20.0,0.30391492043316365,0.3046381377121834,0.11978243373689518,0.04481276760243326,2.7714727056913433,False,-0.012898475625928885,-0.052947732216938784,-0.009706183913787012,0.33475245839423123,-0.16924537511761578,-0.08259896519936294,-0.0073557247137240045,Joy,0.33475245839423123
Bali,2023-01-01,18,0.03677898609182897,0.028497463978257802,0.024745558336791023,0.33486323372926563,0.40826628677960897,0.07733370279634574,0.08951475049575994,0.9999999822078581,2022-12-01,1.0,0.0472018064508173,0.04601796287598138,0.10681302548533382,0.39856303688344163,0.25847408512388076,0.05818931688212182,0.08474075443604408,68.0,0.16043369048843942,0.059169716016463036,0.11978243373689518,0.04481276760243326,0.6118629610688845,False,-0.010422820358988331,-0.01752049889772358,-0.0820674671485428,-0.063699803154176,0.1497922016557282,0.019144385914223926,0.00477399605971586,Neutral,0.1497922016557282
Bali,2023-02-01,14,0.020984356457899672,0.03632410035269063,0.06828547365564316,0.23355733042782437,0.4865546713450125,0.08238831286351857,0.07190573867410417,0.9999999837766931,2023-01-01,1.0,0.03677898609182897,0.028497463978257802,0.024745558336791023,0.33486323372926563,0.40826628677960897,0.07733370279634574,0.08951475049575994,18.0,0.11577115240546293,0.03102072778723819,0.11978243373689518,0.04481276760243326,-0.06037585721226781,False,-0.015794629633929295,0.00782663637443283,0.04353991531885214,-0.10130590330144126,0.07828838456540355,0.005054610067172824,-0.017609011821655765,Joy,-0.10130590330144126
Bali,2023-03-01,26,0.09621911438164082,0.059525056102966774,0.04909115746088965,0.32819294831894624,0.3341333541051986,0.05820217282206818,0.07463619272367882,0.9999999959153891,2023-02-01,1.0,0.020984356457899672,0.03632410035269063,0.06828547365564316,0.23355733042782437,0.4865546713450125,0.08238831286351857,0.07190573867410417,14.0,0.16573454280996566,0.06441726174873319,0.11978243373689518,0.04481276760243326,0.6916488141228546,False,0.07523475792374115,0.023200955750276142,-0.019194316194753515,0.09463561789112188,-0.1524213172398139,-0.024186140041450387,0.002730454049574643,Neutral,-0.1524213172398139
Bali,2023-04-01,35,0.05508511273157113,0.06984951971764007,0.06638324713567267,0.39959724361875226,0.2971689504238643,0.042496982569407094,0.06941893394105131,0.9999999901379588,2023-03-01,1.0,0.09621911438164082,0.059525056102966774,0.04909115746088965,0.32819294831894624,0.3341333541051986,0.05820217282206818,0.07463619272367882,26.0,0.08151639706288721,0.016276007256792013,0.11978243373689518,0.04481276760243326,-0.5759617876227066,False,-0.041134001650069696,0.010324463614673297,0.017292089674783025,0.07140429529980602,-0.0369644036813343,-0.015705190252661087,-0.005217258782627507,Joy,0.07140429529980602
Bali,2023-05-01,25,0.03910308166174214,0.022794023393653277,0.08611086205346506,0.3683390168752521,0.4087357470486313,0.03304562278091903,0.04187163498252626,0.9999999887961891,2023-04-01,1.0,0.05508511273157113,0.06984951971764007,0.06638324713567267,0.39959724361875226,0.2971689504238643,0.042496982569407094,0.06941893394105131,35.0,0.11978243373689518,0.026102057912024468,0.11978243373689518,0.04481276760243326,0.0,False,-0.01598203106982899,-0.0470554963239868,0.019727614917792388,-0.03125822674350015,0.11156679662476698,-0.009451359788488066,-0.02754729895852505,Neutral,0.11156679662476698
Bali,2023-06-01,15,0.02215869368907679,0.0709371701542598,0.08041898466181004,0.3622392248362302,0.33733347831293936,0.039917071039477926,0.08699537388359503,0.9999999965773891,2023-05-01,1.0,0.03910308166174214,0.022794023393653277,0.08611086205346506,0.3683390168752521,0.4087357470486313,0.03304562278091903,0.04187163498252626,25.0,0.11680689219689407,0.01346228081817158,0.11978243373689518,0.04481276760243326,-0.0447864052168421,False,-0.01694438797266535,0.04814314676060652,-0.005691877391655026,-0.00609979203902189,-0.07140226873569194,0.006871448258558899,0.04512373890106877,Neutral,-0.07140226873569194
Bali,2023-07-01,35,0.047873966597087106,0.031691458337341515,0.03585620280355211,0.3785556373452501,0.33215256229575185,0.11922131623806694,0.05464884137867813,0.9999999849957277,2023-06-01,1.0,0.02215869368907679,0.0709371701542598,0.08041898466181004,0.3622392248362302,0.33733347831293936,0.039917071039477926,0.08699537388359503,15.0,0.15147864522772406,0.021674941383359014,0.11978243373689518,0.04481276760243326,0.4770759717461242,False,0.025715272908010317,-0.03924571181691828,-0.044562781858257926,0.016316412509019884,-0.005180916017187509,0.079304245198589,-0.032346532504916904,Sadness,0.079304245198589
Bali,2023-08-01,55,0.017661043861880846,0.06447021707532584,0.0411700142933775,0.3604283878177574,0.30162833969701414,0.127196094347164,0.08744589289311654,0.9999999899856362,2023-07-01,1.0,0.047873966597087106,0.031691458337341515,0.03585620280355211,0.3785556373452501,0.33215256229575185,0.11922131623806694,0.05464884137867813,35.0,0.09493295968505792,0.007309793844054835,0.11978243373689518,0.04481276760243326,-0.37402220716789947,False,-0.03021292273520626,0.032778758737984325,0.00531381148982539,-0.018127249527492728,-0.030524222598737716,0.007974778109097067,0.03279705151443841,Surprise,0.03279705151443841
Bali,2023-09-01,28,0.09382922218147928,0.036224324745749666,0.07368788604591305,0.26818649130707073,0.370620408677496,0.03942582095623943,0.11802583803988191,0.9999999919538302,2023-08-01,1.0,0.017661043861880846,0.06447021707532584,0.0411700142933775,0.3604283878177574,0.30162833969701414,0.127196094347164,0.08744589289311654,55.0,0.192596037069104,0.059971102244481655,0.11978243373689518,0.04481276760243326,1.0959549716565176,False,0.07616817831959843,-0.028245892329576174,0.032517871752535545,-0.09224189651068665,0.06899206898048188,-0.08777027339092458,0.030579945146765375,Joy,-0.09224189651068665
Bali,2023-10-01,44,0.05323019061920186,0.08961762089695015,0.06935082869643912,0.31957288331084943,0.3068697924080135,0.07929407181324094,0.08206460312860801,0.9999999908733029,2023-09-01,1.0,0.09382922218147928,0.036224324745749666,0.07368788604591305,0.26818649130707073,0.370620408677496,0.03942582095623943,0.11802583803988191,28.0,0.12799555108915284,0.029787938462328967,0.11978243373689518,0.04481276760243326,0.12361985100418105,False,-0.04059903156227742,0.05339329615120048,-0.004337057349473927,0.0513863920037787,-0.06375061626948253,0.03986825085700151,-0.0359612349112739,Neutral,-0.06375061626948253
Bali,2023-11-01,26,0.06203365904422328,0.07416429019604734,0.08795448944483018,0.32834448989104614,0.3575122398861612,0.026479182818617917,0.06351164514377995,0.999999996424706,2023-10-01,1.0,0.05323019061920186,0.08961762089695015,0.06935082869643912,0.31957288331084943,0.3068697924080135,0.07929407181324094,0.08206460312860801,44.0,0.09783444099482644,0.011104129786393857,0.11978243373689518,0.04481276760243326,-0.3303505205449872,False,0.008803468425021423,-0.01545333070090281,0.018603660748391065,0.008771606580196711,0.05064244747814772,-0.05281488899462303,-0.01855295798482806,Sadness,-0.05281488899462303
Bali,2023-12-01,29,0.04086843322850118,0.05064513058208953,0.10296892185478693,0.3212485030646725,0.34523932571555005,0.030614142948440375,0.10841554518917507,1.0000000025832154,2023-11-01,1.0,0.06203365904422328,0.07416429019604734,0.08795448944483018,0.32834448989104614,0.3575122398861612,0.026479182818617917,0.06351164514377995,26.0,0.07496966613446192,0.006712254042464005,0.11978243373689518,0.04481276760243326,-0.6745,False,-0.021165225815722104,-0.023519159613957806,0.015014432409956743,-0.007095986826373635,-0.01227291417061116,0.004134960129822458,0.044903900045395115,Surprise,0.044903900045395115
Bali,2024-01-01,37,0.03708658618160292,0.08076961265367175,0.10689525662235458,0.37550696036526676,0.2736391641476468,0.07053867114292503,0.05556374397191743,0.9999999950853853,2023-12-01,1.0,0.04086843322850118,0.05064513058208953,0.10296892185478693,0.3212485030646725,0.34523932571555005,0.030614142948440375,0.10841554518917507,29.0,0.11542699331728863,0.027071515600297635,0.11978243373689518,0.04481276760243326,-0.06555597255423921,False,-0.003781847046898261,0.030124482071582213,0.003926334767567652,0.054258457300594254,-0.07160016156790328,0.03992452819448465,-0.05285180121725764,Neutral,-0.07160016156790328
Bali,2024-02-01,30,0.027691613126080438,0.04898847111035134,0.056465250930826445,0.4186762815302548,0.24621552168391642,0.09585574389590569,0.1061071059123302,0.9999999881896654,2024-01-01,1.0,0.03708658618160292,0.08076961265367175,0.10689525662235458,0.37550696036526676,0.2736391641476468,0.07053867114292503,0.05556374397191743,37.0,0.11043985351732923,0.017956605034321282,0.11978243373689518,0.04481276760243326,-0.1406199771904976,False,-0.00939497305552248,-0.03178114154332041,-0.05043000569152813,0.04316932116498806,-0.027423642463730358,0.02531707275298066,0.05054336194041278,Surprise,0.05054336194041278
Bali,2024-03-01,18,0.04217081391511273,0.10415932520279761,0.06774763264952016,0.1496523734207989,0.39387756906863713,0.0514778905263584,0.1909144024054209,1.000000007188646,2024-02-01,1.0,0.027691613126080438,0.04898847111035134,0.056465250930826445,0.4186762815302548,0.24621552168391642,0.09585574389590569,0.1061071059123302,30.0,0.23951452084566177,0.21358767840563153,0.11978243373689518,0.04481276760243326,1.8021491881808696,False,0.014479200789032292,0.05517085409244627,0.011282381718693717,-0.2690239081094559,0.14766204738472072,-0.04437785336954729,0.0848072964930907,Joy,-0.2690239081094559
Bali,2024-04-01,34,0.028329639661344923,0.06958670456558187,0.10646340449046175,0.3517993761479909,0.34008397226331427,0.03336479460738375,0.07037210684981851,0.999999998585896,2024-03-01,1.0,0.04217081391511273,0.10415932520279761,0.06774763264952016,0.1496523734207989,0.39387756906863713,0.0514778905263584,0.1909144024054209,18.0,0.20482225497945858,0.12245639910535211,0.11978243373689518,0.04481276760243326,1.2799780619886216,False,-0.013841174253767807,-0.03457262063721574,0.03871577184094159,0.202147002727192,-0.05379359680532286,-0.01811309591897465,-0.12054229555560239,Joy,0.202147002727192
Bali,2024-05-01,36,0.03916316345243503,0.0427250262194623,0.09758883839984057,0.31561236342855004,0.37211237829695976,0.027948540551329195,0.1048496839163514,0.9999999942649284,2024-04-01,1.0,0.028329639661344923,0.06958670456558187,0.10646340449046175,0.3517993761479909,0.34008397226331427,0.03336479460738375,0.07037210684981851,34.0,0.06951833570811244,0.00851286038263177,0.11978243373689518,0.04481276760243326,-0.756550776358947,False,0.010833523791090104,-0.02686167834611957,-0.008874566090621178,-0.03618701271944086,0.032028406033645485,-0.005416254056054556,0.034477577066532886,Joy,-0.03618701271944086
Bali,2024-06-01,10,0.07141044929157939,0.041773161821765784,0.02198046643752598,0.23118444029241797,0.4016560934484005,0.08095885689835991,0.15103656258434056,1.0000000307743901,2024-05-01,1.0,0.03916316345243503,0.0427250262194623,0.09758883839984057,0.31561236342855004,0.37211237829695976,0.027948540551329195,0.1048496839163514,36.0,0.16638629362513768,0.038083851035154326,0.11978243373689518,0.04481276760243326,0.7014586506572458,False,0.03224728583914436,-0.0009518643976965183,-0.0756083719623146,-0.08442792313613207,0.02954371515144072,0.05301031634703071,0.046186878667989165,Joy,-0.08442792313613207
Bali,2024-07-01,47,0.06967332848209011,0.06257907272950602,0.08129778681719235,0.25331501928752564,0.3448302415595885,0.05577645514487344,0.132528094545086,0.9999999985658621,2024-06-01,1.0,0.07141044929157939,0.041773161821765784,0.02198046643752598,0.23118444029241797,0.4016560934484005,0.08095885689835991,0.15103656258434056,10.0,0.1136400814507069,0.016055385717014592,0.11978243373689518,0.04481276760243326,-0.09245170157285779,False,-0.001737120809489276,0.02080591090774024,0.059317320379666374,0.022130578995107675,-0.05682585188881195,-0.025182401753486468,-0.018508468039254572,Fear,0.059317320379666374
Bali,2024-08-01,40,0.05538191797095347,0.08353531810862473,0.0613505470930249,0.291968524060212,0.314197287755087,0.07280152773018922,0.12076487602898847,0.9999999987470797,2024-07-01,1.0,0.06967332848209011,0.06257907272950602,0.08129778681719235,0.25331501928752564,0.3448302415595885,0.05577645514487344,0.132528094545086,47.0,0.060053005569508724,0.008927725736807668,0.11978243373689518,0.04481276760243326,-0.8990183256772255,False,-0.014291410511136637,0.020956245379118707,-0.019947239724167454,0.038653504772686365,-0.03063295380450154,0.017025072585315777,-0.011763218516097518,Joy,0.038653504772686365
Bali,2024-09-01,29,0.05431397477614464,0.08378965339366472,0.08960110288723527,0.17586508854131758,0.3893075782227619,0.13253034549315681,0.07459225163570249,0.9999999949499834,2024-08-01,1.0,0.05538191797095347,0.08353531810862473,0.0613505470930249,0.291968524060212,0.314197287755087,0.07280152773018922,0.12076487602898847,40.0,0.13334700416635367,0.05797384302733166,0.11978243373689518,0.04481276760243326,0.2041673220417871,False,-0.0010679431948088305,0.00025433528503998604,0.028250555794210375,-0.11610343551889443,0.07511029046767492,0.059728817762967595,-0.04617262439328598,Joy,-0.11610343551889443
Bali,2024-10-01,55,0.05943594797599041,0.07007774333046238,0.03728477952007031,0.34335945519534017,0.35193250175904145,0.04123954891269514,0.09667002178559246,0.9999999984791923,2024-09-01,1.0,0.05431397477614464,0.08378965339366472,0.08960110288723527,0.17586508854131758,0.3893075782227619,0.13253034549315681,0.07459225163570249,29.0,0.18295096825058,0.08181924618692815,0.11978243373689518,0.04481276760243326,0.9507820830768531,False,0.005121973199845767,-0.01371191006320234,-0.05231632336716496,0.1674943666540226,-0.03737507646372046,-0.09129079658046167,0.022077770149889972,Joy,0.1674943666540226
Barcelona,2019-03-01,51,0.01594967228262315,0.037546861731885504,0.06931263061443467,0.4611207971933718,0.2625174048703675,0.040192414584167835,0.1133602366180104,1.000000017894861,2019-02-01,1.0,0.016714536265390777,0.02201798024272759,0.046527901560345496,0.4862847002124057,0.2579620098893312,0.04661279868711019,0.1238800743891996,47.0,0.05068205357151112,0.0019420517151805816,0.1307663421089325,0.03545588703691328,-1.5234946050638514,False,-0.0007648639827676287,0.015528881489157913,0.022784729054089174,-0.02516390301903393,0.004555394981036298,-0.006420384102942357,-0.0105198377711892,Joy,-0.02516390301903393
Barcelona,2019-04-01,50,0.04321181313600387,0.0448320279945619,0.06693214355502272,0.2361259507248178,0.3696607618406415,0.11096103547140952,0.1282762674707919,1.0000000001932492,2019-03-01,1.0,0.01594967228262315,0.037546861731885504,0.06931263061443467,0.4611207971933718,0.2625174048703675,0.040192414584167835,0.1133602366180104,51.0,0.1879418247935896,0.11975541033307757,0.1307663421089325,0.03545588703691328,1.0876857496373211,False,0.02726214085338072,0.007285166262676397,-0.002380487059411948,-0.224994846468554,0.107143356970274,0.07076862088724169,0.014916030852781509,Joy,-0.224994846468554
Barcelona,2019-05-01,80,0.03238975440326608,0.041555394887109236,0.021289653281564774,0.3126565831014886,0.36151767571573146,0.078168938755698,0.1524219997983891,0.9999999999432473,2019-04-01,1.0,0.04321181313600387,0.0448320279945619,0.06693214355502272,0.2361259507248178,0.3696607618406415,0.11096103547140952,0.1282762674707919,50.0,0.10614882088364103,0.017936813198093593,0.1307663421089325,0.03545588703691328,-0.46831484004820034,False,-0.01082205873273779,-0.003276633107452666,-0.045642490273457945,0.07653063237667079,-0.008143086124910048,-0.032792096715711525,0.024145732327597202,Joy,0.07653063237667079
Barcelona,2019-06-01,170,0.024277811483069112,0.05601537165656572,0.055400226640631406,0.3907631285543389,0.31101463839466514,0.05880628501421164,0.10372254195184827,1.0000000036953303,2019-05-01,1.0,0.03238975440326608,0.041555394887109236,0.021289653281564774,0.3126565831014886,0.36151767571573146,0.078168938755698,0.1524219997983891,80.0,0.10438062710420241,0.023999397586282112,0.1307663421089325,0.03545588703691328,-0.5019523204189403,False,-0.008111942920196968,0.014459976769456484,0.03411057335906663,0.07810654545285034,-0.05050303732106631,-0.01936265374148636,-0.04869945784654084,Joy,0.07810654545285034
Barcelona,2019-07-01,40,0.0249364634553785,0.03659711653017435,0.016558030621672465,0.37699770226317925,0.3278688491787761,0.09756494067842138,0.1194769108551554,1.0000000135827574,2019-06-01,1.0,0.024277811483069112,0.05601537165656572,0.055400226640631406,0.3907631285543389,0.31101463839466514,0.05880628501421164,0.10372254195184827,170.0,0.09714539008113868,0.007481297143406507,0.1307663421089325,0.03545588703691328,-0.6395928585607651,False,0.0006586519723093889,-0.019418255126391372,-0.03884219601895894,-0.013765426291159677,0.01685421078411098,0.03875865566420974,0.015754368903307128,Fear,-0.03884219601895894
Barcelona,2019-08-01,60,0.030391115564270828,0.06683335300476752,0.027124064208570976,0.2549223170829161,0.37573014458951853,0.07871897649213978,0.16628002410579937,0.9999999950479831,2019-07-01,1.0,0.0249364634553785,0.03659711653017435,0.016558030621672465,0.37699770226317925,0.3278688491787761,0.09756494067842138,0.1194769108551554,40.0,0.11045163030188801,0.03831181817864526,0.1307663421089325,0.03545588703691328,-0.3864597464332514,False,0.0054546521088923265,0.03023623647459317,0.010566033586898511,-0.12207538518026317,0.04786129541074241,-0.018845964186281594,0.04680311325064397,Joy,-0.12207538518026317
Barcelona,2020-02-01,213,0.024699647922643755,0.035424232103603855,0.053397578712522126,0.33834056900387866,0.3377009995222669,0.07119037164593801,0.1392466006855187,0.999999999596372,2020-01-01,1.0,0.017379374090523876,0.04426549247987812,0.0680075590171327,0.354524515925732,0.29717224402286646,0.056530135785578695,0.16212067718983492,112.0,0.05103118041166309,0.005777598828876296,0.1307663421089325,0.03545588703691328,-1.5168529420464423,False,0.007320273832119879,-0.008841260376274265,-0.014609980304610568,-0.01618394692185332,0.04052875549940044,0.01466023586035932,-0.02287407650431622,Neutral,0.04052875549940044
Barcelona,2020-03-01,151,0.02861038535457125,0.024953541438795256,0.038705715903625246,0.3751347363937649,0.3233463383481732,0.06321231634756977,0.1460369651133367,0.9999999988998363,2020-02-01,1.0,0.024699647922643755,0.035424232103603855,0.053397578712522126,0.33834056900387866,0.3377009995222669,0.07119037164593801,0.1392466006855187,213.0,0.04275322055604102,0.0033406754262904625,0.1307663421089325,0.03545588703691328,-1.6743298630667538,False,0.003910737431927495,-0.010470690664808598,-0.01469186280889688,0.03679416738988622,-0.014354661174093675,-0.007978055298368245,0.006790364427817996,Joy,0.03679416738988622
Barcelona,2020-04-01,26,0.03191465892506616,0.031003496829026256,0.024941573537384614,0.32714197412133217,0.318322628020094,0.0874762197401231,0.17919943513921816,0.9999999863122444,2020-03-01,1.0,0.02861038535457125,0.024953541438795256,0.038705715903625246,0.3751347363937649,0.3233463383481732,0.06321231634756977,0.1460369651133367,151.0,0.0601437212227931,0.0071730444338337085,0.1307663421089325,0.03545588703691328,-1.3434992541043482,False,0.0033042735704949117,0.0060499553902309995,-0.013764142366240632,-0.04799276227243271,-0.005023710328079245,0.024263903392553327,0.03316247002588146,Joy,-0.04799276227243271
Barcelona,2020-08-01,17,0.014093917773981682,0.0207727507119724,0.027890700254561876,0.3681982296573765,0.45444125920424566,0.04472525786224967,0.06987785797237468,0.9999999734367624,2020-07-01,1.0,0.01752280029123299,0.03514627630270462,0.009125818241887709,0.3062580034429966,0.3993133838391966,0.10889275041753768,0.12374097714200613,27.0,0.12861077130163365,0.0171170992690981,0.1307663421089325,0.03545588703691328,-0.04100680115574,False,-0.003428882517251309,-0.014373525590732222,0.018764882012674167,0.06194022621437989,0.05512787536504904,-0.064167492555288,-0.05386311916963145,Sadness,-0.064167492555288
Barcelona,2021-08-01,19,0.019777360212940093,0.02521053872585879,0.04245365490083039,0.3257243560112424,0.40201494646699804,0.061394398259979284,0.12342475656125886,1.0000000111391079,2021-07-01,1.0,0.031348461867310065,0.03889057008200321,0.03676809496149261,0.24457203187436483,0.468090050543348,0.06376271902505924,0.11656807549297805,12.0,0.07556876105985469,0.01908435672292086,0.1307663421089325,0.03545588703691328,-1.0500588626887792,False,-0.011571101654369972,-0.013680031356144418,0.005685559939337781,0.08115232413687756,-0.06607510407634998,-0.002368320765079958,0.006856681068280801,Joy,0.08115232413687756
Barcelona,2021-09-01,15,0.020849127741530485,0.020379256911110075,0.028346562967635654,0.5313393217821916,0.24161773151718077,0.031591744348406746,0.12587623825917638,0.9999999835272317,2021-08-01,1.0,0.019777360212940093,0.02521053872585879,0.04245365490083039,0.3257243560112424,0.40201494646699804,0.061394398259979284,0.12342475656125886,19.0,0.16072241556795502,0.10135406231523869,0.1307663421089325,0.03545588703691328,0.5698735312156986,False,0.0010717675285903915,-0.004831281814748716,-0.014107091933194735,0.20561496577094918,-0.16039721494981726,-0.029802653911572538,0.002451481697917521,Joy,0.20561496577094918
Barcelona,2021-10-01,30,0.03507936186312384,0.04240081966854627,0.021164501419601287,0.3028976458086011,0.35338348819253346,0.08535936479068668,0.15971480971978352,0.9999999914628763,2021-09-01,1.0,0.020849127741530485,0.020379256911110075,0.028346562967635654,0.5313393217821916,0.24161773151718077,0.031591744348406746,0.12587623825917638,15.0,0.178024185885212,0.09978764240767635,0.1307663421089325,0.03545588703691328,0.899016166029491,False,0.014230234121593355,0.0220215627574362,-0.007182061548034368,-0.22844167597359044,0.11176575667535268,0.05376762044227993,0.03383857146060715,Joy,-0.22844167597359044
Barcelona,2021-11-01,41,0.01582702273991317,0.023882178495291617,0.08052866815208884,0.35236017246980494,0.36720964540841006,0.06528047411475416,0.09491183869427111,1.000000000074534,2021-10-01,1.0,0.03507936186312384,0.04240081966854627,0.021164501419601287,0.3028976458086011,0.35338348819253346,0.08535936479068668,0.15971480971978352,30.0,0.13511505517931602,0.020325590417558437,0.1307663421089325,0.03545588703691328,0.08272834812791177,False,-0.01925233912321067,-0.018518641173254656,0.05936416673248755,0.04946252666120382,0.0138261572158766,-0.02007889067593252,-0.06480297102551241,Surprise,-0.06480297102551241
Barcelona,2021-12-01,18,0.014704704433420833,0.02758597785658716,0.07564430049711109,0.243948063114658,0.21597711381036783,0.06589300744882262,0.35624683729838574,1.0000000044593533,2021-11-01,1.0,0.01582702273991317,0.023882178495291617,0.08052866815208884,0.35236017246980494,0.36720964540841006,0.06528047411475416,0.09491183869427111,41.0,0.23515619929485032,0.19475696052778024,0.1307663421089325,0.03545588703691328,1.9858749718656423,False,-0.0011223183064923356,0.0037037993612955428,-0.004884367654977753,-0.10841210935514695,-0.15123253159804223,0.0006125333340684658,0.26133499860411463,Surprise,0.26133499860411463
Barcelona,2022-01-01,31,0.055264147257642594,0.0701014810643579,0.04185379001747572,0.27305425502990766,0.3594000044789526,0.08931160800068845,0.11101469886489208,0.999999984713917,2021-12-01,1.0,0.014704704433420833,0.02758597785658716,0.07564430049711109,0.243948063114658,0.21597711381036783,0.06589300744882262,0.35624683729838574,18.0,0.24017531664207412,0.18124010820796133,0.1307663421089325,0.03545588703691328,2.081356849026913,False,0.04055944282422176,0.04251550320777074,-0.03379051047963537,0.029106191915249657,0.14342289066858477,0.02341860055186583,-0.24523213843349367,Surprise,-0.24523213843349367
Barcelona,2022-02-01,19,0.024323371116464033,0.09935274793411061,0.023254139851288512,0.3923378382735935,0.21688880545920441,0.04589892952016697,0.19794416157406214,0.9999999937288901,2022-01-01,1.0,0.055264147257642594,0.0701014810643579,0.04185379001747572,0.27305425502990766,0.3594000044789526,0.08931160800068845,0.11101469886489208,31.0,0.1724131061116219,0.09401044558486549,0.1307663421089325,0.03545588703691328,0.7922730092909137,False,-0.03094077614117856,0.029251266869752712,-0.018599650166187205,0.11928358324368582,-0.14251119901974818,-0.04341267848052148,0.08692946270917006,Neutral,-0.14251119901974818
Barcelona,2022-03-01,43,0.062248933957456475,0.027626810305708495,0.0272052801758332,0.37799713526430084,0.25413439925326853,0.05877663450705446,0.19201080615870478,0.9999999996223269,2022-02-01,1.0,0.024323371116464033,0.09935274793411061,0.023254139851288512,0.3923378382735935,0.21688880545920441,0.04589892952016697,0.19794416157406214,19.0,0.12786580583070126,0.016571902645888148,0.1307663421089325,0.03545588703691328,-0.05517875543855809,False,0.03792556284099244,-0.07172593762840213,0.0039511403245446886,-0.014340703009292632,0.037245593794064114,0.012877704986887492,-0.005933355415357361,Disgust,-0.07172593762840213
Barcelona,2022-04-01,103,0.022218977060458278,0.033054884569493334,0.02463852435726785,0.4293765861335328,0.2574716768797161,0.1175813770771605,0.11565796904112162,0.9999999951187505,2022-03-01,1.0,0.062248933957456475,0.027626810305708495,0.0272052801758332,0.37799713526430084,0.25413439925326853,0.05877663450705446,0.19201080615870478,43.0,0.12529591026236092,0.024221679084486802,0.1307663421089325,0.03545588703691328,-0.10406752133069079,False,-0.040029956896998196,0.005428074263784839,-0.0025667558185653513,0.05137945086923196,0.003337277626447588,0.05880474257010604,-0.07635283711758316,Surprise,-0.07635283711758316
Barcelona,2022-05-01,130,0.02039091499844704,0.054689676480260276,0.04080493914908187,0.2651092591068635,0.34474799459656846,0.07341804463201414,0.20083916649544753,0.9999999954586829,2022-04-01,1.0,0.022218977060458278,0.033054884569493334,0.02463852435726785,0.4293765861335328,0.2574716768797161,0.1175813770771605,0.11565796904112162,103.0,0.154058941696112,0.08292266504077861,0.1307663421089325,0.03545588703691328,0.44311000893013697,False,-0.0018280620620112382,0.02163479191076694,0.01616641479181402,-0.1642673270266693,0.08727631771685235,-0.044163332445146364,0.08518119745432591,Joy,-0.1642673270266693
Barcelona,2022-06-01,101,0.02589432788796091,0.053226120400560586,0.036188538591400435,0.38088953948008025,0.3155402704326454,0.053269264403509285,0.13499193488491124,0.999999996081068,2022-05-01,1.0,0.02039091499844704,0.054689676480260276,0.04080493914908187,0.2651092591068635,0.34474799459656846,0.07341804463201414,0.20083916649544753,130.0,0.0991484361549912,0.035594856293371224,0.1307663421089325,0.03545588703691328,-0.601487632892403,False,0.0055034128895138715,-0.001463556079699689,-0.004616400557681435,0.11578028037321675,-0.029207724163923088,-0.020148780228504852,-0.0658472316105363,Joy,0.11578028037321675
Barcelona,2022-07-01,78,0.017566967973461668,0.07548925313182195,0.07900616992414233,0.32854270355071485,0.30283558393756926,0.10647313278287836,0.0900861886150848,0.9999999999156732,2022-06-01,1.0,0.02589432788796091,0.053226120400560586,0.036188538591400435,0.38088953948008025,0.3155402704326454,0.053269264403509285,0.13499193488491124,101.0,0.11509679287668667,0.017221577971252122,0.1307663421089325,0.03545588703691328,-0.29809184991328147,False,-0.008327359914499243,0.022263132731261362,0.0428176313327419,-0.0523468359293654,-0.012704686495076112,0.05320386837936907,-0.044905746269826435,Sadness,0.05320386837936907
Barcelona,2022-08-01,12,0.012943951335425126,0.019863009724455535,0.07584247644990677,0.10372120165266092,0.5960016772150993,0.01646194211207325,0.17516571624825394,0.9999999747378749,2022-07-01,1.0,0.017566967973461668,0.07548925313182195,0.07900616992414233,0.32854270355071485,0.30283558393756926,0.10647313278287836,0.0900861886150848,78.0,0.29875694802233166,0.21482981121296962,0.1307663421089325,0.03545588703691328,3.1957926640114946,False,-0.004623016638036543,-0.05562624340736641,-0.0031636934742355627,-0.22482150189805394,0.29316609327753007,-0.09001119067080511,0.08507952763316914,Neutral,0.29316609327753007
Barcelona,2022-09-01,36,0.026749394148484644,0.01064502257051768,0.0734466905899656,0.325752314028149,0.33566320749620593,0.051211557693831164,0.17653180927866033,0.9999999958058143,2022-08-01,1.0,0.012943951335425126,0.019863009724455535,0.07584247644990677,0.10372120165266092,0.5960016772150993,0.01646194211207325,0.17516571624825394,12.0,0.2349289387905216,0.15882318891471858,0.1307663421089325,0.03545588703691328,1.9815516500429466,False,0.013805442813059518,-0.009217987153937854,-0.0023957858599411713,0.22203111237548812,-0.2603384697188934,0.03474961558175792,0.0013660930304063845,Neutral,-0.2603384697188934
Barcelona,2022-10-01,18,0.01737166272424571,0.03111941945583865,0.06034615264636356,0.2096920589036825,0.5603250341955572,0.051190415921155315,0.06995524914883486,0.9999999929956779,2022-09-01,1.0,0.026749394148484644,0.01064502257051768,0.0734466905899656,0.325752314028149,0.33566320749620593,0.051211557693831164,0.17653180927866033,36.0,0.1895452199979698,0.10660682144547573,0.1307663421089325,0.03545588703691328,1.118188161387125,False,-0.009377731424238932,0.020474396885320968,-0.01310053794360204,-0.11606025512446652,0.2246618266993513,-2.1141772675849213e-05,-0.10657656012982547,Neutral,0.2246618266993513
Barcelona,2023-04-01,107,0.03200323988028545,0.06524360595705096,0.060244735581125745,0.3494190790110581,0.2667465241012276,0.10014208155427401,0.12620073123225747,0.9999999973172793,2023-03-01,1.0,0.0532349487848318,0.03842073690713984,0.0399539355125294,0.2846660648254073,0.3169005307769239,0.11702412409144204,0.14979965217297142,57.0,0.08771456250855984,0.020170279998299012,0.1307663421089325,0.03545588703691328,-0.8190015189922997,False,-0.02123170890454635,0.026822869049911123,0.02029080006859635,0.06475301418565083,-0.050154006675696305,-0.016882042537168032,-0.023598920940713947,Joy,0.06475301418565083
Barcelona,2023-05-01,67,0.02214707406376721,0.05839653011175118,0.057077955719563055,0.25477076479348476,0.2860145945407784,0.18982686016555705,0.13176622393249127,1.000000003327393,2023-04-01,1.0,0.03200323988028545,0.06524360595705096,0.060244735581125745,0.3494190790110581,0.2667465241012276,0.10014208155427401,0.12620073123225747,107.0,0.10741012595351021,0.0392260047796027,0.1307663421089325,0.03545588703691328,-0.44432022756703343,False,-0.009856165816518242,-0.006847075845299783,-0.0031667798615626908,-0.09464831421757336,0.019268070439550755,0.08968477861128304,0.005565492700233793,Joy,-0.09464831421757336
Barcelona,2023-06-01,20,0.05167356299643866,0.044645997992483845,0.10079504522727797,0.2723033791990019,0.35608876803889866,0.08795130164362486,0.08654192377580326,0.9999999788735291,2023-05-01,1.0,0.02214707406376721,0.05839653011175118,0.057077955719563055,0.25477076479348476,0.2860145945407784,0.18982686016555705,0.13176622393249127,67.0,0.14333935316268645,0.045635104475679866,0.1307663421089325,0.03545588703691328,0.2391844250555049,False,0.02952648893267145,-0.013750532119267335,0.04371708950771492,0.017532614405517122,0.07007417349812028,-0.1018755585219322,-0.045224300156688005,Sadness,-0.1018755585219322
Barcelona,2023-07-01,19,0.059852377070408073,0.07147067451947609,0.1321692160808628,0.25398823321110714,0.306204192340374,0.09141434325934628,0.084900958635109,0.9999999951166835,2023-06-01,1.0,0.05167356299643866,0.044645997992483845,0.10079504522727797,0.2723033791990019,0.35608876803889866,0.08795130164362486,0.08654192377580326,20.0,0.062395316125689486,0.008125554101320875,0.1307663421089325,0.03545588703691328,-1.3006657252062421,False,0.008178814073969413,0.02682467652699224,0.03137417085358482,-0.018315145987894743,-0.04988457569852467,0.0034630416157214183,-0.001640965140694256,Neutral,-0.04988457569852467
Barcelona,2023-08-01,23,0.0648524088370006,0.035443517506001075,0.09923158354206897,0.3245143680732049,0.3112850686859177,0.042494530931277086,0.12217850713869148,0.9999999847141618,2023-07-01,1.0,0.059852377070408073,0.07147067451947609,0.1321692160808628,0.25398823321110714,0.306204192340374,0.09141434325934628,0.084900958635109,19.0,0.11290060847746056,0.022724208293817827,0.1307663421089325,0.03545588703691328,-0.3398712693855908,False,0.005000031766592521,-0.03602715701347501,-0.03293763253879382,0.07052613486209774,0.005080876345543717,-0.04891981232806919,0.037277548503582475,Joy,0.07052613486209774
Barcelona,2023-09-01,39,0.07083647948158422,0.07236342278953924,0.09825096072745505,0.31906325541711295,0.35255493453512776,0.02911099503473493,0.05781996483580228,1.0000000128213564,2023-08-01,1.0,0.0648524088370006,0.035443517506001075,0.09923158354206897,0.3245143680732049,0.3112850686859177,0.042494530931277086,0.12217850713869148,23.0,0.10226254992660877,0.014852789249937492,0.1307663421089325,0.03545588703691328,-0.5422458562935201,False,0.005984070644583631,0.03691990528353816,-0.0009806228146139184,-0.005451112656091939,0.04126986584921005,-0.013383535896542155,-0.0643585423028892,Surprise,-0.0643585423028892
Barcelona,2023-10-01,15,0.013438088749535327,0.13034028441955642,0.019294312184986912,0.31781977536156775,0.38117092413206893,0.026652572490274855,0.1112840575786928,1.000000014916683,2023-09-01,1.0,0.07083647948158422,0.07236342278953924,0.09825096072745505,0.31906325541711295,0.35255493453512776,0.02911099503473493,0.05781996483580228,39.0,0.1844623764334928,0.03019484458636046,0.1307663421089325,0.03545588703691328,1.0214939796657527,False,-0.0573983907320489,0.05797686163001718,-0.07895664854246814,-0.0012434800555451986,0.02861598959694117,-0.002458422544460076,0.05346409274289051,Fear,-0.07895664854246814
Barcelona,2023-11-01,19,0.03718375826352517,0.036899577510714675,0.06941104195031678,0.2910599100624064,0.35416866830354066,0.06800543362470829,0.14327163940393606,1.000000029119148,2023-10-01,1.0,0.013438088749535327,0.13034028441955642,0.019294312184986912,0.31781977536156775,0.38117092413206893,0.026652572490274855,0.1112840575786928,15.0,0.17454531448514204,0.02866356940582293,0.1307663421089325,0.03545588703691328,0.8328353719372651,False,0.023745669513989844,-0.09344070690884174,0.05011672976532987,-0.026759865299161356,-0.027002255828528277,0.041352861134433434,0.031987581825243264,Disgust,-0.09344070690884174
Barcelona,2023-12-01,12,0.04689711999769009,0.08897049507747089,0.05780950332215671,0.25091232999693597,0.4064773653323452,0.0902700403433603,0.05866313764515018,0.9999999917151093,2023-11-01,1.0,0.03718375826352517,0.036899577510714675,0.06941104195031678,0.2910599100624064,0.35416866830354066,0.06800543362470829,0.14327163940393606,19.0,0.1329219129162314,0.02990902503348325,0.1307663421089325,0.03545588703691328,0.04100680115574053,False,0.00971336173416492,0.05207091756675621,-0.011601538628160067,-0.04014758006547042,0.05230869702880453,0.022264606718652005,-0.08460850175878587,Surprise,-0.08460850175878587
Barcelona,2024-01-01,11,0.05123989877756681,0.03320438842373812,0.10652533597947854,0.3943387811834162,0.30603466013615777,0.037726642902601776,0.07093031452545383,1.0000000219284129,2023-12-01,1.0,0.04689711999769009,0.08897049507747089,0.05780950332215671,0.25091232999693597,0.4064773653323452,0.0902700403433603,0.05866313764515018,12.0,0.16659274988194306,0.07406419549298415,0.1307663421089325,0.03545588703691328,0.6815486527734426,False,0.004342778779876717,-0.055766106653732765,0.04871583265732183,0.14342645118648023,-0.10044270519618742,-0.05254339744075852,0.012267176880303647,Joy,0.14342645118648023
Barcelona,2024-02-01,13,0.03083048071354049,0.06508880937830182,0.026175259155794346,0.17096179576877216,0.502185952061644,0.06351399316022598,0.14124369640977905,0.9999999866480579,2024-01-01,1.0,0.05123989877756681,0.03320438842373812,0.10652533597947854,0.3943387811834162,0.30603466013615777,0.037726642902601776,0.07093031452545383,11.0,0.24342728792394785,0.17303304026405686,0.1307663421089325,0.03545588703691328,2.1432211771521756,False,-0.020409418064026318,0.031884420954563696,-0.0803500768236842,-0.22337698541464404,0.1961512919254862,0.0257873502576242,0.07031338188432522,Joy,-0.22337698541464404
Barcelona,2024-03-01,29,0.03365047362528672,0.05630678572724086,0.06253721764218861,0.4211962222812119,0.264851501548727,0.06244137328005681,0.09901645150164073,1.0000000256063526,2024-02-01,1.0,0.03083048071354049,0.06508880937830182,0.026175259155794346,0.17096179576877216,0.502185952061644,0.06351399316022598,0.14124369640977905,13.0,0.22769279559503758,0.20825623870722554,0.1307663421089325,0.03545588703691328,1.8438938732040095,False,0.0028199929117462275,-0.008782023651060955,0.03636195848639427,0.25023442651243977,-0.23733445051291696,-0.0010726198801691636,-0.04222724490813831,Joy,0.25023442651243977
Barcelona,2024-04-01,35,0.027357459869900926,0.10862628857971032,0.11210623453786991,0.42316294473795485,0.21808713526864135,0.038698785043587605,0.07196114681261986,0.9999999948502848,2024-03-01,1.0,0.03365047362528672,0.05630678572724086,0.06253721764218861,0.4211962222812119,0.264851501548727,0.06244137328005681,0.09901645150164073,29.0,0.1075484685464566,0.016304037647057124,0.1307663421089325,0.03545588703691328,-0.4416884480026077,False,-0.006293013755385792,0.05231950285246946,0.0495690168956813,0.001966722456742953,-0.04676436628008565,-0.023742588236469207,-0.02705530468902087,Disgust,0.05231950285246946
Barcelona,2024-05-01,109,0.03644414628437212,0.051562304304669127,0.042790269347253725,0.3453198720085853,0.3222155808855634,0.08087145601433417,0.12079637086898974,0.9999999997137677,2024-04-01,1.0,0.027357459869900926,0.10862628857971032,0.11210623453786991,0.42316294473795485,0.21808713526864135,0.038698785043587605,0.07196114681261986,35.0,0.16585170840974853,0.05732013360542032,0.1307663421089325,0.03545588703691328,0.6674513472265574,False,0.009086686414471194,-0.057063984275041196,-0.0693159651906162,-0.07784307272936952,0.10412844561692206,0.04217267097074656,0.04883522405636988,Neutral,0.10412844561692206
Barcelona,2024-06-01,52,0.04358775435069285,0.06059024354684735,0.06442334410362836,0.1898013937887019,0.44862480910244185,0.07028608969994816,0.12268635314719104,0.9999999877394515,2024-05-01,1.0,0.03644414628437212,0.051562304304669127,0.042790269347253725,0.3453198720085853,0.3222155808855634,0.08087145601433417,0.12079637086898974,109.0,0.1352750004914251,0.07857388347707672,0.1307663421089325,0.03545588703691328,0.08577109002590065,False,0.007143608066320729,0.00902793924217822,0.02163307475637464,-0.15551847821988343,0.12640922821687844,-0.010585366314386002,0.0018899822782012937,Joy,-0.15551847821988343
Barcelona,2024-07-01,57,0.03844331392585377,0.04854025107883974,0.04678208986195127,0.35126606805409355,0.31584278275177136,0.12452870420703105,0.07459679735301614,1.000000007232557,2024-06-01,1.0,0.04358775435069285,0.06059024354684735,0.06442334410362836,0.1898013937887019,0.44862480910244185,0.07028608969994816,0.12268635314719104,52.0,0.16102687222239348,0.09510797293173456,0.1307663421089325,0.03545588703691328,0.5756654047402544,False,-0.005144440424839081,-0.012049992468007607,-0.01764125424167709,0.16146467426539166,-0.1327820263506705,0.054242614507082884,-0.0480895557941749,Joy,0.16146467426539166
Barcelona,2024-08-01,28,0.033040670590707984,0.03212498556656226,0.10062470222432494,0.36548405783417237,0.3603255266789347,0.031092397831214008,0.07730764992135972,0.999999990647276,2024-07-01,1.0,0.03844331392585377,0.04854025107883974,0.04678208986195127,0.35126606805409355,0.31584278275177136,0.12452870420703105,0.07459679735301614,57.0,0.1476816352775295,0.024691303380390717,0.1307663421089325,0.03545588703691328,0.32179043300595844,False,-0.005402643335145785,-0.016415265512277483,0.05384261236237367,0.014217989780078821,0.04448274392716334,-0.09343630637581704,0.0027108525683435802,Sadness,-0.09343630637581704
Barcelona,2024-09-01,29,0.04088403093468009,0.10493577519784966,0.04893112835747281,0.21600595505201609,0.3193045115933336,0.08529218623478858,0.1846464063554745,0.9999999937256154,2024-08-01,1.0,0.033040670590707984,0.03212498556656226,0.10062470222432494,0.36548405783417237,0.3603255266789347,0.031092397831214008,0.07730764992135972,28.0,0.2077872526630103,0.08373684519420899,0.1307663421089325,0.03545588703691328,1.4652180077920334,False,0.007843360343972108,0.0728107896312874,-0.05169357386685213,-0.14947810278215629,-0.041021015085601076,0.054199788403574575,0.10733875643411478,Joy,-0.14947810278215629
Barcelona,2024-10-01,54,0.0589358440052752,0.07563816147201034,0.0894177432961037,0.3131403459248961,0.2774929532056881,0.05405142788421702,0.13132351372580697,0.9999999895139975,2024-09-01,1.0,0.04088403093468009,0.10493577519784966,0.04893112835747281,0.21600595505201609,0.3193045115933336,0.08529218623478858,0.1846464063554745,29.0,0.11942610114294565,0.042550689134413844,0.1307663421089325,0.03545588703691328,-0.21573265177640988,False,0.018051813070595106,-0.02929761372583932,0.04048661493863089,0.09713439087288,-0.0418115583876455,-0.031240758350571565,-0.05332289262966752,Joy,0.09713439087288
Barcelona,2024-11-01,51,0.016338403727037452,0.08737327390482792,0.09296099861796173,0.31092637959370095,0.26178677974487924,0.06497469446256607,0.16563946455854042,0.9999999946095138,2024-10-01,1.0,0.0589358440052752,0.07563816147201034,0.0894177432961037,0.3131403459248961,0.2774929532056881,0.05405142788421702,0.13132351372580697,54.0,0.0893735987054119,0.008247872575719017,0.1307663421089325,0.03545588703691328,-0.7874406130809147,False,-0.042597440278237746,0.01173511243281758,0.0035432553218580215,-0.0022139663311951385,-0.01570617346080888,0.01092326657834905,0.03431595083273345,Anger,-0.042597440278237746
Barcelona,2024-12-01,42,0.02635790550682156,0.07394135953204348,0.05885087360262068,0.2816186103764699,0.27280389722658405,0.11180694511027205,0.17462040133596882,0.9999999926907804,2024-11-01,1.0,0.016338403727037452,0.08737327390482792,0.09296099861796173,0.31092637959370095,0.26178677974487924,0.06497469446256607,0.16563946455854042,51.0,0.08014554562950264,0.011053619271813031,0.1307663421089325,0.03545588703691328,-0.9629917646631787,False,0.010019501779784109,-0.013431914372784445,-0.034110125015341046,-0.02930776921723105,0.011017117481704808,0.04683225064770598,0.008980936777428394,Sadness,0.04683225064770598
Cairo,2019-05-01,85,0.026791154420660646,0.04339005057699974,0.038490690664141666,0.2500363690559478,0.37642149913179523,0.09160868664107774,0.1732615384218447,0.9999999889124674,2019-04-01,1.0,0.012873359743560448,0.12062771752586257,0.05682497174369495,0.2377017534830991,0.4073013500036562,0.06529864370275064,0.09937221895875951,17.0,0.1347493542110256,0.0273239523097204,0.14223397493447498,0.03432588967918809,-0.1470719834256024,False,0.013917794677100198,-0.07723766694886283,-0.01833428107955328,0.012334615572848678,-0.03087985087186096,0.026310042938327102,0.07388931946308518,Disgust,-0.07723766694886283
Cairo,2019-08-01,102,0.033307553143423076,0.028851800861850557,0.06892283974436801,0.2804705929262198,0.3200638197481121,0.04783348183777617,0.22054990827032891,0.9999999965320786,2019-07-01,1.0,0.018288958209773682,0.01757912831251608,0.012641186222834978,0.3079449921303118,0.4005798862005273,0.11715695547819546,0.12580890198134712,18.0,0.17067417927424272,0.042957858606991084,0.14223397493447498,0.03432588967918809,0.5588469230210226,False,0.015018594933649394,0.011272672549334478,0.05628165352153303,-0.027474399204092004,-0.08051606645241521,-0.0693234736404193,0.0947410062889818,Surprise,0.0947410062889818
Cairo,2019-11-01,99,0.0194917287033126,0.05473501655635316,0.03927742469805345,0.19564284909707066,0.42815374971997705,0.045766799169771256,0.21693243802703838,1.0000000059715766,2019-10-01,1.0,0.01091302927816281,0.013930166745558331,0.0326380835846066,0.25470633844379337,0.4821214904077351,0.0205196585040539,0.18517124247737224,10.0,0.11438839040047194,0.011688236661207219,0.14223397493447498,0.03432588967918809,-0.547162708489754,False,0.008578699425149789,0.04080484981079483,0.006639341113446849,-0.0590634893467227,-0.05396774068775806,0.025247140665717357,0.03176119554966614,Joy,-0.0590634893467227
Cairo,2019-12-01,64,0.04106853342636891,0.0541387099483472,0.039768399908098176,0.2570685640785086,0.356452246371191,0.04297519368628851,0.2085283480737416,0.999999995492544,2019-11-01,1.0,0.0194917287033126,0.05473501655635316,0.03927742469805345,0.19564284909707066,0.42815374971997705,0.045766799169771256,0.21693243802703838,99.0,0.07589642661964201,0.016432025994701727,0.14223397493447498,0.03432588967918809,-1.303525611616811,False,0.02157680472305631,-0.0005963066080059629,0.0004909752100447293,0.06142571498143792,-0.07170150334878606,-0.0027916054834827495,-0.008404089953296778,Neutral,-0.07170150334878606
Cairo,2020-01-01,26,0.01534017920494075,0.022327404478206605,0.02242198676909674,0.25665156059683514,0.30273511547308696,0.11060705487258156,0.2699166931605969,0.9999999945553446,2019-12-01,1.0,0.04106853342636891,0.0541387099483472,0.039768399908098176,0.2570685640785086,0.356452246371191,0.04297519368628851,0.2085283480737416,64.0,0.13586539550674495,0.02702553527599072,0.14223397493447498,0.03432588967918809,-0.1251418933100035,False,-0.02572835422142816,-0.03181130547014059,-0.017346413139001437,-0.00041700348167345025,-0.05371713089810404,0.06763186118629305,0.06138834508685531,Sadness,0.06763186118629305
Cairo,2020-02-01,38,0.01960756334378134,0.05178342418941223,0.03238276638838115,0.17426035080815808,0.3467031181789934,0.07073138442846305,0.30453140483433866,1.000000012171528,2020-01-01,1.0,0.01534017920494075,0.022327404478206605,0.02242198676909674,0.25665156059683514,0.30273511547308696,0.11060705487258156,0.2699166931605969,26.0,0.10504448796607901,0.02503163339530301,0.14223397493447498,0.03432588967918809,-0.730769375378835,False,0.004267384138840591,0.029456019711205626,0.009960779619284408,-0.08239120978867706,0.04396800270590645,-0.03987567044411851,0.03461471167374175,Joy,-0.08239120978867706
Cairo,2020-03-01,70,0.030816910891527532,0.037447477231866505,0.06346258381049012,0.17051742923712088,0.41915402447006533,0.06147853378539102,0.21712304899868154,1.000000008425143,2020-02-01,1.0,0.01960756334378134,0.05178342418941223,0.03238276638838115,0.17426035080815808,0.3467031181789934,0.07073138442846305,0.30453140483433866,38.0,0.09664000600136664,0.027596516401416804,0.14223397493447498,0.03432588967918809,-0.895916532180295,False,0.01120934754774619,-0.014335946957545725,0.031079817422108975,-0.0037429215710372,0.07245090629107193,-0.009252850643072033,-0.08740835583565712,Surprise,-0.08740835583565712
Cairo,2020-04-01,21,0.02093752513229399,0.07844126091194556,0.06901792130832157,0.09122292865954688,0.4753404592962137,0.06980558291875887,0.19523432137932448,0.9999999996064051,2020-03-01,1.0,0.030816910891527532,0.037447477231866505,0.06346258381049012,0.17051742923712088,0.41915402447006533,0.06147853378539102,0.21712304899868154,70.0,0.10790808525528689,0.020292478303757577,0.14223397493447498,0.03432588967918809,-0.6745,False,-0.009879385759233542,0.040993783680079054,0.00555533749783145,-0.07929450057757399,0.05618643482614838,0.008327049133367848,-0.021888727619357062,Joy,-0.07929450057757399
Cairo,2020-09-01,13,0.03562129776065161,0.04743059144283711,0.03936205618083471,0.2468122617484858,0.17672822234005875,0.07202059610818437,0.3820249690459324,0.9999999946269847,2020-08-01,1.0,0.03335944744758303,0.05604647286236283,0.049901405209675384,0.23001934373751282,0.4839410163462162,0.0369922592071816,0.10974007686600085,10.0,0.28381258477840166,0.3024295530562039,0.14223397493447498,0.03432588967918809,2.782004289829882,False,0.0022618503130685808,-0.008615881419525719,-0.010539349028840676,0.01679291801097299,-0.3072127940061575,0.03502833690100277,0.27228489217993157,Neutral,-0.3072127940061575
Cairo,2020-10-01,13,0.013261401909403446,0.011964488398426953,0.07710003013758414,0.34786028654959333,0.35429298827567923,0.031150108955513917,0.16437067797120944,0.9999999821974105,2020-09-01,1.0,0.03562129776065161,0.04743059144283711,0.03936205618083471,0.2468122617484858,0.17672822234005875,0.07202059610818437,0.3820249690459324,13.0,0.23943421981475554,0.17603618787935782,0.14223397493447498,0.03432588967918809,1.909974243478952,False,-0.02235989585124816,-0.035466103044410155,0.03773797395674943,0.10104802480110753,0.17756476593562048,-0.04087048715267046,-0.21765429107472298,Surprise,-0.21765429107472298
Cairo,2020-11-01,16,0.04902393741213014,0.03914476958016161,0.03848012857270074,0.3302032779902219,0.2565591764432611,0.031892573577351827,0.25469613383756945,0.9999999974133968,2020-10-01,1.0,0.013261401909403446,0.011964488398426953,0.07710003013758414,0.34786028654959333,0.35429298827567923,0.031150108955513917,0.16437067797120944,13.0,0.14664821524239846,0.03878548552763961,0.14223397493447498,0.03432588967918809,0.08673934209779847,False,0.03576253550272669,0.027180281181734656,-0.038619901564883395,-0.017657008559371412,-0.09773381183241814,0.0007424646218379093,0.09032545586636001,Neutral,-0.09773381183241814
Cairo,2020-12-01,26,0.03992823694940079,0.03213478580941083,0.08918138605076817,0.13690114028913036,0.4041879851944171,0.024918452102261054,0.2727480230745501,1.0000000094699384,2020-11-01,1.0,0.04902393741213014,0.03914476958016161,0.03848012857270074,0.3302032779902219,0.2565591764432611,0.031892573577351827,0.25469613383756945,16.0,0.1867585157348719,0.12034260376154016,0.14223397493447498,0.03432588967918809,0.8749023856496313,False,-0.009095700462729346,-0.00700998377075078,0.050701257478067425,-0.19330213770109156,0.14762880875115603,-0.006974121475090772,0.018051889236980645,Joy,-0.19330213770109156
Cairo,2021-01-01,15,0.04199502716461813,0.06688721277751025,0.029114380370204602,0.15089167720482993,0.34865929745137686,0.09880018681287762,0.2636522220447659,1.0000000038261834,2020-12-01,1.0,0.03992823694940079,0.03213478580941083,0.08918138605076817,0.13690114028913036,0.4041879851944171,0.024918452102261054,0.2727480230745501,26.0,0.15542206084676394,0.024675762791501965,0.14223397493447498,0.03432588967918809,0.2591444542581569,False,0.002066790215217336,0.03475242696809942,-0.06006700568056357,0.01399053691569957,-0.05552868774304026,0.07388173471061657,-0.00909580102978419,Sadness,0.07388173471061657
Cairo,2021-02-01,18,0.0518741431652516,0.11155264507073698,0.04885887612342933,0.2006664200469256,0.3197372126806941,0.03564460574287088,0.23166607863580183,0.9999999814657102,2021-01-01,1.0,0.04199502716461813,0.06688721277751025,0.029114380370204602,0.15089167720482993,0.34865929745137686,0.09880018681287762,0.2636522220447659,15.0,0.12109310505496697,0.023644191139522874,0.14223397493447498,0.03432588967918809,-0.4154157945212342,False,0.009879116000633473,0.044665432293226726,0.01974449575322473,0.049774742842095654,-0.028922084770682754,-0.06315558107000674,-0.03198614340896408,Sadness,-0.06315558107000674
Cairo,2021-05-01,21,0.016729940405292833,0.06901797709897865,0.05767874084024995,0.3680779418597619,0.26376429257825723,0.06117166936885383,0.16355943306448997,0.9999999952158845,2021-04-01,1.0,0.05019881359301503,0.10841417178511614,0.02008155169431116,0.36416498861508445,0.340812593922019,0.032739807683974456,0.08358807254116979,25.0,0.15021487264477615,0.03206332683295554,0.14223397493447498,0.03432588967918809,0.15682377225788086,False,-0.033468873187722195,-0.03939619468613749,0.03759718914593879,0.003912953244677442,-0.07704830134376178,0.02843186168487937,0.07997136052332018,Surprise,0.07997136052332018
Cairo,2021-06-01,15,0.02723931781947607,0.10133034029665088,0.08887301508026814,0.29448011826413373,0.2548277003069718,0.05295484224334354,0.1802946549840271,0.9999999889948714,2021-05-01,1.0,0.016729940405292833,0.06901797709897865,0.05767874084024995,0.3680779418597619,0.26376429257825723,0.06117166936885383,0.16355943306448997,21.0,0.07928891008142896,0.014190815247996036,0.14223397493447498,0.03432588967918809,-1.236863680451698,False,0.010509377414183237,0.03231236319767222,0.031194274240018187,-0.07359782359562816,-0.008936592271285404,-0.008216827125510286,0.016735221919537135,Joy,-0.07359782359562816
Cairo,2021-07-01,18,0.032312561143448326,0.05743493629334903,0.14776612229050237,0.2532094076418111,0.21978588433315352,0.14832179842051113,0.14116929921632007,1.0000000093390955,2021-06-01,1.0,0.02723931781947607,0.10133034029665088,0.08887301508026814,0.29448011826413373,0.2548277003069718,0.05295484224334354,0.1802946549840271,15.0,0.14583071412146928,0.047061660244157144,0.14223397493447498,0.03432588967918809,0.07067553395705707,False,0.005073243323972257,-0.043895404003301844,0.05889310721023423,-0.041270710622322626,-0.03504181597381831,0.09536695617716759,-0.03912535576770704,Sadness,0.09536695617716759
Cairo,2021-08-01,15,0.03268444654531772,0.12348115815160171,0.14101512070434785,0.24672662413989502,0.30212535662576556,0.06535112541168923,0.08861616947688158,1.0000000010554986,2021-07-01,1.0,0.032312561143448326,0.05743493629334903,0.14776612229050237,0.2532094076418111,0.21978588433315352,0.14832179842051113,0.14116929921632007,18.0,0.14419902906509,0.05349219150833595,0.14223397493447498,0.03432588967918809,0.0386131000095662,False,0.0003718854018693943,0.06604622185825268,-0.00675100158615452,-0.006482783501916084,0.08233947229261204,-0.0829706730088219,-0.05255312973943849,Sadness,-0.0829706730088219
Cairo,2021-09-01,19,0.07689839176294438,0.14727403069723788,0.06817167683651568,0.25863357165240136,0.23268185237324546,0.051098521216772455,0.1652419431637482,0.9999999877028654,2021-08-01,1.0,0.03268444654531772,0.12348115815160171,0.14101512070434785,0.24672662413989502,0.30212535662576556,0.06535112541168923,0.08861616947688158,15.0,0.14223397493447498,0.048205669389713934,0.14223397493447498,0.03432588967918809,0.0,False,0.044213945217626664,0.023792872545636168,-0.07284344386783217,0.011906947512506344,-0.0694435042525201,-0.01425260419491678,0.07662577368686663,Surprise,0.07662577368686663
Cairo,2021-10-01,26,0.03194692374493636,0.06955471873740088,0.04074014490694162,0.15546385368977025,0.3042272329330444,0.14390464853316257,0.25416248931119645,1.0000000118564525,2021-09-01,1.0,0.07689839176294438,0.14727403069723788,0.06817167683651568,0.25863357165240136,0.23268185237324546,0.051098521216772455,0.1652419431637482,19.0,0.19694307665358718,0.10261531404261637,0.14223397493447498,0.03432588967918809,1.0750279003522685,False,-0.04495146801800803,-0.077719311959837,-0.02743153192957406,-0.10316971796263111,0.07154538055979892,0.09280612731639011,0.08892054614744824,Joy,-0.10316971796263111
Cairo,2022-01-01,17,0.027647199122892548,0.11921664552680923,0.04575984489501396,0.1867501671727308,0.2965032739345641,0.09383735720835185,0.23028553041684274,1.000000018277205,2021-12-01,1.0,0.020605055590611702,0.07632638512101642,0.0575829700242276,0.19264326731332176,0.3648353048642589,0.11581083854914385,0.17219617778777538,33.0,0.08625043183932335,0.023732757082071343,0.14223397493447498,0.03432588967918809,-1.1000705348235837,False,0.007042143532280845,0.042890260405792816,-0.011823125129213644,-0.005893100140590968,-0.06833203092969481,-0.02197348134079201,0.058089352629067365,Neutral,-0.06833203092969481
Cairo,2022-04-01,38,0.07436943898516653,0.09560932334371545,0.059681450218991586,0.21878755481386752,0.3228069131973346,0.047797468705347845,0.18094786198344076,1.0000000112478642,2022-03-01,1.0,0.03740365071687843,0.027896973513998037,0.06765696167945856,0.2125680065155029,0.4274578345194459,0.0322238202579319,0.19479274200275537,25.0,0.13276378824394436,0.026459022248068398,0.14223397493447498,0.03432588967918809,-0.18608813879151268,False,0.0369657882682881,0.06771234982971741,-0.007975511460466975,0.00621954829836463,-0.10465092132211129,0.015573648447415947,-0.01384488001931461,Neutral,-0.10465092132211129
Cairo,2022-08-01,18,0.03024814751309647,0.06493436100815109,0.07679422327782955,0.2574990063375379,0.35670931068145567,0.05790331659631592,0.15591165158225012,1.0000000169966365,2022-07-01,1.0,0.050127917015925005,0.1610354160967593,0.05229078215391682,0.30033222272371246,0.1809429591832061,0.08297186054599777,0.17229884993284938,15.0,0.17246379813215373,0.09934101489705305,0.14223397493447498,0.03432588967918809,0.5940127389967362,False,-0.019879769502828534,-0.09610105508860822,0.024503441123912728,-0.042833216386174544,0.17576635149824957,-0.025068543949681853,-0.016387198350599264,Neutral,0.17576635149824957
Cairo,2022-11-01,43,0.032263662421068685,0.0774045047501838,0.052368746719832035,0.3335867741315755,0.3176406173598627,0.028018330240102307,0.15871737752553766,1.0000000131481628,2022-10-01,1.0,0.032714139079741564,0.08669689146336165,0.029845388697659816,0.20545001476421018,0.34067673209522453,0.09858400949243719,0.20603281381357058,28.0,0.1467724558148788,0.05122556924808719,0.14223397493447498,0.03432588967918809,0.08918065583856939,False,-0.0004504766586728784,-0.00929238671317785,0.02252335802217222,0.12813675936736532,-0.023036114735361823,-0.07056567925233488,-0.04731543628803292,Joy,0.12813675936736532
Cairo,2022-12-01,21,0.07222874462050159,0.11892050610566951,0.06123901462359793,0.22840295258321838,0.2725926760717162,0.043482475914061014,0.203133641082483,1.0000000110012475,2022-11-01,1.0,0.032263662421068685,0.0774045047501838,0.052368746719832035,0.3335867741315755,0.3176406173598627,0.028018330240102307,0.15871737752553766,43.0,0.11968959700455013,0.034846635306017615,0.14223397493447498,0.03432588967918809,-0.4429945751108637,False,0.03996508219943291,0.04151600135548571,0.008870267903765897,-0.10518382154835712,-0.04504794128814649,0.015464145673958707,0.044416263556945335,Joy,-0.10518382154835712
Cairo,2023-01-01,33,0.06054191404925373,0.10465357139367945,0.07965243903031059,0.13761883627298765,0.3208163668486205,0.07269628481078663,0.22402058664539995,0.9999999990510384,2022-12-01,1.0,0.07222874462050159,0.11892050610566951,0.06123901462359793,0.22840295258321838,0.2725926760717162,0.043482475914061014,0.203133641082483,21.0,0.09934627568652421,0.03196144983547078,0.14223397493447498,0.03432588967918809,-0.8427386271150837,False,-0.011686830571247864,-0.01426693471199006,0.01841342440671266,-0.09078411631023073,0.048223690776904304,0.029213808896725618,0.020886945562916953,Joy,-0.09078411631023073
Cairo,2023-02-01,17,0.01828804577919923,0.01720306532019197,0.04985269290559427,0.2349123557317344,0.3574079517275095,0.021404749823405407,0.3009311391369385,1.0000000004245733,2023-01-01,1.0,0.06054191404925373,0.10465357139367945,0.07965243903031059,0.13761883627298765,0.3208163668486205,0.07269628481078663,0.22402058664539995,33.0,0.2055758142568236,0.04927943694360559,0.14223397493447498,0.03432588967918809,1.244660255632876,False,-0.0422538682700545,-0.08745050607348748,-0.029799746124716323,0.09729351945874676,0.03659158487888897,-0.051291534987381225,0.07691055249153853,Joy,0.09729351945874676
Cairo,2023-03-01,20,0.009756404679501375,0.01614356512436638,0.04452089369588061,0.40984161468222735,0.3937546372879296,0.024658240389544474,0.10132462806068358,0.9999999839201332,2023-02-01,1.0,0.01828804577919923,0.01720306532019197,0.04985269290559427,0.2349123557317344,0.3574079517275095,0.021404749823405407,0.3009311391369385,17.0,0.19786235069662983,0.11306298322146646,0.14223397493447498,0.03432588967918809,1.0930915353469415,False,-0.008531641099697854,-0.0010595001958255898,-0.005331799209713661,0.17492925895049294,0.03634668556042009,0.0032534905661390674,-0.19960651107625488,Surprise,-0.19960651107625488
Cairo,2023-04-01,21,0.09282578750779581,0.11905209114220698,0.049284528730259736,0.15149017951695157,0.3472054323092812,0.03714523210545021,0.20299675355532334,1.0000000048672688,2023-03-01,1.0,0.009756404679501375,0.01614356512436638,0.04452089369588061,0.40984161468222735,0.3937546372879296,0.024658240389544474,0.10132462806068358,20.0,0.2872792802721843,0.15471709387317967,0.14223397493447498,0.03432588967918809,2.8501244793547613,False,0.08306938282829443,0.1029085260178406,0.004763635034379127,-0.2583514351652758,-0.046549204978648395,0.012486991715905737,0.10167212549463976,Joy,-0.2583514351652758
Cairo,2023-05-01,27,0.024860712479696456,0.08870268002135191,0.08735469042935783,0.1878908158892213,0.34401884554298934,0.0756712717487028,0.19150097845812084,0.9999999945694404,2023-04-01,1.0,0.09282578750779581,0.11905209114220698,0.049284528730259736,0.15149017951695157,0.3472054323092812,0.03714523210545021,0.20299675355532334,21.0,0.1366325141933182,0.02347337883887446,0.14223397493447498,0.03432588967918809,-0.11006809452635902,False,-0.06796507502809936,-0.03034941112085507,0.03807016169909809,0.03640063637226973,-0.0031865867662918546,0.038526039643252595,-0.01149577509720251,Anger,-0.06796507502809936
Cairo,2023-06-01,11,0.007760937537320581,0.00845028265294699,0.01792983058840031,0.4106407448310744,0.3874213990586048,0.09272310434078625,0.0750736866823651,0.9999999856914984,2023-05-01,1.0,0.024860712479696456,0.08870268002135191,0.08735469042935783,0.1878908158892213,0.34401884554298934,0.0756712717487028,0.19150097845812084,27.0,0.2638142317745019,0.11892126266578229,0.14223397493447498,0.03432588967918809,2.389038827690419,False,-0.017099774942375877,-0.08025239736840492,-0.06942485984095752,0.22274992894185308,0.04340255351561545,0.01705183259208344,-0.11642729177575574,Joy,0.22274992894185308
Cairo,2023-07-01,13,0.029043893813370462,0.05800725421151858,0.02535206674096672,0.2478506834640239,0.42075763922184706,0.07134985621087248,0.1476385926541227,0.9999999863167218,2023-06-01,1.0,0.007760937537320581,0.00845028265294699,0.01792983058840031,0.4106407448310744,0.3874213990586048,0.09272310434078625,0.0750736866823651,11.0,0.17663161379099976,0.054940254919083165,0.14223397493447498,0.03432588967918809,0.6759098635334989,False,0.021282956276049883,0.04955697155857159,0.007422236152566413,-0.1627900613670505,0.03333624016324227,-0.02137324812991377,0.07256490597175762,Joy,-0.1627900613670505
Cairo,2023-08-01,46,0.03199196748597462,0.12231580308339879,0.10562556940915424,0.27956964511173754,0.2672553275883926,0.11323591134429946,0.08000578535037393,1.000000009373331,2023-07-01,1.0,0.029043893813370462,0.05800725421151858,0.02535206674096672,0.2478506834640239,0.42075763922184706,0.07134985621087248,0.1476385926541227,13.0,0.18900233175759742,0.0772124593200576,0.14223397493447498,0.03432588967918809,0.918993126529859,False,0.0029480736726041554,0.0643085488718802,0.08027350266818752,0.03171896164771365,-0.15350231163345446,0.04188605513342698,-0.06763280730374878,Neutral,-0.15350231163345446
Cairo,2023-09-01,16,0.024160258646588724,0.042190271087747505,0.025876910236547656,0.25336284484365024,0.3609391204081476,0.08349991292925547,0.20997065707342694,0.9999999752253641,2023-08-01,1.0,0.03199196748597462,0.12231580308339879,0.10562556940915424,0.27956964511173754,0.2672553275883926,0.11323591134429946,0.08000578535037393,46.0,0.20851220466122067,0.0837248094059918,0.14223397493447498,0.03432588967918809,1.3023600078105058,False,-0.007831708839385894,-0.08012553199565128,-0.07974865917260658,-0.026206800268087305,0.09368379281975497,-0.029735998415043985,0.129964871723053,Surprise,0.129964871723053
Cairo,2023-10-01,13,0.0348405603301496,0.11087150680116159,0.026529242866672516,0.2563717879910165,0.4342317826902637,0.014905483390276194,0.12224962881121493,0.999999992880755,2023-09-01,1.0,0.024160258646588724,0.042190271087747505,0.025876910236547656,0.25336284484365024,0.3609391204081476,0.08349991292925547,0.20997065707342694,16.0,0.17091322247031732,0.04039822310156482,0.14223397493447498,0.03432588967918809,0.563544095833125,False,0.010680301683560878,0.06868123571341408,0.0006523326301248605,0.003008943147366272,0.07329266228211612,-0.06859442953897928,-0.08772102826221201,Surprise,-0.08772102826221201
Cairo,2023-11-01,45,0.06440127014389464,0.0699018949228856,0.06554432164023936,0.2483735269039041,0.34422484731508624,0.05842496177388558,0.14912918335758146,1.000000006057477,2023-10-01,1.0,0.0348405603301496,0.11087150680116159,0.026529242866672516,0.2563717879910165,0.4342317826902637,0.014905483390276194,0.12224962881121493,13.0,0.13802684201796792,0.02146189280880728,0.14223397493447498,0.03432588967918809,-0.08266970437490309,False,0.02956070981374504,-0.040969611878276,0.039015078773566844,-0.007998261087112407,-0.09000693537517745,0.04351947838360938,0.026879554546366535,Neutral,-0.09000693537517745
Cairo,2023-12-01,22,0.05238071738064962,0.07228862320665605,0.038390044948424774,0.22344870462124655,0.3785348874940114,0.03598307278430593,0.19897396515377538,1.0000000155890696,2023-11-01,1.0,0.06440127014389464,0.0699018949228856,0.06554432164023936,0.2483735269039041,0.34422484731508624,0.05842496177388558,0.14912918335758146,45.0,0.07738150190892387,0.010888448262090566,0.14223397493447498,0.03432588967918809,-1.274344043652152,False,-0.01202055276324502,0.002386728283770456,-0.02715427669181459,-0.02492482228265755,0.03431004017892514,-0.022441888989579648,0.04984478179619392,Surprise,0.04984478179619392
Cairo,2024-01-01,40,0.0178709016181528,0.08989153161091959,0.048794360351166646,0.32171964129083785,0.2646927261492237,0.039587998297065455,0.21744283866137262,0.9999999979787387,2023-12-01,1.0,0.05238071738064962,0.07228862320665605,0.038390044948424774,0.22344870462124655,0.3785348874940114,0.03598307278430593,0.19897396515377538,22.0,0.12239958105774756,0.051335398554370304,0.14223397493447498,0.03432588967918809,-0.3897436831175261,False,-0.03450981576249682,0.01760290840426354,0.010404315402741872,0.0982709366695913,-0.1138421613447877,0.0036049255127595242,0.01846887350759724,Neutral,-0.1138421613447877
Cairo,2024-02-01,17,0.027166584595654346,0.042261588558390246,0.026735835287528178,0.34269917250939586,0.2866742755012477,0.03952398589428729,0.23493856380638828,1.000000006152892,2024-01-01,1.0,0.0178709016181528,0.08989153161091959,0.048794360351166646,0.32171964129083785,0.2646927261492237,0.039587998297065455,0.21744283866137262,40.0,0.08403044591388557,0.0068317587947593905,0.14223397493447498,0.03432588967918809,-1.1436930168831134,False,0.009295682977501545,-0.04762994305252934,-0.02205852506363847,0.020979531218558,0.02198154935202401,-6.401240277816717e-05,0.017495725145015656,Disgust,-0.04762994305252934
Cairo,2024-03-01,27,0.0199041581923935,0.0523508862652643,0.04165666988572205,0.29026854765187526,0.5023462504872845,0.019393809471727752,0.07407968746567209,1.0000000094199395,2024-02-01,1.0,0.027166584595654346,0.042261588558390246,0.026735835287528178,0.34269917250939586,0.2866742755012477,0.03952398589428729,0.23493856380638828,17.0,0.20282866742725816,0.11580038627372058,0.14223397493447498,0.03432588967918809,1.1906791191245527,False,-0.007262426403260847,0.010089297706874056,0.014920834598193874,-0.05243062485752059,0.21567197498603685,-0.020130176422559536,-0.1608588763407162,Neutral,0.21567197498603685
Cairo,2024-04-01,45,0.028144511940061158,0.0637982471199292,0.05811395173530193,0.24794415556825694,0.41026564521922004,0.037013191566802515,0.15472029868720302,1.0000000018367747,2024-03-01,1.0,0.0199041581923935,0.0523508862652643,0.04165666988572205,0.29026854765187526,0.5023462504872845,0.019393809471727752,0.07407968746567209,27.0,0.11462342001782659,0.01942271550560637,0.14223397493447498,0.03432588967918809,-0.5425444020631087,False,0.00824035374766766,0.011447360854664891,0.016457281849579876,-0.04232439208361832,-0.0920806052680645,0.017619382095074763,0.08064061122153093,Neutral,-0.0920806052680645
Cairo,2024-05-01,28,0.025358705997600036,0.07358264546408978,0.03223495640018617,0.29643560146775727,0.2979367450045954,0.04550612353237475,0.22894522327780056,1.000000001144404,2024-04-01,1.0,0.028144511940061158,0.0637982471199292,0.05811395173530193,0.24794415556825694,0.41026564521922004,0.037013191566802515,0.15472029868720302,45.0,0.10712567390707094,0.04131168485384773,0.14223397493447498,0.03432588967918809,-0.6898742979221782,False,-0.002785805942461122,0.009784398344160589,-0.025878995335115756,0.04849144589950033,-0.11232890021462466,0.008492931965572235,0.07422492459059754,Neutral,-0.11232890021462466
Cairo,2024-08-01,37,0.022487881152915744,0.08294269638576515,0.029313283950417587,0.2334614960552268,0.35713976119468743,0.0871374584117753,0.18751742050831985,0.999999997659108,2024-07-01,1.0,0.05808995528674968,0.060904608522273126,0.029260728703005764,0.1765980770399507,0.402956852546105,0.06978152462621573,0.2024082389230338,26.0,0.09061329859748485,0.01540322663075433,0.14223397493447498,0.03432588967918809,-1.0143406773928487,False,-0.035602074133833934,0.022038087863492026,5.2555247411822936e-05,0.05686341901527611,-0.045817091351417594,0.017355933785559566,-0.014890818414713958,Joy,0.05686341901527611
Cairo,2024-09-01,11,0.009229993643450745,0.08262344517491077,0.016491865527562054,0.10387512535618781,0.4069998318075456,0.19942572173154485,0.18135400311174713,0.999999986352949,2024-08-01,1.0,0.022487881152915744,0.08294269638576515,0.029313283950417587,0.2334614960552268,0.35713976119468743,0.0871374584117753,0.18751742050831985,37.0,0.16507271543546725,0.06488320512442536,0.14223397493447498,0.03432588967918809,0.44877876762679303,False,-0.013257887509465,-0.00031925121085438213,-0.012821418422855533,-0.129586370699039,0.04986007061285819,0.11228826331976956,-0.0061634173965727235,Joy,-0.129586370699039
Cairo,2024-10-01,24,0.020780492263535604,0.03406243122299197,0.08529085887615408,0.19440441456390542,0.39212310857449967,0.09979544735203183,0.17354325833730397,1.0000000111904224,2024-09-01,1.0,0.009229993643450745,0.08262344517491077,0.016491865527562054,0.10387512535618781,0.4069998318075456,0.19942572173154485,0.18135400311174713,11.0,0.18607491138003365,0.05111103902559855,0.14223397493447498,0.03432588967918809,0.8614696344042074,False,0.01155049862008486,-0.0485610139519188,0.06879899334859202,0.0905292892077176,-0.014876723233045952,-0.09963027437951302,-0.007810744774443157,Sadness,-0.09963027437951302
Cairo,2024-11-01,52,0.030599853825361345,0.05583434209312631,0.05180800363674414,0.31307498545412754,0.35863314495565224,0.06488497960470756,0.1251646838500164,0.9999999934197354,2024-10-01,1.0,0.020780492263535604,0.03406243122299197,0.08529085887615408,0.19440441456390542,0.39212310857449967,0.09979544735203183,0.17354325833730397,24.0,0.12278528164136511,0.0411085853091413,0.14223397493447498,0.03432588967918809,-0.38216470858601476,False,0.00981936156182574,0.021771910870134338,-0.033482855239409935,0.11867057089022212,-0.03348996361884743,-0.03491046774732427,-0.04837857448728758,Joy,0.11867057089022212
Cairo,2024-12-01,45,0.05790629877657108,0.10814777879665291,0.05102386627242792,0.21768800821414006,0.3442032874665326,0.10798556951081581,0.11304519320062047,1.0000000022377609,2024-11-01,1.0,0.030599853825361345,0.05583434209312631,0.05180800363674414,0.31307498545412754,0.35863314495565224,0.06488497960470756,0.1251646838500164,52.0,0.11679410499659833,0.02737654833982406,0.14223397493447498,0.03432588967918809,-0.499890678245158,False,0.027306444951209735,0.0523134367035266,-0.0007841373643162203,-0.09538697723998749,-0.014429857489119624,0.04310058990610825,-0.012119490649395923,Joy,-0.09538697723998749
Dubai,2019-03-01,101,0.01837970183339278,0.028785869218685645,0.040096636520961425,0.29920236702252284,0.32654902503576755,0.0447636916092366,0.24222271271640117,1.000000003956968,2019-02-01,1.0,0.020662455075927913,0.030410786683205474,0.04449820669048744,0.37546527949475755,0.2852296184099624,0.05548576733327644,0.18824789136271458,89.0,0.07030936020751831,0.020159538972740698,0.11479991476853564,0.03146062291654238,-0.9538552091296055,False,-0.002282753242535133,-0.0016249174645198289,-0.004401570169526012,-0.07626291247223471,0.04131940662580513,-0.01072207572403984,0.053974821353686586,Joy,-0.07626291247223471
Dubai,2019-04-01,33,0.02113282708556979,0.07828840537077857,0.021253454379003563,0.39219264984906954,0.2629122856270634,0.03385169253063694,0.19036867449793848,0.9999999893400602,2019-03-01,1.0,0.01837970183339278,0.028785869218685645,0.040096636520961425,0.29920236702252284,0.32654902503576755,0.0447636916092366,0.24222271271640117,101.0,0.11940770034981579,0.03465731168316821,0.11479991476853564,0.03146062291654238,0.09878861530549238,False,0.0027531252521770105,0.04950253615209292,-0.018843182141957862,0.0929902828265467,-0.06363673940870412,-0.01091199907859966,-0.051854038218462684,Joy,0.0929902828265467
Dubai,2019-05-01,77,0.01754952657683566,0.01940650609662062,0.015047214057465794,0.46325278931369934,0.26086400220678607,0.033279225907542447,0.1906007347815948,0.9999999989405447,2019-04-01,1.0,0.02113282708556979,0.07828840537077857,0.021253454379003563,0.39219264984906954,0.2629122856270634,0.03385169253063694,0.19036867449793848,33.0,0.10647788925619582,0.010447957700510546,0.11479991476853564,0.03146062291654238,-0.17842005935367913,False,-0.0035833005087341323,-0.05888189927415795,-0.006206240321537769,0.0710601394646298,-0.0020482834202773526,-0.0005724666230944933,0.0002320602836563268,Joy,0.0710601394646298
Dubai,2019-06-01,133,0.021517391672841033,0.035372003299994625,0.03422209094527971,0.30287797470521044,0.3399589323487721,0.03132061607246388,0.23473098605549086,0.9999999951000527,2019-05-01,1.0,0.01754952657683566,0.01940650609662062,0.015047214057465794,0.46325278931369934,0.26086400220678607,0.033279225907542447,0.1906007347815948,77.0,0.12419600241051292,0.05474459255970621,0.11479991476853564,0.03146062291654238,0.2014474135278883,False,0.003967865096005375,0.015965497203374004,0.01917487688781392,-0.1603748146084889,0.07909493014198604,-0.001958609835078569,0.044130251273896054,Joy,-0.1603748146084889
Dubai,2019-07-01,36,0.016194222874926455,0.017743298680418018,0.018915279721517783,0.2862101516544094,0.2902839868588166,0.09939876878181365,0.27125429274100393,1.0000000013129058,2019-06-01,1.0,0.021517391672841033,0.035372003299994625,0.03422209094527971,0.30287797470521044,0.3399589323487721,0.03132061607246388,0.23473098605549086,133.0,0.11777232352935169,0.01751613297202892,0.11479991476853564,0.03146062291654238,0.06372695526369336,False,-0.005323168797914578,-0.017628704619576607,-0.01530681122376193,-0.016667823050801056,-0.04967494548995549,0.06807815270934978,0.03652330668551307,Sadness,0.06807815270934978
Dubai,2019-08-01,20,0.02382909783627832,0.017208242585184004,0.03542934983270237,0.29049392952583725,0.36592651833780104,0.016625717311399005,0.25048713180003684,0.9999999872292389,2019-07-01,1.0,0.016194222874926455,0.017743298680418018,0.018915279721517783,0.2862101516544094,0.2902839868588166,0.09939876878181365,0.27125429274100393,36.0,0.142885237522552,0.02315704262100693,0.11479991476853564,0.03146062291654238,0.602135254849747,False,0.007634874961351866,-0.0005350560952340142,0.016514070111184588,0.004283777871427863,0.07564253147898442,-0.08277305147041465,-0.02076716094096709,Sadness,-0.08277305147041465
Dubai,2020-02-01,40,0.029814888404507606,0.03386494035294158,0.009185255807824384,0.3858015213976614,0.28552488001296294,0.10983837980893436,0.14597013368038456,0.9999999994652169,2020-01-01,1.0,0.021943231236725765,0.030169167945683518,0.041277202555317055,0.36379333613722614,0.3028254694813354,0.05088453763164574,0.18910706026310267,33.0,0.11439968090259321,0.01359810851103338,0.11479991476853564,0.03146062291654238,-0.008580813650584811,False,0.007871657167781841,0.003695772407258064,-0.032091946747492675,0.022008185260435242,-0.01730058946837243,0.05895384217728862,-0.043136926582718116,Sadness,0.05895384217728862
Dubai,2020-03-01,198,0.02060480970969287,0.026506042356498147,0.026644025599575703,0.3848836781678138,0.3166495006886602,0.04616774024260743,0.1785442038037052,1.0000000005685534,2020-02-01,1.0,0.029814888404507606,0.03386494035294158,0.009185255807824384,0.3858015213976614,0.28552488001296294,0.10983837980893436,0.14597013368038456,40.0,0.10382397508032551,0.011314882239497392,0.11479991476853564,0.03146062291654238,-0.23531865021671278,False,-0.009210078694814737,-0.007358897996443434,0.01745876979175132,-0.0009178432298475592,0.031124620675697268,-0.06367063956632693,0.03257407012332064,Sadness,-0.06367063956632693
Dubai,2020-04-01,18,0.01842331056508955,0.06712095981735422,0.053533456905926015,0.33757525648818243,0.31835483071497744,0.021592844917904544,0.1833993503047774,1.0000000097142117,2020-03-01,1.0,0.02060480970969287,0.026506042356498147,0.026644025599575703,0.3848836781678138,0.3166495006886602,0.04616774024260743,0.1785442038037052,198.0,0.09977914936734428,0.008444146043968703,0.11479991476853564,0.03146062291654238,-0.32203768787350695,False,-0.002181499144603319,0.040614917460856076,0.02688943130635031,-0.047308421679631396,0.001705330026317231,-0.02457489532470289,0.004855146501072188,Joy,-0.047308421679631396
Dubai,2020-08-01,25,0.029590834639966444,0.018191894985502527,0.03749346317374142,0.436964402962476,0.21839635740965602,0.021131484396755638,0.23823154773563143,0.9999999853037296,2020-07-01,1.0,0.019103064308486215,0.04838942550122732,0.06212634703842918,0.195829938010623,0.45468093307378393,0.03401151540068285,0.18585879491486892,12.0,0.2297575070658717,0.20216817993057956,0.11479991476853564,0.03146062291654238,2.4646332086381633,False,0.010487770331480229,-0.030197530515724796,-0.02463288386468776,0.241134464951853,-0.23628457566412792,-0.01288003100392721,0.05237275282076251,Joy,0.241134464951853
Dubai,2020-09-01,29,0.018348723930981085,0.012157620468722806,0.009249022499465425,0.33402752152901016,0.40378655339109487,0.038590686098704516,0.18383986335890043,0.9999999912768793,2020-08-01,1.0,0.029590834639966444,0.018191894985502527,0.03749346317374142,0.436964402962476,0.21839635740965602,0.021131484396755638,0.23823154773563143,25.0,0.16143540081079988,0.08060166304601157,0.11479991476853564,0.03146062291654238,0.9998414659160316,False,-0.01124211070898536,-0.006034274516779721,-0.028244440674276,-0.10293688143346585,0.18539019598143885,0.017459201701948878,-0.054391684376731,Neutral,0.18539019598143885
Dubai,2020-10-01,34,0.01769004649523751,0.01945734372951415,0.021483818483401928,0.3748126899385277,0.3469732509213774,0.023209856347153467,0.19637299739920036,1.0000000033144125,2020-09-01,1.0,0.018348723930981085,0.012157620468722806,0.009249022499465425,0.33402752152901016,0.40378655339109487,0.038590686098704516,0.18383986335890043,29.0,0.06643455088602825,0.008857818419208852,0.11479991476853564,0.03146062291654238,-1.0369291804962313,False,-0.000658677435743573,0.007299723260791343,0.012234795983936503,0.040785168409517514,-0.0568133024697175,-0.01538082975155105,0.012533134040299931,Neutral,-0.0568133024697175
Dubai,2020-11-01,37,0.0484102016780525,0.01570878636148577,0.020137820968630912,0.2993788135716238,0.31458469097678726,0.10487000928008672,0.1969096719765582,0.9999999948132252,2020-10-01,1.0,0.01769004649523751,0.01945734372951415,0.021483818483401928,0.3748126899385277,0.3469732509213774,0.023209856347153467,0.19637299739920036,34.0,0.14288493508080694,0.020521233268934735,0.11479991476853564,0.03146062291654238,0.6021287706501941,False,0.03072015518281499,-0.003748557368028378,-0.0013459975147710156,-0.07543387636690385,-0.03238855994459011,0.08166015293293324,0.000536674577357843,Sadness,0.08166015293293324
Dubai,2020-12-01,45,0.013301069978883232,0.015246349495525117,0.036475907436882414,0.4301234961590833,0.24389865922017226,0.043633658221612324,0.21732085762131542,0.9999999981334742,2020-11-01,1.0,0.0484102016780525,0.01570878636148577,0.020137820968630912,0.2993788135716238,0.31458469097678726,0.10487000928008672,0.1969096719765582,37.0,0.14626053768507802,0.04687821508747292,0.11479991476853564,0.03146062291654238,0.6745,False,-0.03510913169916927,-0.000462436865960654,0.016338086468251502,0.13074468258745947,-0.070686031756615,-0.06123635105847439,0.020411185644757218,Joy,0.13074468258745947
Dubai,2021-01-01,70,0.01720751648535947,0.026386348361432107,0.03736511437870956,0.3363373619429434,0.28133006426173124,0.04384679993215412,0.2575267843369926,0.9999999896993225,2020-12-01,1.0,0.013301069978883232,0.015246349495525117,0.036475907436882414,0.4301234961590833,0.24389865922017226,0.043633658221612324,0.21732085762131542,45.0,0.07265194590817722,0.019753302767396397,0.11479991476853564,0.03146062291654238,-0.9036313448632811,False,0.003906446506476239,0.01113999886590699,0.0008892069418271475,-0.0937861342161399,0.03743140504155898,0.0002131417105417921,0.04020592671567719,Joy,-0.0937861342161399
Dubai,2021-02-01,58,0.02013547028161998,0.019036327646282485,0.017671120076556638,0.38959143419974834,0.32147741400845475,0.04396202798997015,0.18812619926456103,0.9999999934671935,2021-01-01,1.0,0.01720751648535947,0.026386348361432107,0.03736511437870956,0.3363373619429434,0.28133006426173124,0.04384679993215412,0.2575267843369926,70.0,0.08072826790160086,0.015966563455851235,0.11479991476853564,0.03146062291654238,-0.7304790459080088,False,0.0029279537962605094,-0.007350020715149622,-0.019693994302152924,0.05325407225680495,0.040147349746723515,0.00011522805781603168,-0.06940058507243158,Surprise,-0.06940058507243158
Dubai,2021-03-01,39,0.016847126130671315,0.03812522635995167,0.027051182577195413,0.36679965072872645,0.32276155498738474,0.061552142043812874,0.16686312598474798,1.0000000088124905,2021-02-01,1.0,0.02013547028161998,0.019036327646282485,0.017671120076556638,0.38959143419974834,0.32147741400845475,0.04396202798997015,0.18812619926456103,58.0,0.058488409351089336,0.002415051055027706,0.11479991476853564,0.03146062291654238,-1.2072904756153469,False,-0.0032883441509486654,0.019088898713669186,0.009380062500638775,-0.022791783471021898,0.0012841409789299818,0.017590114053842726,-0.021263073279813055,Joy,-0.022791783471021898
Dubai,2021-04-01,64,0.013345965430744348,0.035903415924622054,0.043875078123164664,0.43599754966089677,0.2033455644996138,0.08965116504805333,0.17788125927472717,0.9999999979618223,2021-03-01,1.0,0.016847126130671315,0.03812522635995167,0.027051182577195413,0.36679965072872645,0.32276155498738474,0.061552142043812874,0.16686312598474798,39.0,0.10418949811747052,0.03701074423099038,0.11479991476853564,0.03146062291654238,-0.22748201935252615,False,-0.0035011606999269668,-0.0022218104353296173,0.01682389554596925,0.06919789893217032,-0.11941599048777093,0.028099023004240456,0.011018133289979193,Neutral,-0.11941599048777093
Dubai,2021-05-01,38,0.015624042765825552,0.031668240886095766,0.0332059677733157,0.4551812505263737,0.2814780741586889,0.07623947991707701,0.10660293879060952,0.9999999948179862,2021-04-01,1.0,0.013345965430744348,0.035903415924622054,0.043875078123164664,0.43599754966089677,0.2033455644996138,0.08965116504805333,0.17788125927472717,64.0,0.09236104402205024,0.019010237669661922,0.11479991476853564,0.03146062291654238,-0.4810781515246549,False,0.002278077335081204,-0.004235175038526287,-0.010669110349848965,0.019183700865476938,0.07813250965907512,-0.01341168513097632,-0.07127832048411765,Neutral,0.07813250965907512
Dubai,2021-06-01,33,0.026816555819205997,0.03075006471551723,0.02712423961334435,0.29438806147399266,0.2637145197809194,0.04366151661132317,0.3135450374137497,0.9999999954280526,2021-05-01,1.0,0.015624042765825552,0.031668240886095766,0.0332059677733157,0.4551812505263737,0.2814780741586889,0.07623947991707701,0.10660293879060952,38.0,0.19648817138867913,0.12126855364524758,0.11479991476853564,0.03146062291654238,1.751355312844591,False,0.011192513053380445,-0.0009181761705785371,-0.00608172815997135,-0.16079318905238105,-0.017763554377769497,-0.03257796330575384,0.20694209862314022,Surprise,0.20694209862314022
Dubai,2021-07-01,19,0.036283605578845614,0.06623191737851712,0.08917409545545903,0.29650648312005945,0.2132053887471556,0.11400842227924023,0.1845900889633125,1.0000000015225896,2021-06-01,1.0,0.026816555819205997,0.03075006471551723,0.02712423961334435,0.29438806147399266,0.2637145197809194,0.04366151661132317,0.3135450374137497,33.0,0.17410953741218105,0.05506307975347258,0.11479991476853564,0.03146062291654238,1.2715686075021757,False,0.009467049759639617,0.03548185266299989,0.06204985584211468,0.0021184216460667926,-0.05050913103376381,0.07034690566791706,-0.12895494845043723,Surprise,-0.12895494845043723
Dubai,2021-08-01,35,0.017246699422996968,0.02783059973402743,0.04332727802684526,0.24701292413686,0.3095090843737125,0.045655253270108734,0.3094181563838252,0.9999999953483761,2021-07-01,1.0,0.036283605578845614,0.06623191737851712,0.08917409545545903,0.29650648312005945,0.2132053887471556,0.11400842227924023,0.1845900889633125,19.0,0.1758799951932862,0.07028947694706256,0.11479991476853564,0.03146062291654238,1.3095263356922147,False,-0.019036906155848646,-0.03840131764448969,-0.04584681742861377,-0.04949355898319946,0.09630369562655688,-0.06835316900913149,0.1248280674205127,Surprise,0.1248280674205127
Dubai,2021-09-01,17,0.01086317050024206,0.02424466199762018,0.043739043319981276,0.3690526187967728,0.2684761623249334,0.08773174839477761,0.1958925932207528,0.99999999855508,2021-08-01,1.0,0.017246699422996968,0.02783059973402743,0.04332727802684526,0.24701292413686,0.3095090843737125,0.045655253270108734,0.3094181563838252,35.0,0.13056567615582756,0.06080865600491925,0.11479991476853564,0.03146062291654238,0.3380100287250483,False,-0.006383528922754908,-0.0035859377364072485,0.0004117652931360169,0.12203969465991282,-0.04103292204877912,0.04207649512466888,-0.11352556316307238,Joy,0.12203969465991282
Dubai,2021-10-01,13,0.009772770554543623,0.007991155940824354,0.011262729217728109,0.3752703564062428,0.3028135345532344,0.013346873743172968,0.2795425923182987,1.000000012734045,2021-09-01,1.0,0.01086317050024206,0.02424466199762018,0.043739043319981276,0.3690526187967728,0.2684761623249334,0.08773174839477761,0.1958925932207528,17.0,0.16375859046426955,0.022069040637673232,0.11479991476853564,0.03146062291654238,1.0496494886440668,False,-0.0010903999456984368,-0.016253506056795826,-0.03247631410225317,0.0062177376094699754,0.03433737222830102,-0.07438487465160465,0.08364999909754589,Surprise,0.08364999909754589
Dubai,2021-11-01,32,0.02816366725164694,0.02674134554945336,0.05119514959096701,0.3706626428647723,0.28582304298470257,0.07180575661550388,0.1656083987327292,1.0000000035897754,2021-10-01,1.0,0.009772770554543623,0.007991155940824354,0.011262729217728109,0.3752703564062428,0.3028135345532344,0.013346873743172968,0.2795425923182987,13.0,0.1744464328911311,0.028864109451060105,0.11479991476853564,0.03146062291654238,1.2787914778552074,False,0.018390896697103316,0.01875018960862901,0.039932420373238894,-0.004607713541470493,-0.01699049156853183,0.05845888287233091,-0.1139341935855695,Surprise,-0.1139341935855695
Dubai,2021-12-01,53,0.01040389840842553,0.014228634902535234,0.07953593651829985,0.40324824305145807,0.3165587164848199,0.02297627260987555,0.1530482936474793,0.9999999956228934,2021-11-01,1.0,0.02816366725164694,0.02674134554945336,0.05119514959096701,0.3706626428647723,0.28582304298470257,0.07180575661550388,0.1656083987327292,32.0,0.11001649966109357,0.008275863577716813,0.11479991476853564,0.03146062291654238,-0.10255402439197056,False,-0.01775976884322141,-0.012512710646918127,0.028340786927332842,0.03258560018668577,0.030735673500117355,-0.04882948400562834,-0.012560105085249906,Sadness,-0.04882948400562834
Dubai,2022-01-01,20,0.012224619556218334,0.07213513214956033,0.058850253230775654,0.22900140350684522,0.39221001388505095,0.07179165125126016,0.16378693568985905,1.0000000092695698,2021-12-01,1.0,0.01040389840842553,0.014228634902535234,0.07953593651829985,0.40324824305145807,0.3165587164848199,0.02297627260987555,0.1530482936474793,53.0,0.1797113513540621,0.0749836474350768,0.11479991476853564,0.03146062291654238,1.3916686930542652,False,0.0018207211477928049,0.057906497247025096,-0.020685683287524195,-0.17424683954461284,0.07565129740023102,0.04881537864138462,0.010738642042379759,Joy,-0.17424683954461284
Dubai,2022-02-01,28,0.011191522956193783,0.025496431734479397,0.018748227873792093,0.3914412047514425,0.2742953397267099,0.05606254777272359,0.22276473160932903,1.0000000064246701,2022-01-01,1.0,0.012224619556218334,0.07213513214956033,0.058850253230775654,0.22900140350684522,0.39221001388505095,0.07179165125126016,0.16378693568985905,20.0,0.1732023597125206,0.0882601502199517,0.11479991476853564,0.03146062291654238,1.2521191719317428,False,-0.0010330966000245516,-0.04663870041508093,-0.04010202535698356,0.16243980124459728,-0.11791467415834106,-0.015729103478536573,0.05897779591946997,Joy,0.16243980124459728
Dubai,2022-03-01,33,0.016541960836162342,0.025533183304959798,0.01771336686479939,0.4537808846287203,0.3068051419827635,0.02846060628706415,0.1511648559209072,0.9999999998253768,2022-02-01,1.0,0.011191522956193783,0.025496431734479397,0.018748227873792093,0.3914412047514425,0.2742953397267099,0.05606254777272359,0.22276473160932903,28.0,0.0872725944732922,0.0154604425036593,0.11479991476853564,0.03146062291654238,-0.5901719615786389,False,0.005350437879968559,3.6751570480400564e-05,-0.001034861008992704,0.06233967987727779,0.0325098022560536,-0.02760194148565944,-0.07159987568842183,Surprise,-0.07159987568842183
Dubai,2022-04-01,51,0.014890376873332596,0.030901589325866532,0.0370687982695195,0.3513222537825213,0.3385261610132076,0.04701740974697335,0.18027341688124862,1.0000000058926695,2022-03-01,1.0,0.016541960836162342,0.025533183304959798,0.01771336686479939,0.4537808846287203,0.3068051419827635,0.02846060628706415,0.1511648559209072,33.0,0.0857179561846278,0.018462887068301792,0.11479991476853564,0.03146062291654238,-0.6235026279321261,False,-0.0016515839628297464,0.005368406020906734,0.019355431404720107,-0.102458630846199,0.03172101903044411,0.018556803459909198,0.029108560960341423,Joy,-0.102458630846199
Dubai,2022-05-01,91,0.014090962127838644,0.02598717909019722,0.025951226553713333,0.3464771953282192,0.318534720909096,0.0381381994875782,0.23082051289800018,0.9999999963946428,2022-04-01,1.0,0.014890376873332596,0.030901589325866532,0.0370687982695195,0.3513222537825213,0.3385261610132076,0.04701740974697335,0.18027341688124862,51.0,0.05054483796513529,0.0057853300306777156,0.11479991476853564,0.03146062291654238,-1.3775966680273455,False,-0.0007994147454939513,-0.0049144102356693115,-0.011117571715806164,-0.004845058454302109,-0.01999144010411158,-0.00887921025939515,0.05054709601675156,Surprise,0.05054709601675156
Dubai,2022-06-01,61,0.013931350383647963,0.02613545521773148,0.013883089836587563,0.4709741091432019,0.25241922439442427,0.017858920870806788,0.20479783900158446,0.9999999888479845,2022-05-01,1.0,0.014090962127838644,0.02598717909019722,0.025951226553713333,0.3464771953282192,0.318534720909096,0.0381381994875782,0.23082051289800018,91.0,0.09936387259975882,0.03135024211066484,0.11479991476853564,0.03146062291654238,-0.33094101380190455,False,-0.00015961174419068178,0.0001482761275342602,-0.01206813671712577,0.12449691381498273,-0.06611549651467175,-0.02027927861677141,-0.026022673896415716,Joy,0.12449691381498273
Dubai,2022-07-01,29,0.011060406447885956,0.09955139442925048,0.024832726758804345,0.43687143309065946,0.25993377455221167,0.06515527736186848,0.10259499818343537,1.0000000108241156,2022-06-01,1.0,0.013931350383647963,0.02613545521773148,0.013883089836587563,0.4709741091432019,0.25241922439442427,0.017858920870806788,0.20479783900158446,61.0,0.16871989852339137,0.02907067360124438,0.11479991476853564,0.03146062291654238,1.1560174488321053,False,-0.002870943935762007,0.07341593921151901,0.010949636922216783,-0.03410267605254247,0.007514550157787403,0.04729635649106169,-0.1022028408181491,Surprise,-0.1022028408181491
Dubai,2022-08-01,13,0.02014936995692546,0.05259045325398726,0.037981231329747664,0.2669573563930148,0.2594484296770623,0.014702023248761277,0.34817113587632775,0.9999999997358265,2022-07-01,1.0,0.011060406447885956,0.09955139442925048,0.024832726758804345,0.43687143309065946,0.25993377455221167,0.06515527736186848,0.10259499818343537,29.0,0.24361894994214142,0.1712128702135337,0.11479991476853564,0.03146062291654238,2.7618156021605693,False,0.009088963509039504,-0.04696094117526323,0.013148504570943319,-0.16991407669764463,-0.00048534487514939606,-0.0504532541131072,0.24557613769289238,Surprise,0.24557613769289238
Dubai,2022-09-01,31,0.027055297720982006,0.07753791026921278,0.07358973528138328,0.309249150908492,0.3001980516278455,0.04531511737995086,0.16705473544706978,0.9999999986349362,2022-08-01,1.0,0.02014936995692546,0.05259045325398726,0.037981231329747664,0.2669573563930148,0.2594484296770623,0.014702023248761277,0.34817113587632775,13.0,0.16193475210969643,0.07687062970585412,0.11479991476853564,0.03146062291654238,1.010547307691613,False,0.006905927764056546,0.02494745701522552,0.03560850395163562,0.042291794515477155,0.040749621950783244,0.03061309413118958,-0.18111640042925797,Surprise,-0.18111640042925797
Dubai,2022-10-01,37,0.014892275580456684,0.03417768468765688,0.060007714781268276,0.32583773531951005,0.26572524907218437,0.057044588136360805,0.24231474923372667,0.9999999968111638,2022-09-01,1.0,0.027055297720982006,0.07753791026921278,0.07358973528138328,0.309249150908492,0.3001980516278455,0.04531511737995086,0.16705473544706978,31.0,0.10004684367781524,0.019541215514907728,0.11479991476853564,0.03146062291654238,-0.31629845591704986,False,-0.012163022140525321,-0.043360225581555896,-0.013582020500115005,0.01658858441101807,-0.03447280255566115,0.011729470756409947,0.07526001378665689,Surprise,0.07526001378665689
Dubai,2022-11-01,50,0.03193276041303757,0.05662301764823493,0.04453736586961891,0.32323394567240027,0.29144463804550463,0.06293770149582992,0.18929057533387092,1.0000000044784971,2022-10-01,1.0,0.014892275580456684,0.03417768468765688,0.060007714781268276,0.32583773531951005,0.26572524907218437,0.057044588136360805,0.24231474923372667,37.0,0.07461291567454782,0.00934233247975158,0.11479991476853564,0.03146062291654238,-0.8615891351166493,False,0.01704048483258088,0.022445332960578046,-0.015470348911649369,-0.0026037896471097777,0.025719388973320267,0.005893113359469113,-0.05302417389985575,Surprise,-0.05302417389985575
Dubai,2022-12-01,46,0.03058853189450805,0.04996357953401136,0.03435459513338683,0.23389021075411656,0.4062540720662345,0.1043661189285795,0.14058287974204053,0.9999999880528773,2022-11-01,1.0,0.03193276041303757,0.05662301764823493,0.04453736586961891,0.32323394567240027,0.29144463804550463,0.06293770149582992,0.18929057533387092,50.0,0.11479991476853564,0.05103725355269295,0.11479991476853564,0.03146062291654238,0.0,False,-0.0013442285185295173,-0.006659438114223572,-0.010182770736232076,-0.08934373491828371,0.11480943402072985,0.04142841743274958,-0.048707695591830386,Neutral,0.11480943402072985
Dubai,2023-01-01,58,0.012403816437340646,0.02215428133886543,0.019032045004082444,0.4860936091161044,0.2786546554496704,0.05041886748874491,0.13124272200391335,0.9999999968387216,2022-12-01,1.0,0.03058853189450805,0.04996357953401136,0.03435459513338683,0.23389021075411656,0.4062540720662345,0.1043661189285795,0.14058287974204053,46.0,0.19817108161706967,0.13488438072083775,0.11479991476853564,0.03146062291654238,1.7874360653478276,False,-0.018184715457167405,-0.027809298195145927,-0.015322550129304387,0.2522033983619878,-0.1275994166165641,-0.05394725143983459,-0.009340157738127186,Joy,0.2522033983619878
Dubai,2023-02-01,54,0.012342877417621667,0.032263339503616456,0.016373029202373688,0.5114472846552316,0.2596963893587666,0.06563006300927583,0.10224702782256319,1.0000000109694491,2023-01-01,1.0,0.012403816437340646,0.02215428133886543,0.019032045004082444,0.4860936091161044,0.2786546554496704,0.05041886748874491,0.13124272200391335,58.0,0.04746271417903498,0.0030917778051028355,0.11479991476853564,0.03146062291654238,-1.4436758584883695,False,-6.093901971897936e-05,0.010109058164751026,-0.0026590158017087556,0.025353675539127207,-0.018958266090903786,0.01521119552053092,-0.02899569418135016,Surprise,-0.02899569418135016
Dubai,2023-03-01,72,0.026092131065929048,0.03033976030160875,0.026915787869155647,0.3905087151716644,0.3079064599134856,0.04070746915143289,0.17752967759669339,1.0000000010699697,2023-02-01,1.0,0.012342877417621667,0.032263339503616456,0.016373029202373688,0.5114472846552316,0.2596963893587666,0.06563006300927583,0.10224702782256319,54.0,0.11667413567602072,0.03269334324786222,0.11479991476853564,0.03146062291654238,0.04018235765554333,False,0.013749253648307381,-0.0019235792020077074,0.010542758666781959,-0.12093856948356718,0.04821007055471899,-0.024922593857842942,0.0752826497741302,Joy,-0.12093856948356718
Dubai,2023-04-01,33,0.01562924113011716,0.10629387311355179,0.013720460826968449,0.31565421877894545,0.37483876411605516,0.0584993413649499,0.11536409695999636,0.9999999962905843,2023-03-01,1.0,0.026092131065929048,0.03033976030160875,0.026915787869155647,0.3905087151716644,0.3079064599134856,0.04070746915143289,0.17752967759669339,72.0,0.14384210462024705,0.03652598970751386,0.11479991476853564,0.03146062291654238,0.6226500062298268,False,-0.01046288993581189,0.07595411281194304,-0.013195327042187198,-0.07485449639271896,0.06693230420256957,0.01779187221351701,-0.062165580636697026,Disgust,0.07595411281194304
Dubai,2023-05-01,41,0.04427726861237112,0.03037113284553032,0.015245733969339419,0.4129716702907278,0.3309610629022666,0.0781569256867486,0.08801620742362896,1.0000000017306128,2023-04-01,1.0,0.01562924113011716,0.10629387311355179,0.013720460826968449,0.31565421877894545,0.37483876411605516,0.0584993413649499,0.11536409695999636,33.0,0.14258327752905886,0.032572991534381424,0.11479991476853564,0.03146062291654238,0.5956613838093859,False,0.028648027482253962,-0.07592274026802147,0.0015252731423709698,0.09731745151178234,-0.043877701213788534,0.019657584321798705,-0.027347889536367395,Joy,0.09731745151178234
Dubai,2023-06-01,32,0.02469663554074936,0.01159885131619371,0.035478534822686876,0.3643145049136364,0.25538582305307495,0.06012648859905307,0.24839915584016123,0.9999999940855557,2023-05-01,1.0,0.04427726861237112,0.03037113284553032,0.015245733969339419,0.4129716702907278,0.3309610629022666,0.0781569256867486,0.08801620742362896,41.0,0.17136849057119413,0.06122529529757981,0.11479991476853564,0.03146062291654238,1.2128019359346673,False,-0.01958063307162176,-0.01877228152933661,0.020232800853347457,-0.04865716537709136,-0.07557523984919168,-0.018030437087695535,0.16038294841653228,Surprise,0.16038294841653228
Dubai,2023-07-01,29,0.04210894554452002,0.04135028659647068,0.058331599796255046,0.3686011914376587,0.26433529555476426,0.048502256917157004,0.17677041974143476,0.9999999955882604,2023-06-01,1.0,0.02469663554074936,0.01159885131619371,0.035478534822686876,0.3643145049136364,0.25538582305307495,0.06012648859905307,0.24839915584016123,32.0,0.10185358198853452,0.013147712567078806,0.11479991476853564,0.03146062291654238,-0.27756289134120127,False,0.01741231000377066,0.029751435280276968,0.02285306497356817,0.004286686524022254,0.008949472501689315,-0.011624231681896066,-0.07162873609872647,Surprise,-0.07162873609872647
Dubai,2023-08-01,47,0.02754683085429933,0.039641741166594684,0.03571611659432896,0.2837354497379682,0.31811679850154095,0.056058484649761195,0.23918457523463885,0.9999999967391322,2023-07-01,1.0,0.04210894554452002,0.04135028659647068,0.058331599796255046,0.3686011914376587,0.26433529555476426,0.048502256917157004,0.17677041974143476,29.0,0.0929881853822229,0.030034068889504995,0.11479991476853564,0.03146062291654238,-0.46763255483197036,False,-0.01456211469022069,-0.0017085454298759947,-0.022615483201926086,-0.08486574169969047,0.053781502946776694,0.007556227732604191,0.06241415549320409,Joy,-0.08486574169969047
Dubai,2023-09-01,33,0.022936500697114427,0.02675373553277243,0.04549065872208409,0.40620556816628034,0.3076502223019347,0.049751033703090974,0.14121227580207313,0.9999999949253502,2023-08-01,1.0,0.02754683085429933,0.039641741166594684,0.03571611659432896,0.2837354497379682,0.31811679850154095,0.056058484649761195,0.23918457523463885,47.0,0.11406652244547803,0.044457093850887364,0.11479991476853564,0.03146062291654238,-0.01572356412695984,False,-0.004610330157184903,-0.012888005633822253,0.00977454212775513,0.12247011842831212,-0.010466576199606281,-0.0063074509466702205,-0.09797229943256572,Joy,0.12247011842831212
Dubai,2023-10-01,51,0.02447262857858014,0.04924271715572098,0.03132358480212913,0.33442557821342467,0.2901115638623927,0.0549816352351769,0.21544229091309447,0.9999999987605188,2023-09-01,1.0,0.022936500697114427,0.02675373553277243,0.04549065872208409,0.40620556816628034,0.3076502223019347,0.049751033703090974,0.14121227580207313,33.0,0.09047087168706802,0.019673115824705212,0.11479991476853564,0.03146062291654238,-0.5216024997973376,False,0.0015361278814657112,0.022488981622948552,-0.014167073919954962,-0.07177998995285567,-0.017538658439542,0.005230601532085925,0.07423001511102134,Surprise,0.07423001511102134
Dubai,2023-11-01,51,0.03421837003107233,0.06798953922949362,0.05912972771329801,0.2991329535394541,0.30623017160185406,0.06577257207804811,0.16752666786915674,1.000000002062377,2023-10-01,1.0,0.02447262857858014,0.04924271715572098,0.03132358480212913,0.33442557821342467,0.2901115638623927,0.0549816352351769,0.21544229091309447,51.0,0.07533840107741956,0.009506498940639596,0.11479991476853564,0.03146062291654238,-0.8460350913987265,False,0.009745741452492192,0.018746822073772637,0.027806142911168882,-0.03529262467397054,0.016118607739461388,0.010790936842871211,-0.04791562304393773,Surprise,-0.04791562304393773
Dubai,2023-12-01,30,0.02250192199911296,0.030321817426010915,0.00908940211714551,0.4693511739101571,0.28665334309140833,0.07135217600346849,0.11073017587574815,1.0000000104230515,2023-11-01,1.0,0.03421837003107233,0.06798953922949362,0.05912972771329801,0.2991329535394541,0.30623017160185406,0.06577257207804811,0.16752666786915674,51.0,0.16494852349478534,0.05226889016103364,0.11479991476853564,0.03146062291654238,1.0751610569055103,False,-0.01171644803195937,-0.037667721803482705,-0.0500403255961525,0.170218220370703,-0.019576828510445732,0.005579603925420382,-0.05679649199340858,Joy,0.170218220370703
Dubai,2024-01-01,30,0.05146904917977125,0.030333204352064012,0.02645755355382179,0.32235616476585466,0.3134476348136862,0.06714317088092982,0.1887932195405786,0.9999999970867063,2023-12-01,1.0,0.02250192199911296,0.030321817426010915,0.00908940211714551,0.4693511739101571,0.28665334309140833,0.07135217600346849,0.11073017587574815,30.0,0.13216620780576993,0.0437653929758226,0.11479991476853564,0.03146062291654238,0.37232462576115727,False,0.02896712718065829,1.1386926053097435e-05,0.017368151436676277,-0.14699500914430247,0.026794291722277874,-0.004209005122538675,0.07806304366483044,Joy,-0.14699500914430247
Dubai,2024-02-01,56,0.016252823383963087,0.05554244449792476,0.021576031556053563,0.35354001514497213,0.27604487826465623,0.09048356883327605,0.18656023567018562,0.9999999973510315,2024-01-01,1.0,0.05146904917977125,0.030333204352064012,0.02645755355382179,0.32235616476585466,0.3134476348136862,0.06714317088092982,0.1887932195405786,30.0,0.09293360925419428,0.009742937221059345,0.11479991476853564,0.03146062291654238,-0.468802639685438,False,-0.03521622579580816,0.025209240145860748,-0.0048815219977682255,0.031183850379117473,-0.03740275654902997,0.02334039795234623,-0.002232983870392974,Neutral,-0.03740275654902997
Dubai,2024-03-01,63,0.0424051325886495,0.0727803103075111,0.04332360768199169,0.3152468095437461,0.29850831124950045,0.053525624852183984,0.17421021267017792,1.0000000088937608,2024-02-01,1.0,0.016252823383963087,0.05554244449792476,0.021576031556053563,0.35354001514497213,0.27604487826465623,0.09048356883327605,0.18656023567018562,56.0,0.09343505955962418,0.009678600415979455,0.11479991476853564,0.03146062291654238,-0.4580517962609543,False,0.026152309204686416,0.01723786580958634,0.02174757612593813,-0.03829320560122601,0.02246343298484421,-0.03695794398109206,-0.012350023000007704,Joy,-0.03829320560122601
Dubai,2024-04-01,37,0.021007793316793755,0.037018554623402304,0.023962819420990513,0.4876524231339981,0.20926061373304672,0.09106994237801107,0.13002787303884283,1.0000000196450853,2024-03-01,1.0,0.0424051325886495,0.0727803103075111,0.04332360768199169,0.3152468095437461,0.29850831124950045,0.053525624852183984,0.17421021267017792,63.0,0.15350545285184838,0.07006547053232437,0.11479991476853564,0.03146062291654238,0.8298273529564199,False,-0.021397339271855748,-0.0357617556841088,-0.01936078826100118,0.17240561359025197,-0.08924769751645373,0.037544317525827084,-0.04418233963133508,Joy,0.17240561359025197
Dubai,2024-05-01,56,0.027524177714699966,0.04167229198667748,0.04613509547717898,0.33853309477230403,0.2714609539502167,0.05120668502682483,0.22346770518509268,1.0000000041129946,2024-04-01,1.0,0.021007793316793755,0.037018554623402304,0.023962819420990513,0.4876524231339981,0.20926061373304672,0.09106994237801107,0.13002787303884283,37.0,0.14118821019137326,0.060456488444760925,0.11479991476853564,0.03146062291654238,0.5657518387325094,False,0.0065163843979062115,0.004653737363275179,0.022172276056188465,-0.14911932836169406,0.06220034021716997,-0.03986325735118624,0.09343983214624985,Joy,-0.14911932836169406
Dubai,2024-06-01,29,0.016454236774608957,0.03212237269978901,0.03037258301026601,0.3921346115510396,0.2910046139410857,0.039949615397651086,0.19796195558818244,0.9999999889626228,2024-05-01,1.0,0.027524177714699966,0.04167229198667748,0.04613509547717898,0.33853309477230403,0.2714609539502167,0.05120668502682483,0.22346770518509268,56.0,0.060991980905104194,0.006209483227802126,0.11479991476853564,0.03146062291654238,-1.1536151552740226,False,-0.011069940940091009,-0.009549919286888475,-0.01576251246691297,0.05360151677873559,0.01954365999086899,-0.011257069629173742,-0.025505749596910238,Joy,0.05360151677873559
Dubai,2024-07-01,18,0.033757960792475644,0.02553765489978503,0.04552997582100535,0.39756412082351744,0.298325592962404,0.03892975991281364,0.16035494953393933,1.0000000147459405,2024-06-01,1.0,0.016454236774608957,0.03212237269978901,0.03037258301026601,0.3921346115510396,0.2910046139410857,0.039949615397651086,0.19796195558818244,29.0,0.059126513528215796,0.0036831755959296775,0.11479991476853564,0.03146062291654238,-1.1936098416172998,False,0.017303724017866687,-0.006584717800003977,0.015157392810739339,0.005429509272477817,0.007320979021318341,-0.001019855484837448,-0.03760700605424311,Surprise,-0.03760700605424311
Dubai,2024-08-01,30,0.055238584933492,0.09328656311457352,0.0356259711630021,0.2611551877014183,0.28699043813782427,0.06525356173515315,0.20244970637140788,1.0000000131568711,2024-07-01,1.0,0.033757960792475644,0.02553765489978503,0.04552997582100535,0.39756412082351744,0.298325592962404,0.03892975991281364,0.16035494953393933,18.0,0.14814872443105573,0.04437893225334799,0.11479991476853564,0.03146062291654238,0.7149817782387996,False,0.021480624141016355,0.06774890821478849,-0.00990400465800325,-0.13640893312209912,-0.011335154824579752,0.02632380182233951,0.04209475683746855,Joy,-0.13640893312209912
Dubai,2024-09-01,53,0.025788055736140996,0.036438083912592935,0.04104422711007257,0.3545125773448919,0.30729426315300307,0.02383949450340187,0.21108328912161148,0.9999999908817147,2024-08-01,1.0,0.055238584933492,0.09328656311457352,0.0356259711630021,0.2611551877014183,0.28699043813782427,0.06525356173515315,0.20244970637140788,30.0,0.13436158439478238,0.023743669400721146,0.11479991476853564,0.03146062291654238,0.41939240039540593,False,-0.029450529197351003,-0.056848479201980585,0.005418255947070474,0.09335738964347357,0.0203038250151788,-0.04141406723175128,0.008633582750203594,Joy,0.09335738964347357
Dubai,2024-10-01,67,0.028458593958821936,0.031818681588542334,0.044959267590076735,0.34490232647973484,0.32982965779782675,0.026099864002525647,0.1939316032864431,0.9999999947039713,2024-09-01,1.0,0.025788055736140996,0.036438083912592935,0.04104422711007257,0.3545125773448919,0.30729426315300307,0.02383949450340187,0.21108328912161148,53.0,0.024397149134863617,0.001749139270704525,0.11479991476853564,0.03146062291654238,-1.938190021909881,False,0.0026705382226809397,-0.0046194023240506005,0.003915040480004163,-0.009610250865157044,0.02253539464482368,0.002260369499123775,-0.01715168583516838,Neutral,0.02253539464482368
Dubai,2024-11-01,40,0.014355902888928485,0.014563593016646285,0.06355903732910514,0.3759129100013524,0.33695847181370475,0.03484709937474686,0.15980297658825288,0.9999999910127368,2024-10-01,1.0,0.028458593958821936,0.031818681588542334,0.044959267590076735,0.34490232647973484,0.32982965779782675,0.026099864002525647,0.1939316032864431,67.0,0.07155675489506765,0.005148044505219773,0.11479991476853564,0.03146062291654238,-0.9271116917178881,False,-0.014102691069893451,-0.01725508857189605,0.01859976973902841,0.031010583521617563,0.0071288140158780045,0.008747235372221211,-0.03412862669819022,Surprise,-0.03412862669819022
Marrakech,2019-02-01,41,0.028573173898976345,0.04538097913467842,0.016551295661640004,0.40942481266073427,0.32766767653136897,0.08691303139529755,0.08548903093877722,1.0000000002214728,2019-01-01,1.0,0.02311520103830839,0.05446484184358265,0.008603833103552418,0.32791684998665005,0.25670755598694084,0.14810560061596328,0.18108612075448033,10.0,0.13490889117435514,0.04057897667916255,0.10270569647618238,0.029080358197380085,0.7469321621311538,False,0.0054579728606679555,-0.009083862708904225,0.007947462558087585,0.08150796267408422,0.07096012054442813,-0.06119256922066574,-0.09559708981570311,Surprise,-0.09559708981570311
Marrakech,2019-03-01,109,0.015430808110576962,0.03906503555721625,0.020578221652663157,0.4725511299164265,0.2473986169148168,0.09389334462835115,0.11108284997711075,1.0000000067571617,2019-02-01,1.0,0.028573173898976345,0.04538097913467842,0.016551295661640004,0.40942481266073427,0.32766767653136897,0.08691303139529755,0.08548903093877722,41.0,0.07789470568503136,0.018607663678924524,0.10270569647618238,0.029080358197380085,-0.5754747990050226,False,-0.013142365788399384,-0.006315943577462173,0.004026925991023153,0.06312631725569223,-0.08026905961655217,0.006980313233053606,0.025593819038333535,Neutral,-0.08026905961655217
Marrakech,2019-04-01,151,0.030203662534392335,0.06676625795504351,0.044754956614739515,0.3352015005588062,0.3312315707039458,0.07461306959658931,0.11722898275039419,1.000000000713911,2019-03-01,1.0,0.015430808110576962,0.03906503555721625,0.020578221652663157,0.4725511299164265,0.2473986169148168,0.09389334462835115,0.11108284997711075,109.0,0.12186276227373526,0.04467567240291359,0.10270569647618238,0.029080358197380085,0.4443356850265185,False,0.014772854423815374,0.027701222397827262,0.024176734962076358,-0.1373496293576203,0.08383295378912903,-0.019280275031761843,0.006146132773283436,Joy,-0.1373496293576203
Marrakech,2019-05-01,154,0.028633999116658242,0.049394748906919375,0.0342070352096736,0.37492549272220843,0.29774473159908094,0.11164051511660576,0.10345348115033744,1.0000000038214838,2019-04-01,1.0,0.030203662534392335,0.06676625795504351,0.044754956614739515,0.3352015005588062,0.3312315707039458,0.07461306959658931,0.11722898275039419,151.0,0.06391508685737451,0.009122272815941357,0.10270569647618238,0.029080358197380085,-0.8997229680012369,False,-0.0015696634177340928,-0.017371509048124137,-0.010547921405065913,0.03972399216340222,-0.033486839104864885,0.03702744552001645,-0.01377550160005675,Joy,0.03972399216340222
Marrakech,2019-06-01,23,0.03913666734360559,0.058736162093144015,0.019742708924003715,0.4338183752058641,0.2698265050902314,0.08463801105466222,0.09410156139537039,0.9999999911068814,2019-05-01,1.0,0.028633999116658242,0.049394748906919375,0.0342070352096736,0.37492549272220843,0.29774473159908094,0.11164051511660576,0.10345348115033744,154.0,0.06364698516208953,0.009031097345660433,0.10270569647618238,0.029080358197380085,-0.9059414125005215,False,0.010502668226947346,0.00934141318622464,-0.014464326285669887,0.05889288248365565,-0.02791822650884951,-0.027002504061943544,-0.009351919754967047,Joy,0.05889288248365565
Marrakech,2019-07-01,12,0.023375990887870953,0.06586252335303769,0.038080065782802756,0.17343574723539246,0.41450828593224287,0.10293605322173481,0.18180134333670137,1.000000009749783,2019-06-01,1.0,0.03913666734360559,0.058736162093144015,0.019742708924003715,0.4338183752058641,0.2698265050902314,0.08463801105466222,0.09410156139537039,23.0,0.21602414169758363,0.18095417253765989,0.10270569647618238,0.029080358197380085,2.6283476559350354,False,-0.015760676455734635,0.007126361259893674,0.01833735685879904,-0.2603826279704716,0.14468178084201144,0.018298042167072592,0.08769978194133098,Joy,-0.2603826279704716
Marrakech,2020-02-01,213,0.03108441340573075,0.055283021387324875,0.03973113895233218,0.3627085686924194,0.330754026332258,0.08020049619637075,0.10023833437333045,0.9999999993397664,2020-01-01,1.0,0.025905855499845674,0.05642932630650208,0.0298220690266411,0.3365434886401762,0.26303955584602506,0.17346231924855834,0.1147973842706288,46.0,0.10806285855798571,0.026866623680581014,0.10270569647618238,0.029080358197380085,0.12425589119813123,False,0.005178557905885076,-0.0011463049191772073,0.009909069925691079,0.026165080052243217,0.06771447048623291,-0.0932618230521876,-0.014559049897298351,Sadness,-0.0932618230521876
Marrakech,2020-03-01,87,0.027394241700885537,0.045209996807041006,0.059830864979724896,0.39924387045668963,0.31117710727936015,0.09486290718691055,0.06228101712814796,1.0000000055387597,2020-02-01,1.0,0.03108441340573075,0.055283021387324875,0.03973113895233218,0.3627085686924194,0.330754026332258,0.08020049619637075,0.10023833437333045,213.0,0.06681480763997254,0.0069638745710620675,0.10270569647618238,0.029080358197380085,-0.8324658298811646,False,-0.0036901717048452125,-0.01007302458028387,0.02009972602739272,0.03653530176427022,-0.019576919052897823,0.014662410990539804,-0.03795731724518249,Surprise,-0.03795731724518249
Marrakech,2021-09-01,14,0.016342503476023083,0.04611242910946848,0.038257733074715326,0.41749186970160473,0.26461966994351566,0.09433145270616346,0.12284433163170298,0.9999999896431938,2021-08-01,1.0,0.02448643569368864,0.023883763276150067,0.04072376620024438,0.38712506845374317,0.3662861854604938,0.05129684721503183,0.10619791643694039,17.0,0.1007671630864076,0.023137000541621155,0.10270569647618238,0.029080358197380085,-0.04496302151879593,False,-0.008143932217665555,0.022228665833318412,-0.002466033125529052,0.030366801247861563,-0.10166651551697814,0.043034605491131625,0.016646415194762593,Neutral,-0.10166651551697814
Marrakech,2021-10-01,25,0.08442275170236822,0.0322093874122947,0.024815127451438407,0.406174294212833,0.2416753404214978,0.1205021074600517,0.09020100519526747,1.0000000138557512,2021-09-01,1.0,0.016342503476023083,0.04611242910946848,0.038257733074715326,0.41749186970160473,0.26461966994351566,0.09433145270616346,0.12284433163170298,14.0,0.12761115163595177,0.013533829042894019,0.10270569647618238,0.029080358197380085,0.5776658386132907,False,0.06808024822634515,-0.013903041697173782,-0.01344260562327692,-0.011317575488771714,-0.02294432952201786,0.026170654753888245,-0.03264332643643551,Anger,0.06808024822634515
Marrakech,2021-11-01,15,0.02299952867130434,0.05774496164328102,0.05129180125271276,0.20488409753888842,0.3914804832388957,0.061826081558441076,0.20977305369451635,1.0000000075980398,2021-10-01,1.0,0.08442275170236822,0.0322093874122947,0.024815127451438407,0.406174294212833,0.2416753404214978,0.1205021074600517,0.09020100519526747,25.0,0.23752701520846445,0.1701160006156327,0.10270569647618238,0.029080358197380085,3.127092825600648,False,-0.06142322303106389,0.025535574230986326,0.02647667380127435,-0.2012901966739446,0.14980514281739793,-0.058676025901610626,0.11957204849924888,Joy,-0.2012901966739446
Marrakech,2021-12-01,10,0.022026857919990973,0.0469486856134608,0.048424451239406995,0.4010248739272356,0.3604276509955525,0.04597597992978987,0.07517148498445744,0.9999999846098943,2021-11-01,1.0,0.02299952867130434,0.05774496164328102,0.05129180125271276,0.20488409753888842,0.3914804832388957,0.061826081558441076,0.20977305369451635,15.0,0.18417382871614982,0.10044676128722341,0.10270569647618238,0.029080358197380085,1.8896003557758319,False,-0.0009726707513133676,-0.010796276029820223,-0.002867350013305764,0.1961407763883472,-0.03105283224334321,-0.015850101628651206,-0.1346015687100589,Joy,0.1961407763883472
Marrakech,2022-04-01,54,0.03887341066082522,0.08983891626876016,0.0531520370460822,0.32424311681986884,0.2548984114718796,0.11676169311222442,0.12223241792957261,1.000000003309213,2022-03-01,1.0,0.018825531533885973,0.08269936270413117,0.039883148329473775,0.34701588393987287,0.29334260629756104,0.09675481750829408,0.12147865653969343,28.0,0.06053533784578519,0.00475447400361817,0.10270569647618238,0.029080358197380085,-0.9781140487728064,False,0.020047879126939245,0.007139553564628989,0.013268888716608425,-0.022772767120004034,-0.038444194825681455,0.020006875603930344,0.0007537613898791762,Neutral,-0.038444194825681455
Marrakech,2022-05-01,37,0.0630488329814004,0.10395218025597211,0.06789113235395598,0.3419056507330891,0.24170369746138312,0.09102761590651963,0.09047087771515987,0.9999999874074801,2022-04-01,1.0,0.03887341066082522,0.08983891626876016,0.0531520370460822,0.32424311681986884,0.2548984114718796,0.11676169311222442,0.12223241792957261,54.0,0.06593943853046998,0.007478560194370321,0.10270569647618238,0.029080358197380085,-0.8527694472008671,False,0.024175422320575186,0.014113263987211952,0.014739095307873783,0.017662533913220257,-0.013194714010496461,-0.025734077205704795,-0.03176154021441274,Surprise,-0.03176154021441274
Marrakech,2022-06-01,27,0.012052536181053453,0.051525186904688755,0.016270302020496185,0.5543581746967027,0.20754047897989272,0.07898658617503108,0.07926673543665347,1.0000000003945184,2022-05-01,1.0,0.0630488329814004,0.10395218025597211,0.06789113235395598,0.3419056507330891,0.24170369746138312,0.09102761590651963,0.09047087771515987,37.0,0.19042345733851607,0.060148182452760324,0.10270569647618238,0.029080358197380085,2.0345564280901614,False,-0.05099629680034695,-0.052426993351283355,-0.051620830333459794,0.21245252396361358,-0.0341632184814904,-0.012041029731488545,-0.011204142278506399,Joy,0.21245252396361358
Marrakech,2022-07-01,27,0.019250959735708603,0.06606855897094911,0.12088735989312188,0.34139020055428976,0.27378605373410714,0.11476157923849915,0.06385528880464666,1.0000000009313224,2022-06-01,1.0,0.012052536181053453,0.051525186904688755,0.016270302020496185,0.5543581746967027,0.20754047897989272,0.07898658617503108,0.07926673543665347,27.0,0.2014264789062116,0.08003684855096882,0.10270569647618238,0.029080358197380085,2.2897643590598444,False,0.007198423554655151,0.014543372066260357,0.1046170578726257,-0.21296797414241292,0.06624557475421441,0.03577499306346807,-0.015411446632006803,Joy,-0.21296797414241292
Marrakech,2022-08-01,36,0.035785884547900985,0.09473654444122476,0.09461375661097307,0.28629384402948843,0.2982027969491254,0.09823194975292099,0.09213522729179299,1.0000000036234267,2022-07-01,1.0,0.019250959735708603,0.06606855897094911,0.12088735989312188,0.34139020055428976,0.27378605373410714,0.11476157923849915,0.06385528880464666,27.0,0.08018614235661357,0.013851688768532044,0.10270569647618238,0.029080358197380085,-0.5223264153265352,False,0.016534924812192382,0.028667985470275645,-0.02627360328214881,-0.055096356524801327,0.024416743215018244,-0.016529629485578165,0.028279938487146328,Joy,-0.055096356524801327
Marrakech,2022-09-01,31,0.038605702657913445,0.04923853859861166,0.07508294118170232,0.2830569757666859,0.2998498913141028,0.13717336943673508,0.11699257216100849,0.9999999911167596,2022-08-01,1.0,0.035785884547900985,0.09473654444122476,0.09461375661097307,0.28629384402948843,0.2982027969491254,0.09823194975292099,0.09213522729179299,36.0,0.08130676773011052,0.010919059354872584,0.10270569647618238,0.029080358197380085,-0.4963342384319677,False,0.002819818110012459,-0.0454980058426131,-0.01953081542927075,-0.003236868262802506,0.0016470943649773973,0.038941419683814094,0.024857344869215495,Disgust,-0.0454980058426131
Marrakech,2022-10-01,76,0.032986337704259204,0.08589728879604461,0.048997198163353996,0.3165963943266481,0.3483446203539834,0.0769160549787461,0.09026210062591795,0.9999999949489534,2022-09-01,1.0,0.038605702657913445,0.04923853859861166,0.07508294118170232,0.2830569757666859,0.2998498913141028,0.13717336943673508,0.11699257216100849,31.0,0.10270569647618238,0.018771948263293536,0.10270569647618238,0.029080358197380085,0.0,False,-0.005619364953654241,0.03665875019743295,-0.026085743018348324,0.033539418559962175,0.04849472903988061,-0.060257314457988986,-0.026730471535090533,Sadness,-0.060257314457988986
Marrakech,2022-11-01,65,0.02549949212519161,0.08127921097777563,0.056642218683219406,0.2577958724819696,0.3848245720235774,0.07655388519991757,0.1174047521763266,1.0000000036679777,2022-10-01,1.0,0.032986337704259204,0.08589728879604461,0.048997198163353996,0.3165963943266481,0.3483446203539834,0.0769160549787461,0.09026210062591795,76.0,0.05711139625145041,0.011518568885699132,0.10270569647618238,0.029080358197380085,-1.057530147766624,False,-0.007486845579067595,-0.0046180778182689786,0.00764502051986541,-0.05880052184467849,0.036479951669594,-0.00036216977882852497,0.02714265155040864,Joy,-0.05880052184467849
Marrakech,2022-12-01,41,0.02592748108109818,0.050847295169127935,0.06713180735042859,0.32822706071637203,0.27985853592797016,0.11452848487533626,0.13347932938259183,0.999999994502925,2022-11-01,1.0,0.02549949212519161,0.08127921097777563,0.056642218683219406,0.2577958724819696,0.3848245720235774,0.07655388519991757,0.1174047521763266,65.0,0.10213358760673498,0.039005165660366714,0.10270569647618238,0.029080358197380085,-0.013269693234969846,False,0.00042798895590656985,-0.030431915808647694,0.010489588667209185,0.07043118823440242,-0.10496603609560723,0.03797459967541869,0.016074577206265234,Neutral,-0.10496603609560723
Marrakech,2023-01-01,42,0.04557210694821103,0.05787809534757836,0.08864204438785753,0.3296123088234924,0.2548357503144957,0.13281153595086095,0.09064815315235002,0.9999999949248459,2022-12-01,1.0,0.02592748108109818,0.050847295169127935,0.06713180735042859,0.32822706071637203,0.27985853592797016,0.11452848487533626,0.13347932938259183,41.0,0.0701158463776273,0.00807100198896038,0.10270569647618238,0.029080358197380085,-0.7559003827351686,False,0.019644625867112853,0.007030800178450425,0.021510237037428936,0.0013852481071203737,-0.025022785613474485,0.018283051075524692,-0.04283117623024181,Surprise,-0.04283117623024181
Marrakech,2023-02-01,23,0.02785250284891247,0.07666835308064825,0.10870292493769815,0.2770907704202134,0.32864694674904255,0.10418582537575903,0.07685264065841452,0.9999999640706883,2023-01-01,1.0,0.04557210694821103,0.05787809534757836,0.08864204438785753,0.3296123088234924,0.2548357503144957,0.13281153595086095,0.09064815315235002,42.0,0.08293453655446212,0.023630165101470424,0.10270569647618238,0.029080358197380085,-0.45857919894541593,False,-0.017719604099298562,0.018790257733069887,0.02006088054984062,-0.052521538403279,0.07381119643454687,-0.028625710575101923,-0.0137955124939355,Neutral,0.07381119643454687
Marrakech,2023-03-01,30,0.08550321426203779,0.05288391681970092,0.07021990984018575,0.3191391947756832,0.33587423578525577,0.08164148211168741,0.05473804615127539,0.9999999997458263,2023-02-01,1.0,0.02785250284891247,0.07666835308064825,0.10870292493769815,0.2770907704202134,0.32864694674904255,0.10418582537575903,0.07685264065841452,23.0,0.11510047012372637,0.016951926747884927,0.10270569647618238,0.029080358197380085,0.2874887155283258,False,0.05765071141312532,-0.023784436260947325,-0.038483015097512396,0.04204842435546979,0.007227289036213225,-0.02254434326407162,-0.02211459450713913,Anger,0.05765071141312532
Marrakech,2023-04-01,52,0.042134084717522766,0.06625099560411535,0.03788857009707355,0.3364532842265012,0.269127890740772,0.13391906145709348,0.11422611825177084,1.0000000050948492,2023-03-01,1.0,0.08550321426203779,0.05288391681970092,0.07021990984018575,0.3191391947756832,0.33587423578525577,0.08164148211168741,0.05473804615127539,30.0,0.1307640638482859,0.029965760124364138,0.10270569647618238,0.029080358197380085,0.6507955873180699,False,-0.04336912954451502,0.013367078784414427,-0.032331339743112204,0.017314089450818027,-0.06674634504448379,0.05227757934540607,0.059488072100495455,Neutral,-0.06674634504448379
Marrakech,2023-05-01,52,0.03132337626951849,0.06342279977756189,0.05622098964914372,0.3589139430662796,0.3038764027744316,0.105501966295728,0.0807405262558649,1.0000000040885282,2023-04-01,1.0,0.042134084717522766,0.06625099560411535,0.03788857009707355,0.3364532842265012,0.269127890740772,0.13391906145709348,0.11422611825177084,52.0,0.06566448535112104,0.007546395600760647,0.10270569647618238,0.029080358197380085,-0.8591468074181,False,-0.010810708448004275,-0.0028281958265534562,0.01833241955207017,0.02246065883977838,0.03474851203365964,-0.02841709516136548,-0.033485591995905936,Neutral,0.03474851203365964
Marrakech,2023-06-01,23,0.022166887579141547,0.02448079371369318,0.09177083531192136,0.3588793143053013,0.34605839469915495,0.0760922162165946,0.08055156030003786,1.0000000021258448,2023-05-01,1.0,0.03132337626951849,0.06342279977756189,0.05622098964914372,0.3589139430662796,0.3038764027744316,0.105501966295728,0.0807405262558649,52.0,0.09432425005813469,0.009637143942051396,0.10270569647618238,0.029080358197380085,-0.19440219995235433,False,-0.009156488690376944,-0.03894200606386871,0.03554984566277764,-3.462876097831691e-05,0.04218199192472333,-0.029409750079133407,-0.0001889659558270418,Neutral,0.04218199192472333
Marrakech,2023-07-01,43,0.04385194479390367,0.07948059246802243,0.047985357844249066,0.3517605851168831,0.30042549622310105,0.0668050808247265,0.10969095367418467,1.0000000109450704,2023-06-01,1.0,0.022166887579141547,0.02448079371369318,0.09177083531192136,0.3588793143053013,0.34605839469915495,0.0760922162165946,0.08055156030003786,23.0,0.1227013715475418,0.014964716539461187,0.10270569647618238,0.029080358197380085,0.46378668185892574,False,0.021685057214762122,0.05499979875432925,-0.04378547746767229,-0.007118729188418216,-0.045632898476053896,-0.009287135391868095,0.02913939337414681,Disgust,0.05499979875432925
Marrakech,2023-08-01,63,0.04873721565799931,0.08105266863103242,0.06514424914013708,0.26560538101711284,0.29414543696671785,0.1051492883106841,0.14016574858004102,0.9999999883037246,2023-07-01,1.0,0.04385194479390367,0.07948059246802243,0.047985357844249066,0.3517605851168831,0.30042549622310105,0.0668050808247265,0.10969095367418467,43.0,0.0827099617516768,0.018996980865992552,0.10270569647618238,0.029080358197380085,-0.46378806547486406,False,0.004885270864095639,0.001572076163009986,0.017158891295888018,-0.08615520409977023,-0.006280059256383197,0.0383442074859576,0.030474794905856348,Joy,-0.08615520409977023
Marrakech,2023-09-01,37,0.04542376767888006,0.12760711342058567,0.053234822560428934,0.1804031872778904,0.3609892687684781,0.12221407961427556,0.11012775554145508,0.9999999948619938,2023-08-01,1.0,0.04873721565799931,0.08105266863103242,0.06514424914013708,0.26560538101711284,0.29414543696671785,0.1051492883106841,0.14016574858004102,63.0,0.09986997133373081,0.036695403712423746,0.10270569647618238,0.029080358197380085,-0.06577280085758734,False,-0.003313447979119248,0.046554444789553256,-0.01190942657970815,-0.08520219373922244,0.06684383180176023,0.017064791303591467,-0.03003799303858594,Joy,-0.08520219373922244
Marrakech,2023-10-01,40,0.025571419039624694,0.09809582514862991,0.05075321507320037,0.2384248144284356,0.3409751150931697,0.14910743910877494,0.09707218455732797,1.000000012449163,2023-09-01,1.0,0.04542376767888006,0.12760711342058567,0.053234822560428934,0.1804031872778904,0.3609892687684781,0.12221407961427556,0.11012775554145508,37.0,0.0736253382788023,0.01372247300704832,0.10270569647618238,0.029080358197380085,-0.6745,False,-0.019852348639255366,-0.02951128827195576,-0.0024816074872285668,0.05802162715054521,-0.0200141536753084,0.026893359494499378,-0.013055570984127116,Joy,0.05802162715054521
Marrakech,2023-11-01,24,0.010809138994469876,0.03704566953335108,0.046073364937910775,0.27413559481889627,0.3624154079395036,0.1835575529451792,0.08596327718502528,1.0000000063543362,2023-10-01,1.0,0.025571419039624694,0.09809582514862991,0.05075321507320037,0.2384248144284356,0.3409751150931697,0.14910743910877494,0.09707218455732797,40.0,0.10294250467437192,0.012421905505279218,0.10270569647618238,0.029080358197380085,0.005492612181552646,False,-0.014762280045154818,-0.06105015561527883,-0.004679850135289591,0.03571078039046066,0.02144029284633392,0.034450113836404256,-0.01110890737230269,Disgust,-0.06105015561527883
Marrakech,2023-12-01,53,0.05797859129302621,0.10885604998461441,0.039595726646816765,0.2678842335447388,0.32512336444847706,0.09223320715586247,0.10832882272782467,0.9999999958013603,2023-11-01,1.0,0.010809138994469876,0.03704566953335108,0.046073364937910775,0.27413559481889627,0.3624154079395036,0.1835575529451792,0.08596327718502528,24.0,0.16465521748093379,0.03499387443920077,0.10270569647618238,0.029080358197380085,1.4368788594037787,False,0.04716945229855633,0.07181038045126334,-0.006477638291094011,-0.006251361274157485,-0.03729204349102655,-0.09132434578931672,0.02236554554279939,Sadness,-0.09132434578931672
Marrakech,2024-01-01,48,0.021366304308078978,0.07093780569145257,0.05856954593279317,0.32243382023201167,0.28353654143090046,0.12619212580223874,0.11696384708920955,0.9999999904866852,2023-12-01,1.0,0.05797859129302621,0.10885604998461441,0.039595726646816765,0.2678842335447388,0.32512336444847706,0.09223320715586247,0.10832882272782467,53.0,0.10346853991831438,0.020559950545003702,0.10270569647618238,0.029080358197380085,0.01769365763054417,False,-0.03661228698494723,-0.037918244293161846,0.018973819285976405,0.05454958668727289,-0.0415868230175766,0.03395891864637626,0.008635024361384885,Joy,0.05454958668727289
Marrakech,2024-02-01,45,0.0661520855553034,0.090457668983274,0.059417091564844406,0.25276232512357333,0.35061343424022196,0.08498886915751624,0.09560851347374001,0.9999999880984733,2024-01-01,1.0,0.021366304308078978,0.07093780569145257,0.05856954593279317,0.32243382023201167,0.28353654143090046,0.12619212580223874,0.11696384708920955,48.0,0.11426026636491092,0.031392864504586226,0.10270569647618238,0.029080358197380085,0.26800073565288945,False,0.04478578124722442,0.019519863291821427,0.0008475456320512359,-0.06967149510843834,0.0670768928093215,-0.04120325664472249,-0.02135533361546954,Joy,-0.06967149510843834
Marrakech,2024-03-01,63,0.07489695249398841,0.06056596885808547,0.07821319514787604,0.3178270305857978,0.2922612426152068,0.10170347870896669,0.07453214025701435,1.0000000086669356,2024-02-01,1.0,0.0661520855553034,0.090457668983274,0.059417091564844406,0.25276232512357333,0.35061343424022196,0.08498886915751624,0.09560851347374001,45.0,0.0805116992968498,0.022157145519965393,0.10270569647618238,0.029080358197380085,-0.5147753337786773,False,0.008744866938685009,-0.029891700125188526,0.01879610358303164,0.06506470546222448,-0.05835219162501515,0.016714609551450446,-0.02107637321672566,Joy,0.06506470546222448
Marrakech,2024-04-01,98,0.0491618479326443,0.07439719466967692,0.06792974711231864,0.2528955045403266,0.3174809342943968,0.11455182596204835,0.12358294325115687,0.9999999977625684,2024-03-01,1.0,0.07489695249398841,0.06056596885808547,0.07821319514787604,0.3178270305857978,0.2922612426152068,0.10170347870896669,0.07453214025701435,63.0,0.08515250053062624,0.019401789201119568,0.10270569647618238,0.029080358197380085,-0.4071349666643472,False,-0.025735104561344112,0.013831225811591456,-0.010283448035557405,-0.0649315260454712,0.02521969167918997,0.012848347253081663,0.04905080299414252,Joy,-0.0649315260454712
Marrakech,2024-05-01,73,0.03759646424162516,0.054013443212917865,0.07595562136593295,0.2799464141398234,0.3673524946892915,0.09666458789533484,0.08847097539636367,1.0000000009412893,2024-04-01,1.0,0.0491618479326443,0.07439719466967692,0.06792974711231864,0.2528955045403266,0.3174809342943968,0.11455182596204835,0.12358294325115687,98.0,0.06635116186213331,0.009036103479570512,0.10270569647618238,0.029080358197380085,-0.8432197922302505,False,-0.011565383691019136,-0.02038375145675906,0.008025874253614312,0.027050909599496797,0.04987156039489471,-0.01788723806671351,-0.0351119678547932,Neutral,0.04987156039489471
Marrakech,2024-06-01,36,0.02298373011419441,0.09170896905804203,0.030103153950929242,0.1782586900355656,0.421518033137545,0.1454988391924416,0.10992857057135548,0.9999999860600735,2024-05-01,1.0,0.03759646424162516,0.054013443212917865,0.07595562136593295,0.2799464141398234,0.3673524946892915,0.09666458789533484,0.08847097539636367,73.0,0.13475364139346466,0.039982617488594996,0.10270569647618238,0.029080358197380085,0.7433312444086179,False,-0.014612734127430749,0.037695525845124166,-0.045852467415003706,-0.1016877241042578,0.0541655384482535,0.048834251297106765,0.02145759517499181,Joy,-0.1016877241042578
Marrakech,2024-07-01,27,0.06285568736321118,0.033346833223563195,0.05539804302733732,0.37106527719232774,0.2559372715100094,0.14500393566709974,0.07639294623880194,0.9999999942223505,2024-06-01,1.0,0.02298373011419441,0.09170896905804203,0.030103153950929242,0.1782586900355656,0.421518033137545,0.1454988391924416,0.10992857057135548,36.0,0.20691815017119367,0.1450303483019001,0.10270569647618238,0.029080358197380085,2.417140103302366,False,0.039871957249016765,-0.058362135834478836,0.02529488907640808,0.19280658715676213,-0.1655807616275356,-0.0004949035253418721,-0.03353562433255354,Joy,0.19280658715676213
Marrakech,2024-08-01,40,0.04524586122133765,0.10788093917653892,0.06793198244631635,0.30782913512666704,0.32356651464942837,0.05844158563995729,0.08910399242886338,1.000000010689109,2024-07-01,1.0,0.06285568736321118,0.033346833223563195,0.05539804302733732,0.37106527719232774,0.2559372715100094,0.14500393566709974,0.07639294623880194,27.0,0.15682595171261687,0.04743386322006893,0.10270569647618238,0.029080358197380085,1.255284130587628,False,-0.01760982614187353,0.07453410595297572,0.012533939418979026,-0.0632361420656607,0.06762924313941898,-0.08656235002714244,0.012711046190061442,Sadness,-0.08656235002714244
Marrakech,2024-09-01,22,0.08008471647785463,0.08183520424857055,0.06700433882360807,0.2591670417089269,0.15573922303420573,0.21014009515585544,0.14602937485853376,0.999999994307555,2024-08-01,1.0,0.04524586122133765,0.10788093917653892,0.06793198244631635,0.30782913512666704,0.32356651464942837,0.05844158563995729,0.08910399242886338,40.0,0.2135874808101725,0.13745615059594973,0.10270569647618238,0.029080358197380085,2.571830890996876,False,0.03483885525651698,-0.02604573492796837,-0.0009276436227082796,-0.04866209341774014,-0.16782729161522264,0.15169850951589814,0.05692538242967038,Neutral,-0.16782729161522264
Marrakech,2024-10-01,52,0.036652086002644683,0.09992902257139433,0.03281167281014715,0.2846129183375384,0.33984526516332364,0.11108195732455124,0.09506707291494906,0.9999999951245486,2024-09-01,1.0,0.08008471647785463,0.08183520424857055,0.06700433882360807,0.2591670417089269,0.15573922303420573,0.21014009515585544,0.14602937485853376,22.0,0.1893867484605017,0.11591634903296155,0.10270569647618238,0.029080358197380085,2.010510639744828,False,-0.04343263047520995,0.01809381832282378,-0.034192666013460916,0.025445876628611475,0.1841060421291179,-0.0990581378313042,-0.0509623019435847,Neutral,0.1841060421291179
Marrakech,2024-11-01,23,0.046268120921804004,0.0486318255298892,0.023009428810125732,0.3447714304531236,0.3598801958091233,0.09292543242159093,0.08451357023264075,1.0000000041782975,2024-10-01,1.0,0.036652086002644683,0.09992902257139433,0.03281167281014715,0.2846129183375384,0.33984526516332364,0.11108195732455124,0.09506707291494906,52.0,0.08588031949922918,0.011574069702295575,0.10270569647618238,0.029080358197380085,-0.39025367892398816,False,0.00961603491915932,-0.05129719704150513,-0.009802244000021419,0.060158512115585205,0.020034930645799642,-0.01815652490296031,-0.010553502682308313,Joy,0.060158512115585205
Marrakech,2024-12-01,24,0.1159671987649441,0.1951185553334653,0.0881435768557518,0.0781557443478959,0.3295089226060857,0.12351272381298861,0.06959329269981628,1.0000000144209478,2024-11-01,1.0,0.046268120921804004,0.0486318255298892,0.023009428810125732,0.3447714304531236,0.3598801958091233,0.09292543242159093,0.08451357023264075,23.0,0.2977252008536263,0.21348622647409288,0.10270569647618238,0.029080358197380085,4.523350600077433,True,0.0696990778431401,0.1464867298035761,0.06513414804562608,-0.2666156861052277,-0.030371273203037563,0.03058729139139768,-0.014920277532824475,Joy,-0.2666156861052277
Miami,2019-02-01,88,0.03227659645463886,0.051904226203822075,0.038633571972406355,0.45026838087968907,0.29413588360396464,0.05382220386077687,0.07895913089636117,0.999999993871659,2019-01-01,1.0,0.038648197518672156,0.05705678565110159,0.038690670763158234,0.46469805680416437,0.20190386858832257,0.09198438377246596,0.10701802790175527,44.0,0.09034534439551857,0.018185123192432706,0.1510729202125805,0.039982493848936845,-1.0244671091144917,False,-0.006371601064033297,-0.005152559447279513,-5.7098790751879125e-05,-0.014429675924475305,0.09223201501564207,-0.03816217991168908,-0.0280588970053941,Neutral,0.09223201501564207
Miami,2019-03-01,95,0.027170009568554157,0.034686243464545255,0.03884850463241726,0.3583775957360079,0.3658816932676066,0.09513810726715935,0.0798978417229495,0.99999999565924,2019-02-01,1.0,0.03227659645463886,0.051904226203822075,0.038633571972406355,0.45026838087968907,0.29413588360396464,0.05382220386077687,0.07895913089636117,88.0,0.09189954886187408,0.025996292276052824,0.1510729202125805,0.039982493848936845,-0.9982478613477678,False,-0.005106586886084702,-0.01721798273927682,0.00021493266001090805,-0.09189078514368115,0.07174580966364197,0.04131590340638248,0.0009387108265883348,Joy,-0.09189078514368115
Miami,2019-04-01,71,0.036550435981168826,0.03141828304038602,0.04655210965216273,0.4004460230787796,0.3304992759023124,0.06997041685939565,0.08456345232741404,0.9999999968416191,2019-03-01,1.0,0.027170009568554157,0.034686243464545255,0.03884850463241726,0.3583775957360079,0.3658816932676066,0.09513810726715935,0.0798978417229495,95.0,0.05088978474409422,0.006722126533207917,0.1510729202125805,0.039982493848936845,-1.6900777907651903,False,0.009380426412614669,-0.003267960424159236,0.0077036050197454645,0.042068427342771664,-0.03538241736529424,-0.025167690407763704,0.004665610604464535,Joy,0.042068427342771664
Miami,2019-05-01,43,0.01391767762428102,0.0539023256982503,0.018261402291733026,0.41217401143377325,0.322175198651547,0.052809027467616024,0.1267603503128643,0.999999993480065,2019-04-01,1.0,0.036550435981168826,0.03141828304038602,0.04655210965216273,0.4004460230787796,0.3304992759023124,0.06997041685939565,0.08456345232741404,71.0,0.10056760279125168,0.00690140875108769,0.1510729202125805,0.039982493848936845,-0.85201880426456,False,-0.022632758356887807,0.02248404265786428,-0.0282907073604297,0.011727988354993668,-0.008324077250765394,-0.017161389391779622,0.042196897985450274,Surprise,0.042196897985450274
Miami,2019-06-01,28,0.011563496418862678,0.0210346385512301,0.04101864385717941,0.5788222175906412,0.20058786671143022,0.036929850171353355,0.11004327567726635,0.9999999889779633,2019-05-01,1.0,0.01391767762428102,0.0539023256982503,0.018261402291733026,0.41217401143377325,0.322175198651547,0.052809027467616024,0.1267603503128643,43.0,0.14560549083305996,0.055978279596862635,0.1510729202125805,0.039982493848936845,-0.09223489486223409,False,-0.0023541812054183424,-0.032867687147020194,0.022757241565446385,0.16664820615686798,-0.12158733194011676,-0.01587917729626267,-0.01671707463559796,Joy,0.16664820615686798
Miami,2019-07-01,66,0.02702654774695856,0.06132655372670283,0.04860457033844956,0.3527134948879283,0.3467158386977672,0.04261246085992417,0.1210005310713313,0.9999999973290619,2019-06-01,1.0,0.011563496418862678,0.0210346385512301,0.04101864385717941,0.5788222175906412,0.20058786671143022,0.036929850171353355,0.11004327567726635,28.0,0.17568026188550737,0.09725288068323656,0.1510729202125805,0.039982493848936845,0.4151229790992766,False,0.01546305132809588,0.04029191517547273,0.0075859264812701485,-0.22610872270271293,0.14612797198633695,0.005682610688570816,0.010957255394064946,Joy,-0.22610872270271293
Miami,2019-08-01,59,0.06418423060923652,0.040507730599729515,0.022257397309936124,0.39629851508554137,0.2977559034854679,0.06703458907343127,0.11196163599773985,1.0000000021610824,2019-07-01,1.0,0.02702654774695856,0.06132655372670283,0.04860457033844956,0.3527134948879283,0.3467158386977672,0.04261246085992417,0.1210005310713313,66.0,0.10247598202490574,0.013935113501587493,0.1510729202125805,0.039982493848936845,-0.8198246695524279,False,0.037157682862277955,-0.020818823126973314,-0.026347173028513436,0.04358502019761307,-0.0489599352122993,0.024422128213507095,-0.009038895073591444,Neutral,-0.0489599352122993
Miami,2019-09-01,36,0.021375784766860265,0.02697140252308191,0.05508708946823992,0.39546659180066646,0.3254467536527146,0.026558422622555405,0.14909396068348235,1.0000000055176008,2019-08-01,1.0,0.06418423060923652,0.040507730599729515,0.022257397309936124,0.39629851508554137,0.2977559034854679,0.06703458907343127,0.11196163599773985,59.0,0.12665270852668933,0.011652420137095998,0.1510729202125805,0.039982493848936845,-0.41196611808074046,False,-0.04280844584237625,-0.013536328076647605,0.032829692158303794,-0.0008319232848749136,0.027690850167246706,-0.04047616645087586,0.0371323246857425,Anger,-0.04280844584237625
Miami,2019-10-01,12,0.00939772575899645,0.012046678277935458,0.008821650354851308,0.4890908035837735,0.2568443531636148,0.010103129025082975,0.21369562845211473,0.9999999686163693,2019-09-01,1.0,0.021375784766860265,0.02697140252308191,0.05508708946823992,0.39546659180066646,0.3254467536527146,0.026558422622555405,0.14909396068348235,36.0,0.1459350712173927,0.02734011834058303,0.1510729202125805,0.039982493848936845,-0.08667491228405039,False,-0.011978059007863815,-0.014924724245146452,-0.04626543911338861,0.09362421178310704,-0.06860240048909977,-0.01645529359747243,0.06460166776863238,Joy,0.09362421178310704
Miami,2019-11-01,18,0.014323493252353072,0.023752869384932387,0.034775087263874876,0.42516087086146903,0.23591790793256623,0.023785107264605605,0.24228465766645962,0.9999999936262609,2019-10-01,1.0,0.00939772575899645,0.012046678277935458,0.008821650354851308,0.4890908035837735,0.2568443531636148,0.010103129025082975,0.21369562845211473,12.0,0.0925942621037299,0.006413326812713227,0.1510729202125805,0.039982493848936845,-0.9865281301223429,False,0.004925767493356622,0.01170619110699693,0.025953436909023568,-0.06392993272230446,-0.020926445231048585,0.01368197823952263,0.02858902921434489,Joy,-0.06392993272230446
Miami,2019-12-01,17,0.012537458575988035,0.033070957247058205,0.023361776873250178,0.4142044649514205,0.26351715076495613,0.12937359467340517,0.1239346135407686,1.0000000166268468,2019-11-01,1.0,0.014323493252353072,0.023752869384932387,0.034775087263874876,0.42516087086146903,0.23591790793256623,0.023785107264605605,0.24228465766645962,18.0,0.176478571460449,0.045104666692532325,0.1510729202125805,0.039982493848936845,0.42859036836050096,False,-0.0017860346763650375,0.009318087862125818,-0.011413310390624699,-0.010956405910048539,0.027599242832389903,0.10558848740879957,-0.11835004412569103,Surprise,-0.11835004412569103
Miami,2020-01-01,65,0.013737261882768177,0.034206542947616096,0.059102298147850986,0.4249588441479808,0.32925363731069063,0.05329224386503198,0.08544916629146494,0.9999999945934036,2019-12-01,1.0,0.012537458575988035,0.033070957247058205,0.023361776873250178,0.4142044649514205,0.26351715076495613,0.12937359467340517,0.1239346135407686,17.0,0.12581871180231527,0.02119678610421105,0.1510729202125805,0.039982493848936845,-0.4260355453834915,False,0.0011998033067801422,0.001135585700557891,0.03574052127460081,0.010754379196560304,0.0657364865457345,-0.0760813508083732,-0.03848544724930365,Sadness,-0.0760813508083732
Miami,2020-02-01,126,0.024667852603930136,0.04740511227190297,0.042400534190597805,0.4196317128237477,0.29747800023058457,0.06897512266489983,0.09944166066235903,0.9999999954480221,2020-01-01,1.0,0.013737261882768177,0.034206542947616096,0.059102298147850986,0.4249588441479808,0.32925363731069063,0.05329224386503198,0.08544916629146494,65.0,0.05652767390839656,0.0029078547075985783,0.1510729202125805,0.039982493848936845,-1.5949672592488318,False,0.010930590721161959,0.013198569324286875,-0.01670176395725318,-0.00532713132423307,-0.031775637080106056,0.01568287879986785,0.013992494370894087,Neutral,-0.031775637080106056
Miami,2020-03-01,114,0.012932881526036237,0.02073746607633785,0.01262778929141631,0.4420905384130923,0.31791631943186777,0.06111936000065482,0.1325756448837765,0.9999999996231816,2020-02-01,1.0,0.024667852603930136,0.04740511227190297,0.042400534190597805,0.4196317128237477,0.29747800023058457,0.06897512266489983,0.09944166066235903,126.0,0.09738574500901498,0.004683333269432155,0.1510729202125805,0.039982493848936845,-0.905696373308336,False,-0.011734971077893898,-0.026667646195565123,-0.029772744899181497,0.02245882558934459,0.020438319201283195,-0.007855762664245008,0.03313398422141746,Surprise,0.03313398422141746
Miami,2020-06-01,12,0.01877953847482175,0.046905731995745194,0.014626401204926207,0.24635913917639599,0.4727411326020956,0.06909542932407926,0.13149262064447,0.9999999934225341,2020-05-01,1.0,0.10576066172216085,0.116003036359325,0.02368172957794736,0.19178967383340928,0.36138339024037125,0.15317798699252305,0.04820348983630535,10.0,0.22016817357682889,0.06536745937048616,0.1510729202125805,0.039982493848936845,1.1656288517236846,False,-0.0869811232473391,-0.0690973043635798,-0.009055328373021152,0.054569465342986706,0.11135774236172435,-0.08408255766844379,0.08328913080816466,Neutral,0.11135774236172435
Miami,2020-07-01,10,0.0079422279959544,0.03253531949594613,0.00726195495226418,0.5296229780651629,0.2802656084299087,0.10283896513283249,0.039532940206117875,0.9999999942781866,2020-06-01,1.0,0.01877953847482175,0.046905731995745194,0.014626401204926207,0.24635913917639599,0.4727411326020956,0.06909542932407926,0.13149262064447,12.0,0.23667859504658426,0.18323029133436952,0.1510729202125805,0.039982493848936845,1.4441577329742,False,-0.01083731047886735,-0.014370412499799062,-0.007364446252662027,0.28326383888876694,-0.19247552417218688,0.03374353580875322,-0.09195968043835213,Joy,0.28326383888876694
Miami,2020-12-01,13,0.041887678734313365,0.01992270795520962,0.04753437435899213,0.30596613912628245,0.31713915530305636,0.10924866165106108,0.15830129779015592,1.0000000149190709,2020-11-01,1.0,0.03249701275490219,0.38462579297483895,0.00502347160363565,0.3864779546565842,0.15952962776646012,0.010688509978353921,0.02115764755289997,10.0,0.4237307423232837,0.33941276965827416,0.1510729202125805,0.039982493848936845,4.599705603870418,True,0.009390665979411177,-0.36470308501962934,0.04251090275535648,-0.08051181553030173,0.15760952753659624,0.09856015167270715,0.13714365023725594,Disgust,-0.36470308501962934
Miami,2021-01-01,22,0.014269100290469105,0.04328985885579389,0.035933191312572194,0.466306854409843,0.23284900067797434,0.07554654096549542,0.13180543308738954,0.9999999795995375,2020-12-01,1.0,0.041887678734313365,0.01992270795520962,0.04753437435899213,0.30596613912628245,0.31713915530305636,0.10924866165106108,0.15830129779015592,13.0,0.14121156031372734,0.06116911640455691,0.1510729202125805,0.039982493848936845,-0.1663599893720319,False,-0.027618578443844258,0.023367150900584267,-0.011601183046419938,0.16034071528356053,-0.08429015462508202,-0.03370212068556566,-0.02649586470276638,Joy,0.16034071528356053
Miami,2021-02-01,34,0.009565360827015335,0.015664917194311838,0.017947070041212536,0.4790406109395382,0.27030535376466375,0.10912612802349027,0.09835056470268785,1.00000000549292,2021-01-01,1.0,0.014269100290469105,0.04328985885579389,0.035933191312572194,0.466306854409843,0.23284900067797434,0.07554654096549542,0.13180543308738954,22.0,0.09287536661062544,0.0069887243760270445,0.1510729202125805,0.039982493848936845,-0.9817859299329945,False,-0.00470373946345377,-0.02762494166148205,-0.017986121271359658,0.012733756529695217,0.0374563530866894,0.03357958705799485,-0.033454868384701686,Neutral,0.0374563530866894
Miami,2021-03-01,40,0.023050165796303135,0.07094980466208649,0.010346190765267188,0.3663667190819978,0.3215514499112032,0.029220874432939987,0.1785147908783983,0.9999999955281961,2021-02-01,1.0,0.009565360827015335,0.015664917194311838,0.017947070041212536,0.4790406109395382,0.27030535376466375,0.10912612802349027,0.09835056470268785,34.0,0.18587012503801442,0.04917352009303333,0.1510729202125805,0.039982493848936845,0.5870247799807833,False,0.0134848049692878,0.05528488746777465,-0.007600879275945348,-0.1126738918575404,0.051246096146539466,-0.07990525359055028,0.08016422617571045,Joy,-0.1126738918575404
Miami,2021-04-01,42,0.01641236197264373,0.07585265334013712,0.033164675175655765,0.36969272992462804,0.34646191365928164,0.04937335315792418,0.10904231756631769,1.0000000047965882,2021-03-01,1.0,0.023050165796303135,0.07094980466208649,0.010346190765267188,0.3663667190819978,0.3215514499112032,0.029220874432939987,0.1785147908783983,40.0,0.09616796074863297,0.011636828999728066,0.1510729202125805,0.039982493848936845,-0.9262402515049057,False,-0.006637803823659406,0.004902848678050631,0.022818484410388577,0.0033260108426302337,0.024910463748078426,0.020152478724984196,-0.06947247331208062,Surprise,-0.06947247331208062
Miami,2021-05-01,28,0.015108831334925606,0.054057221414820646,0.11269501134042258,0.4452480300637295,0.16459669457149823,0.10875462737333556,0.09953957460155441,0.9999999907002866,2021-04-01,1.0,0.01641236197264373,0.07585265334013712,0.033164675175655765,0.36969272992462804,0.34646191365928164,0.04937335315792418,0.10904231756631769,42.0,0.19105541406151735,0.09057142402466234,0.1510729202125805,0.039982493848936845,0.6745,False,-0.0013035306377181238,-0.021795431925316473,0.07953033616476682,0.07555530013910144,-0.18186521908778341,0.05938127421541138,-0.009502742964763278,Neutral,-0.18186521908778341
Miami,2021-06-01,27,0.01533412418535181,0.024815660284797578,0.011469044295760442,0.43558751217400027,0.29240324913903515,0.08602726431046091,0.13436317066144607,1.0000000250508523,2021-05-01,1.0,0.015108831334925606,0.054057221414820646,0.11269501134042258,0.4452480300637295,0.16459669457149823,0.10875462737333556,0.09953957460155441,28.0,0.1942573719648329,0.04958163347158395,0.1510729202125805,0.039982493848936845,0.7285166557380401,False,0.00022529285042620362,-0.029241561130023068,-0.10122596704466214,-0.009660517889729214,0.12780655456753692,-0.02272736306287465,0.03482359605989166,Neutral,0.12780655456753692
Miami,2021-07-01,25,0.08116057438543063,0.12237767764716406,0.0411840367375407,0.2759596520545892,0.3043459135666489,0.130544112608768,0.044428031679708456,0.99999999867985,2021-06-01,1.0,0.01533412418535181,0.024815660284797578,0.011469044295760442,0.43558751217400027,0.29240324913903515,0.08602726431046091,0.13436317066144607,27.0,0.24005957545848763,0.08393226222041572,0.1510729202125805,0.039982493848936845,1.5011944775165733,False,0.06582645020007882,0.09756201736236648,0.02971499244178026,-0.15962786011941105,0.01194266442761377,0.044516848298307085,-0.0899351389817376,Joy,-0.15962786011941105
Miami,2021-08-01,25,0.028585177576169327,0.05236590968444939,0.007444800112862093,0.451630645650439,0.2887369332462549,0.09998578581959006,0.07125073771923775,0.9999999898090024,2021-07-01,1.0,0.08116057438543063,0.12237767764716406,0.0411840367375407,0.2759596520545892,0.3043459135666489,0.130544112608768,0.044428031679708456,25.0,0.18335451750925563,0.06446117522429051,0.1510729202125805,0.039982493848936845,0.5445867748738827,False,-0.05257539680926131,-0.07001176796271467,-0.033739236624678606,0.17567099359584976,-0.01560898032039404,-0.030558326789177942,0.02682270603952929,Joy,0.17567099359584976
Miami,2021-09-01,24,0.05460676515940572,0.12820312007776613,0.05012438882355729,0.30916004189930385,0.18608006943638122,0.20167229955162227,0.0701533298148812,1.0000000147629176,2021-08-01,1.0,0.028585177576169327,0.05236590968444939,0.007444800112862093,0.451630645650439,0.2887369332462549,0.09998578581959006,0.07125073771923775,25.0,0.2004887191259605,0.07652535303224661,0.1510729202125805,0.039982493848936845,0.8336387543260033,False,0.026021587583236392,0.07583721039331674,0.0426795887106952,-0.14247060375113513,-0.10265686380987366,0.10168651373203222,-0.0010974079043565427,Joy,-0.14247060375113513
Miami,2021-10-01,13,0.03573207149747754,0.1666284970974979,0.03138587281752661,0.14137579852831547,0.3285127415930709,0.13050425706359625,0.1658607650449714,1.0000000036424561,2021-09-01,1.0,0.05460676515940572,0.12820312007776613,0.05012438882355729,0.30916004189930385,0.18608006943638122,0.20167229955162227,0.0701533298148812,24.0,0.20773661135045882,0.16197625867566112,0.1510729202125805,0.039982493848936845,0.955909849368118,False,-0.018874693661928177,0.03842537701973178,-0.01873851600603068,-0.16778424337098838,0.1424326721566897,-0.07116804248802602,0.0957074352300902,Joy,-0.16778424337098838
Miami,2021-11-01,10,0.00934911340009415,0.030787863722071006,0.029207845008932004,0.26420869841240346,0.3837931457906961,0.0870018580462783,0.19565147380344566,0.9999999981839207,2021-10-01,1.0,0.03573207149747754,0.1666284970974979,0.03138587281752661,0.14137579852831547,0.3285127415930709,0.13050425706359625,0.1658607650449714,13.0,0.20772954226292478,0.07750889289317897,0.1510729202125805,0.039982493848936845,0.9557905946873138,False,-0.02638295809738339,-0.1358406333754269,-0.002178027808594607,0.12283289988408799,0.0552804041976252,-0.04350239901731795,0.029790708758474255,Disgust,-0.1358406333754269
Miami,2021-12-01,20,0.047571406105998866,0.07732793189352374,0.1304754951910581,0.240813544858247,0.27073033628403204,0.07662855794769707,0.15645272620022294,0.9999999984807797,2021-11-01,1.0,0.00934911340009415,0.030787863722071006,0.029207845008932004,0.26420869841240346,0.3837931457906961,0.0870018580462783,0.19565147380344566,10.0,0.18969017159702875,0.04962735926054107,0.1510729202125805,0.039982493848936845,0.6514685191279771,False,0.038222292705904715,0.04654006817145274,0.1012676501821261,-0.023395153554156473,-0.11306280950666409,-0.010373300098581228,-0.03919874760322273,Neutral,-0.11306280950666409
Miami,2022-01-01,22,0.027658063394483137,0.06379530952968207,0.03760627364549273,0.3671982462084005,0.3660103823481636,0.05765630329154765,0.08007543917152687,1.0000000175892967,2021-12-01,1.0,0.047571406105998866,0.07732793189352374,0.1304754951910581,0.240813544858247,0.27073033628403204,0.07662855794769707,0.15645272620022294,20.0,0.17994136054861287,0.06541037218567602,0.1510729202125805,0.039982493848936845,0.48700721571352396,False,-0.01991334271151573,-0.013532622363841673,-0.09286922154556537,0.12638470135015353,0.09528004606413154,-0.01897225465614942,-0.07637728702869606,Joy,0.12638470135015353
Miami,2022-02-01,14,0.06578750388663523,0.06829724633384358,0.02111778080870857,0.3944767010564516,0.3896639417258224,0.014919730452155385,0.045737117429130794,1.0000000216927476,2022-01-01,1.0,0.027658063394483137,0.06379530952968207,0.03760627364549273,0.3671982462084005,0.3660103823481636,0.05765630329154765,0.08007543917152687,22.0,0.12139497515074123,0.008413881205090568,0.1510729202125805,0.039982493848936845,-0.5006634658618944,False,0.0381294404921521,0.004501936804161513,-0.01648849283678416,0.02727845484805108,0.02365355937765884,-0.042736572839392264,-0.03433832174239608,Sadness,-0.042736572839392264
Miami,2022-03-01,32,0.02592671277488985,0.07498246510294843,0.007907815651378726,0.5069807856161788,0.15812427725177255,0.12622625225776568,0.09985168848652388,0.9999999971414579,2022-02-01,1.0,0.06578750388663523,0.06829724633384358,0.02111778080870857,0.3944767010564516,0.3896639417258224,0.014919730452155385,0.045737117429130794,14.0,0.2552327103743888,0.1316138597626152,0.1510729202125805,0.039982493848936845,1.7571634908413258,False,-0.03986079111174538,0.006685218769104842,-0.013209965157329846,0.11250408455972716,-0.23153966447404986,0.11130652180561029,0.05411457105739309,Neutral,-0.23153966447404986
Miami,2022-04-01,30,0.03470492062430515,0.046993015836536214,0.02803482490320064,0.3514691488584504,0.3544873113899181,0.06680109635538727,0.11750968760655568,1.0000000055743534,2022-03-01,1.0,0.02592671277488985,0.07498246510294843,0.007907815651378726,0.5069807856161788,0.15812427725177255,0.12622625225776568,0.09985168848652388,32.0,0.19055188741767587,0.11344608284713575,0.1510729202125805,0.039982493848936845,0.6660055643463793,False,0.008778207849415298,-0.02798944926641221,0.020127009251821912,-0.1555116367577284,0.19636303413814557,-0.059425155902378415,0.017657999120031798,Neutral,0.19636303413814557
Miami,2022-05-01,21,0.049370864766561176,0.07136083321945205,0.025710567920690437,0.34303504877884516,0.32942631896141733,0.0649143960548653,0.11618196243597634,0.9999999921378078,2022-04-01,1.0,0.03470492062430515,0.046993015836536214,0.02803482490320064,0.3514691488584504,0.3544873113899181,0.06680109635538727,0.11750968760655568,30.0,0.04685250857640714,0.0022034821321849085,0.1510729202125805,0.039982493848936845,-1.7581861680313413,False,0.014665944142256027,0.024367817382915838,-0.002324256982510202,-0.008434100079605211,-0.025060992428500795,-0.0018867003005219596,-0.0013277251705793441,Neutral,-0.025060992428500795
Miami,2022-06-01,31,0.017638676544471092,0.06197212704442316,0.022354185633781883,0.3311171452364614,0.27570282199209734,0.12135222111828621,0.1698628295693666,1.0000000071388877,2022-05-01,1.0,0.049370864766561176,0.07136083321945205,0.025710567920690437,0.34303504877884516,0.32942631896141733,0.0649143960548653,0.11618196243597634,21.0,0.11071891737249265,0.02030307129631448,0.1510729202125805,0.039982493848936845,-0.6807673132766084,False,-0.031732188222090084,-0.00938870617502889,-0.003356382286908554,-0.011917903542383756,-0.053723496969319995,0.056437825063420904,0.053680867133390264,Sadness,0.056437825063420904
Miami,2022-07-01,27,0.05322085528772457,0.022563157182755936,0.031725517301647715,0.5100287951149598,0.288996139920696,0.02709191819842624,0.06637362602891189,1.0000000090351222,2022-06-01,1.0,0.017638676544471092,0.06197212704442316,0.022354185633781883,0.3311171452364614,0.27570282199209734,0.12135222111828621,0.1698628295693666,31.0,0.21778768881880595,0.07384978250427865,0.1510729202125805,0.039982493848936845,1.1254703519724447,False,0.03558217874325348,-0.039408969861667226,0.009371331667865832,0.1789116498784984,0.013293317928598669,-0.09426030291985997,-0.10348920354045471,Joy,0.1789116498784984
Miami,2022-08-01,23,0.026536896718544437,0.07472742338786302,0.030696446852981184,0.22984714063046416,0.33359474769752956,0.1277481567509391,0.17684919322314466,1.0000000052614662,2022-07-01,1.0,0.05322085528772457,0.022563157182755936,0.031725517301647715,0.5100287951149598,0.288996139920696,0.02709191819842624,0.06637362602891189,27.0,0.26159696438867747,0.16237573646988568,0.1510729202125805,0.039982493848936845,1.864527712514353,False,-0.026683958569180134,0.052164266205107085,-0.001029070448666531,-0.2801816544844956,0.044598607776833554,0.10065623855251285,0.11047556719423277,Joy,-0.2801816544844956
Miami,2022-09-01,20,0.016451344449887932,0.1274329888139618,0.055345141349243884,0.41444738996506203,0.28645042806165294,0.06221704519120972,0.0376556506962515,0.9999999885272698,2022-08-01,1.0,0.026536896718544437,0.07472742338786302,0.030696446852981184,0.22984714063046416,0.33359474769752956,0.1277481567509391,0.17684919322314466,23.0,0.22461925720821366,0.12116223398064474,0.1510729202125805,0.039982493848936845,1.2407181125564941,False,-0.010085552268656504,0.05270556542609879,0.0246486944962627,0.18460024933459787,-0.04714431963587662,-0.06553111155972938,-0.13919354252689314,Joy,0.18460024933459787
Miami,2022-10-01,30,0.017062071800076666,0.0782235897320788,0.015267094994972719,0.4878042514775492,0.2134918224609767,0.08077534167096015,0.10737583920514827,1.0000000113417626,2022-09-01,1.0,0.016451344449887932,0.1274329888139618,0.055345141349243884,0.41444738996506203,0.28645042806165294,0.06221704519120972,0.0376556506962515,20.0,0.15006375168029568,0.03274404131254305,0.1510729202125805,0.039982493848936845,-0.01702455523654683,False,0.0006107273501887341,-0.049209399081883015,-0.04007804635427117,0.07335686151248716,-0.07295860560067624,0.01855829647975043,0.06972018850889677,Joy,0.07335686151248716
Miami,2022-11-01,29,0.023752988296047058,0.05120344435523163,0.014468942707653334,0.36808851231210704,0.3254522346281286,0.04695252574787566,0.1700813394393129,0.9999999874863563,2022-10-01,1.0,0.017062071800076666,0.0782235897320788,0.015267094994972719,0.4878042514775492,0.2134918224609767,0.08077534167096015,0.10737583920514827,30.0,0.13265892934019555,0.054563190488029045,0.1510729202125805,0.039982493848936845,-0.31064187467520654,False,0.006690916495970391,-0.027020145376847167,-0.0007981522873193852,-0.11971573916544215,0.11196041216715191,-0.03382281592308449,0.06270550023416462,Joy,-0.11971573916544215
Miami,2022-12-01,25,0.06001433601370077,0.06306999149965117,0.012608470721170264,0.4392908784095198,0.27099771194159983,0.062109379027970084,0.09190924951806662,1.0000000171316785,2022-11-01,1.0,0.023752988296047058,0.05120344435523163,0.014468942707653334,0.36808851231210704,0.3254522346281286,0.04695252574787566,0.1700813394393129,29.0,0.11689045317455722,0.027985864078224898,0.1510729202125805,0.039982493848936845,-0.5766542253281627,False,0.036261347717653714,0.011866547144419544,-0.0018604719864830695,0.07120236609741276,-0.054454522686528783,0.015156853280094425,-0.07817208992124627,Surprise,-0.07817208992124627
Miami,2023-01-01,39,0.018036200312706467,0.059880621747698766,0.040964662800363864,0.3833472232411926,0.3505705460153806,0.04485022176045156,0.10235051372542209,0.9999999896032159,2022-12-01,1.0,0.06001433601370077,0.06306999149965117,0.012608470721170264,0.4392908784095198,0.27099771194159983,0.062109379027970084,0.09190924951806662,25.0,0.11945896552245903,0.021662942217580472,0.1510729202125805,0.039982493848936845,-0.5333237221032909,False,-0.041978135700994304,-0.0031893697519524075,0.0283561920791936,-0.05594365516832722,0.0795728340737808,-0.017259157267518525,0.010441264207355472,Neutral,0.0795728340737808
Miami,2023-02-01,37,0.018512736858070044,0.03116080500625974,0.07030645810457797,0.2570436836434276,0.34382803788458977,0.13026327446002411,0.1488849993392422,0.9999999952961915,2023-01-01,1.0,0.018036200312706467,0.059880621747698766,0.040964662800363864,0.3833472232411926,0.3505705460153806,0.04485022176045156,0.10235051372542209,39.0,0.1535865954139634,0.04638484082740668,0.1510729202125805,0.039982493848936845,0.04240540696982691,False,0.00047653654536357684,-0.028719816741439027,0.02934179530421411,-0.12630353959776497,-0.0067425081307908585,0.08541305269957256,0.04653448561382012,Joy,-0.12630353959776497
Miami,2023-03-01,34,0.03069504835259383,0.03231939274701285,0.042300937618539786,0.4214524679187247,0.25800244473194806,0.053940900211112856,0.16128881069530235,1.0000000022752344,2023-02-01,1.0,0.018512736858070044,0.03116080500625974,0.07030645810457797,0.2570436836434276,0.34382803788458977,0.13026327446002411,0.1488849993392422,37.0,0.15469236352962623,0.07753324533439387,0.1510729202125805,0.039982493848936845,0.0610595858920455,False,0.012182311494523788,0.0011585877407531107,-0.028005520486038188,0.1644087842752971,-0.08582559315264171,-0.07632237424891125,0.01240381135606014,Joy,0.1644087842752971
Miami,2023-04-01,41,0.019939078566073052,0.06511205579892433,0.04029408142413577,0.46002791109551655,0.200703062582761,0.08282534275544667,0.13109845178565233,0.9999999840085096,2023-03-01,1.0,0.03069504835259383,0.03231939274701285,0.042300937618539786,0.4214524679187247,0.25800244473194806,0.053940900211112856,0.16128881069530235,34.0,0.08907991537296435,0.013748994962461847,0.1510729202125805,0.039982493848936845,-1.0458147488824778,False,-0.01075596978652078,0.03279266305191148,-0.002006856194404015,0.038575443176791846,-0.05729938214918706,0.028884442544333817,-0.030190358909650022,Neutral,-0.05729938214918706
Miami,2023-05-01,28,0.026764775830088135,0.04362582631957979,0.016390876307143844,0.4581484281141976,0.3240076454489359,0.03948880545794959,0.09157362831423854,0.9999999857921335,2023-04-01,1.0,0.019939078566073052,0.06511205579892433,0.04029408142413577,0.46002791109551655,0.200703062582761,0.08282534275544667,0.13109845178565233,41.0,0.13007237180836032,0.029640105061107036,0.1510729202125805,0.039982493848936845,-0.35427679804478157,False,0.006825697264015083,-0.02148622947934454,-0.023903205116991927,-0.0018794829813189584,0.1233045828661749,-0.043336537297497084,-0.039524823471413784,Neutral,0.1233045828661749
Miami,2023-06-01,25,0.03231561735272403,0.07740836331155147,0.05304564846679564,0.3174874373397324,0.36487258326262234,0.08309534493368115,0.07177499004639681,0.9999999847135039,2023-05-01,1.0,0.026764775830088135,0.04362582631957979,0.016390876307143844,0.4581484281141976,0.3240076454489359,0.03948880545794959,0.09157362831423854,28.0,0.13854892128519192,0.03768048264683932,0.1510729202125805,0.039982493848936845,-0.21127839870219167,False,0.005550841522635894,0.03378253699197168,0.036654772159651794,-0.1406609907744652,0.04086493781368644,0.04360653947573156,-0.01979863826784173,Joy,-0.1406609907744652
Miami,2023-07-01,35,0.029920951571382005,0.019778857182245663,0.05131001526190496,0.4706762351162199,0.2514727644622326,0.10368869325279122,0.07315246758849489,0.9999999844352712,2023-06-01,1.0,0.03231561735272403,0.07740836331155147,0.05304564846679564,0.3174874373397324,0.36487258326262234,0.08309534493368115,0.07177499004639681,25.0,0.1499021259122611,0.06793358501808144,0.1510729202125805,0.039982493848936845,-0.019751163060241207,False,-0.002394665781342023,-0.05762950612930581,-0.0017356332048906811,0.15318879777648753,-0.11339981880038974,0.02059334831911007,0.0013774775420980767,Joy,0.15318879777648753
Miami,2023-08-01,34,0.04347617612973618,0.07679367318633007,0.025286788739750182,0.41498882727533143,0.25264399475418026,0.12563288538812603,0.06117763375753862,0.9999999792309928,2023-07-01,1.0,0.029920951571382005,0.019778857182245663,0.05131001526190496,0.4706762351162199,0.2514727644622326,0.10368869325279122,0.07315246758849489,35.0,0.11637235410283187,0.01123501788954917,0.1510729202125805,0.039982493848936845,-0.5853944961376596,False,0.013555224558354173,0.05701481600408441,-0.026023226522154774,-0.05568740784088849,0.0011712302919476558,0.021944192135334814,-0.011974833830956273,Disgust,0.05701481600408441
Miami,2023-09-01,19,0.016171222577165568,0.019050356156903415,0.014126584411745741,0.41716768896501316,0.35783890977894,0.05538406145856956,0.12026117802107408,1.0000000013694117,2023-08-01,1.0,0.04347617612973618,0.07679367318633007,0.025286788739750182,0.41498882727533143,0.25264399475418026,0.12563288538812603,0.06117763375753862,34.0,0.17267518262971876,0.03604928385393946,0.1510729202125805,0.039982493848936845,0.36442764314330517,False,-0.02730495355257061,-0.05774331702942666,-0.011160204328004441,0.0021788616896817325,0.10519491502475975,-0.07024882392955648,0.059083544263535466,Neutral,0.10519491502475975
Miami,2023-12-01,19,0.06608901482296026,0.09472511882746686,0.07010754601919628,0.3332653232776609,0.27863336133917693,0.12656400279190974,0.030615642997681252,1.0000000100760522,2023-11-01,1.0,0.02759114097212796,0.040897961070116264,0.07818016990383439,0.40087437291199773,0.26563450389613324,0.13458549173978657,0.05223635297555185,13.0,0.11313887608519194,0.017223427512017886,0.1510729202125805,0.039982493848936845,-0.6399428925217967,False,0.038497873850832295,0.05382715775735059,-0.008072623884638114,-0.06760904963433684,0.012998857443043688,-0.008021488947876826,-0.021620709977870595,Joy,-0.06760904963433684
Miami,2024-01-01,25,0.05385892078513275,0.06297530550975348,0.031570049324072855,0.24582753694616258,0.2816874375939369,0.23811341195367272,0.08596733626443889,0.9999999983771701,2023-12-01,1.0,0.06608901482296026,0.09472511882746686,0.07010754601919628,0.3332653232776609,0.27863336133917693,0.12656400279190974,0.030615642997681252,19.0,0.15650564268471095,0.058864931870111326,0.1510729202125805,0.039982493848936845,0.0916493933894377,False,-0.012230094037827509,-0.03174981331771337,-0.03853749669512342,-0.08743778633149832,0.003054076254759952,0.11154940916176298,0.05535169326675764,Sadness,0.11154940916176298
Miami,2024-02-01,26,0.007963026905109903,0.019912386100398895,0.026496355164384127,0.5363803270559472,0.24074513613819498,0.09790109590483967,0.0706016498779018,0.9999999771467765,2024-01-01,1.0,0.05385892078513275,0.06297530550975348,0.031570049324072855,0.24582753694616258,0.2816874375939369,0.23811341195367272,0.08596733626443889,25.0,0.24381154042754774,0.16284737090956503,0.1510729202125805,0.039982493848936845,1.5644896881953423,False,-0.045895893880022846,-0.04306291940935459,-0.005073694159688728,0.29055279010978463,-0.0409423014557419,-0.14021231604883305,-0.015365686386537097,Joy,0.29055279010978463
Miami,2024-03-01,24,0.00650573906508115,0.04873371726716864,0.07199893922006591,0.3802940576182057,0.2915121129675147,0.1209883863436213,0.07996704695203026,0.9999999994336877,2024-02-01,1.0,0.007963026905109903,0.019912386100398895,0.026496355164384127,0.5363803270559472,0.24074513613819498,0.09790109590483967,0.0706016498779018,26.0,0.13138849379108936,0.03570823705164894,0.1510729202125805,0.039982493848936845,-0.33207397396120225,False,-0.0014572878400287538,0.028821331166769742,0.04550258405568178,-0.15608626943774145,0.05076697682931974,0.023087290438781632,0.009365397074128465,Joy,-0.15608626943774145
Miami,2024-04-01,17,0.0799995245863957,0.12294140628621199,0.03138533955686446,0.17367202779689034,0.27609596916419615,0.12280759160571234,0.193098122247166,0.9999999812434368,2024-03-01,1.0,0.00650573906508115,0.04873371726716864,0.07199893922006591,0.3802940576182057,0.2915121129675147,0.1209883863436213,0.07996704695203026,24.0,0.25050104441320276,0.14212083485513338,0.1510729202125805,0.039982493848936845,1.6773408388857411,False,0.07349378552131455,0.07420768901904334,-0.040613599663201445,-0.2066220298213154,-0.015416143803318572,0.0018192052620910337,0.11313107529513573,Joy,-0.2066220298213154
Miami,2024-05-01,33,0.044564313590385436,0.03944136230910023,0.07910907679417335,0.3438440621618859,0.3384572506854028,0.060152619491528794,0.0944313222725847,1.0000000073050612,2024-04-01,1.0,0.0799995245863957,0.12294140628621199,0.03138533955686446,0.17367202779689034,0.27609596916419615,0.12280759160571234,0.193098122247166,17.0,0.2215817969844876,0.11792639239375424,0.1510729202125805,0.039982493848936845,1.1894765134545484,False,-0.03543521099601026,-0.08350004397711175,0.04772373723730889,0.17017203436499556,0.062361281521206624,-0.06265497211418354,-0.09866679997458129,Joy,0.17017203436499556
Miami,2024-06-01,30,0.014950360708947563,0.040795159987950025,0.03785800982150245,0.5370190461631864,0.245678198368599,0.04970918350154529,0.07399003271323935,0.9999999912649701,2024-05-01,1.0,0.044564313590385436,0.03944136230910023,0.07910907679417335,0.3438440621618859,0.3384572506854028,0.060152619491528794,0.0944313222725847,33.0,0.1510729202125805,0.06602987601321131,0.1510729202125805,0.039982493848936845,0.0,False,-0.029613952881437873,0.0013537976788497927,-0.041251066972670905,0.1931749840013005,-0.09277905231680378,-0.010443435989983506,-0.02044128955934535,Joy,0.1931749840013005
Miami,2024-07-01,35,0.07048693355505482,0.03502067819437273,0.04179670719729199,0.2958373558907104,0.38371613882482053,0.07203306406071139,0.10110914101158928,1.000000018734551,2024-06-01,1.0,0.014950360708947563,0.040795159987950025,0.03785800982150245,0.5370190461631864,0.245678198368599,0.04970918350154529,0.07399003271323935,30.0,0.19335803181474343,0.11995475142438361,0.1510729202125805,0.039982493848936845,0.7133448924776683,False,0.05553657284610726,-0.005774481793577292,0.003938697375789543,-0.241181690272476,0.13803794045622153,0.0223238805591661,0.02711910829834993,Joy,-0.241181690272476
Miami,2024-08-01,26,0.014457541717162594,0.07202301612079066,0.047875733760660115,0.40589144894889045,0.35495753524502593,0.04565547054740953,0.05913923062885606,0.9999999769687953,2024-07-01,1.0,0.07048693355505482,0.03502067819437273,0.04179670719729199,0.2958373558907104,0.38371613882482053,0.07203306406071139,0.10110914101158928,35.0,0.14938253959551342,0.03224362045127982,0.1510729202125805,0.039982493848936845,-0.028516523519506905,False,-0.056029391837892226,0.03700233792641793,0.006079026563368124,0.11005409305818004,-0.028758603579794595,-0.026377593513301857,-0.041969910382733226,Joy,0.11005409305818004
Miami,2024-09-01,21,0.04702849060829191,0.025378815524856563,0.0668979804225576,0.32692212410759,0.3456703765938679,0.10171615557434655,0.08638607013216681,1.0000000129636772,2024-08-01,1.0,0.014457541717162594,0.07202301612079066,0.047875733760660115,0.40589144894889045,0.35495753524502593,0.04565547054740953,0.05913923062885606,26.0,0.1416590915617625,0.020467108604441564,0.1510729202125805,0.039982493848936845,-0.15881018950361392,False,0.03257094889112931,-0.046644200595934104,0.01902224666189748,-0.07896932484130048,-0.009287158651158034,0.056060685026937014,0.027246839503310756,Joy,-0.07896932484130048
Miami,2024-10-01,21,0.02901271171313485,0.03539568252883669,0.03595288584585342,0.48355513172490255,0.28758299239866786,0.029228446062742906,0.09927215612316057,1.0000000063972987,2024-09-01,1.0,0.04702849060829191,0.025378815524856563,0.0668979804225576,0.32692212410759,0.3456703765938679,0.10171615557434655,0.08638607013216681,21.0,0.153782758158871,0.05081965855023107,0.1510729202125805,0.039982493848936845,0.04571464955834746,False,-0.01801577889515706,0.010016867003980124,-0.030945094576704177,0.15663300761731258,-0.05808738419520004,-0.07248770951160363,0.01288608599099375,Joy,0.15663300761731258
Miami,2024-11-01,18,0.046626765158079106,0.02429837637626199,0.06954881539180251,0.2431691598354114,0.37488863174803555,0.12778325592322892,0.11368499336660731,0.9999999977994268,2024-10-01,1.0,0.02901271171313485,0.03539568252883669,0.03595288584585342,0.48355513172490255,0.28758299239866786,0.029228446062742906,0.09927215612316057,21.0,0.2105912496024537,0.12342362590141631,0.1510729202125805,0.039982493848936845,1.0040672631664007,False,0.017614053444944256,-0.011097306152574697,0.03359592954594909,-0.24038597188949115,0.08730563934936769,0.09855480986048601,0.014412837243446747,Joy,-0.24038597188949115
Miami,2024-12-01,16,0.007364569883065944,0.022334813009365406,0.0060269156165304125,0.4461692594923079,0.2657461123890243,0.13610595006321086,0.11625239212298762,1.0000000125764925,2024-11-01,1.0,0.046626765158079106,0.02429837637626199,0.06954881539180251,0.2431691598354114,0.37488863174803555,0.12778325592322892,0.11368499336660731,18.0,0.20874168043757488,0.10236490167114509,0.1510729202125805,0.039982493848936845,0.9728652474436136,False,-0.039262195275013165,-0.001963563366896584,-0.06352189977527209,0.2030000996568965,-0.10914251935901126,0.008322694139981934,0.002567398756380304,Joy,0.2030000996568965
Paris,2020-02-01,153,0.030094296551991227,0.04879681545262543,0.06524430887524059,0.27394412906179993,0.3654448073144296,0.0828763995763961,0.13359924684753455,1.0000000036800176,2020-01-01,1.0,0.030316335891984587,0.06525843439740124,0.06578552512291931,0.27350367759645444,0.276220704591833,0.09924793425889214,0.18966738519957288,80.0,0.08074994403777913,0.023135300799119296,0.12706191214000417,0.029085091096101523,-1.0740011912542287,False,-0.00022203933999336012,-0.01646161894477581,-0.0005412162476787219,0.00044045146534549273,0.08922410272259657,-0.01637153468249604,-0.05606813835203833,Neutral,0.08922410272259657
Paris,2020-03-01,102,0.03162378021378943,0.04886092656969965,0.0378091585929117,0.26303178444162334,0.3641735287794076,0.0866380451548406,0.1678627791093187,1.000000002861591,2020-02-01,1.0,0.030094296551991227,0.04879681545262543,0.06524430887524059,0.27394412906179993,0.3654448073144296,0.0828763995763961,0.13359924684753455,153.0,0.053946363236017446,0.004267050269465167,0.12706191214000417,0.029085091096101523,-1.6955916545968552,False,0.0015294836617982012,6.411111707421702e-05,-0.027435150282328888,-0.010912344620176595,-0.001271278535021958,0.0037616455784444947,0.03426353226178416,Surprise,0.03426353226178416
Paris,2020-04-01,61,0.018074604245589723,0.02335129757068253,0.05725511745263467,0.39642725244820975,0.25877620364524057,0.06684851783259049,0.17926700744533633,1.000000000640284,2020-03-01,1.0,0.03162378021378943,0.04886092656969965,0.0378091585929117,0.26303178444162334,0.3641735287794076,0.0866380451548406,0.1678627791093187,102.0,0.12745398580255163,0.05947483605532011,0.12706191214000417,0.029085091096101523,0.009092413859542781,False,-0.013549175968199705,-0.02550962899901712,0.019445958859722966,0.13339546800658642,-0.10539732513416705,-0.019789527322250103,0.011404228336017619,Joy,0.13339546800658642
Paris,2020-05-01,27,0.032483460036692745,0.030317942920158117,0.12732212093262069,0.1954478034059758,0.29261063670532567,0.05900103178013249,0.2628169984867175,0.999999994267623,2020-04-01,1.0,0.018074604245589723,0.02335129757068253,0.05725511745263467,0.39642725244820975,0.25877620364524057,0.06684851783259049,0.17926700744533633,61.0,0.17350912588601106,0.10717077774387596,0.12706191214000417,0.029085091096101523,1.0771376155628007,False,0.014408855791103022,0.006966645349475588,0.07006700347998601,-0.20097944904223394,0.0338344330600851,-0.007847486052458004,0.0835499910413812,Joy,-0.20097944904223394
Paris,2020-06-01,34,0.04784248634207276,0.03074720130569078,0.07302246347192999,0.31419423344435493,0.253588301834979,0.04687513529514781,0.2337301667670116,0.9999999884611869,2020-05-01,1.0,0.032483460036692745,0.030317942920158117,0.12732212093262069,0.1954478034059758,0.29261063670532567,0.05900103178013249,0.2628169984867175,27.0,0.11365660862023966,0.04423198649500715,0.12706191214000417,0.029085091096101523,-0.3108767029199064,False,0.015359026305380018,0.00042925838553266316,-0.054299657460690695,0.11874643003837912,-0.039022334870346675,-0.012125896484984681,-0.029086831719705913,Joy,0.11874643003837912
Paris,2020-07-01,35,0.022213568683114915,0.05213570663140018,0.05190252515686938,0.4189154592342675,0.27436954985771855,0.09234124873099579,0.08812194876372809,1.0000000070580943,2020-06-01,1.0,0.04784248634207276,0.03074720130569078,0.07302246347192999,0.31419423344435493,0.253588301834979,0.04687513529514781,0.2337301667670116,34.0,0.17179105902379513,0.06857139850986482,0.12706191214000417,0.029085091096101523,1.0372946563389265,False,-0.025628917658957848,0.0213885053257094,-0.021119938315060614,0.10472122578991255,0.020781248022739562,0.045466113435847985,-0.14560821800328352,Surprise,-0.14560821800328352
Paris,2020-08-01,44,0.020561447930628043,0.0325492718706796,0.029231778193868397,0.2631150345921262,0.3891444356942719,0.0883839901600202,0.17701403277037153,0.9999999912119658,2020-07-01,1.0,0.022213568683114915,0.05213570663140018,0.05190252515686938,0.4189154592342675,0.27436954985771855,0.09234124873099579,0.08812194876372809,35.0,0.1560370221553468,0.08627136773281074,0.12706191214000417,0.029085091096101523,0.6719494754468269,False,-0.0016521207524868714,-0.019586434760720577,-0.02267074696300098,-0.15580042464214128,0.11477488583655332,-0.003957258570975591,0.08889208400664345,Joy,-0.15580042464214128
Paris,2020-09-01,28,0.04973108197321245,0.04746590100694442,0.0417081986213036,0.27552546064336114,0.3641980713333136,0.059365724346467384,0.16200557375226965,1.0000000116768724,2020-08-01,1.0,0.020561447930628043,0.0325492718706796,0.029231778193868397,0.2631150345921262,0.3891444356942719,0.0883839901600202,0.17701403277037153,44.0,0.07904843695527727,0.005478317635661423,0.12706191214000417,0.029085091096101523,-1.1134601196569431,False,0.029169634042584408,0.01491662913626482,0.012476420427435204,0.012410426051234935,-0.024946364360958262,-0.029018265813552817,-0.015008459018101883,Anger,0.029169634042584408
Paris,2020-10-01,25,0.021366512468084665,0.023327299943193745,0.059270515232346915,0.3192805908899754,0.3302858328074217,0.0684485848434269,0.17802066422998902,1.0000000004144383,2020-09-01,1.0,0.04973108197321245,0.04746590100694442,0.0417081986213036,0.27552546064336114,0.3641980713333136,0.059365724346467384,0.16200557375226965,28.0,0.08570898531555488,0.010163992061592908,0.12706191214000417,0.029085091096101523,-0.9589981702628975,False,-0.028364569505127786,-0.024138601063750677,0.017562316611043315,0.04375513024661426,-0.033912238525891925,0.00908286049695952,0.016015090477719374,Joy,0.04375513024661426
Paris,2021-04-01,16,0.011114100663689862,0.028124100703280357,0.04111364184063853,0.19858367014967368,0.49763986887410283,0.0517364640254527,0.17168815544573587,1.0000000017025739,2021-03-01,1.0,0.0038303807144984105,0.00806943677598607,0.04879529243335123,0.47307167956605556,0.20749715305864808,0.011379270418547058,0.24735679421573872,10.0,0.2721839921432579,0.25648993409518717,0.12706191214000417,0.029085091096101523,3.365464548100206,False,0.007283719949191451,0.020054663927294287,-0.007681650592712697,-0.27448800941638185,0.29014271581545475,0.040357193606905636,-0.07566863877000285,Neutral,0.29014271581545475
Paris,2021-05-01,14,0.047106098516711103,0.059086720409270876,0.052324231647487125,0.08228351749546291,0.3709074325327362,0.10836160409131217,0.2799303931450205,0.9999999978380008,2021-04-01,1.0,0.011114100663689862,0.028124100703280357,0.04111364184063853,0.19858367014967368,0.49763986887410283,0.0517364640254527,0.17168815544573587,16.0,0.19454305152778034,0.07393620643335619,0.12706191214000417,0.029085091096101523,1.5649264555047535,False,0.03599199785302124,0.03096261970599052,0.011210589806848595,-0.11630015265421077,-0.1267324363413666,0.05662514006585947,0.10824223769928462,Neutral,-0.1267324363413666
Paris,2021-08-01,31,0.05352231699808105,0.07070937857121946,0.060345008295224635,0.3059106142177517,0.2739073596744528,0.11009366642458421,0.12551164883939966,0.9999999930207135,2021-07-01,1.0,0.02282475950023915,0.018825548466001756,0.03346319759859596,0.307061730435601,0.383996933983225,0.05322275358183236,0.1806050794957964,27.0,0.15909343556741173,0.0363456545360914,0.12706191214000417,0.029085091096101523,0.7428294613346527,False,0.0306975574978419,0.05188383010521771,0.026881810696628677,-0.0011511162178493017,-0.1100895743087722,0.05687091284275185,-0.05509343065639674,Neutral,-0.1100895743087722
Paris,2021-09-01,16,0.027235494329943273,0.060657854599412496,0.0346218904596753,0.23518273333320389,0.4777154289186001,0.05432833550730717,0.1102582731400616,1.0000000102882038,2021-08-01,1.0,0.05352231699808105,0.07070937857121946,0.060345008295224635,0.3059106142177517,0.2739073596744528,0.11009366642458421,0.12551164883939966,31.0,0.1597296644626966,0.08389695728991109,0.12706191214000417,0.029085091096101523,0.7575839755444143,False,-0.026286822668137776,-0.010051523971806968,-0.025723117835549335,-0.07072788088454779,0.2038080692441473,-0.05576533091727704,-0.01525337569933806,Neutral,0.2038080692441473
Paris,2021-10-01,34,0.02548585071310616,0.040556375700843424,0.06577717388384313,0.29549512186991594,0.28022258904050373,0.0806073288481189,0.2118555543642929,0.9999999944206243,2021-09-01,1.0,0.027235494329943273,0.060657854599412496,0.0346218904596753,0.23518273333320389,0.4777154289186001,0.05432833550730717,0.1102582731400616,16.0,0.166270429170285,0.09363965329423984,0.12706191214000417,0.029085091096101523,0.9092680731011766,False,-0.0017496436168371148,-0.020101478898569072,0.03115528342416783,0.06031238853671206,-0.19749283987809635,0.026278993340811733,0.1015972812242313,Neutral,-0.19749283987809635
Paris,2021-11-01,24,0.016454643613542378,0.02805216926935823,0.09709896633285094,0.1947673186465787,0.32338381828352186,0.05068976762898573,0.28955333419920254,1.0000000179740403,2021-10-01,1.0,0.02548585071310616,0.040556375700843424,0.06577717388384313,0.29549512186991594,0.28022258904050373,0.0806073288481189,0.2118555543642929,34.0,0.11533749176228626,0.04297809391507024,0.12706191214000417,0.029085091096101523,-0.2718960555647258,False,-0.00903120709956378,-0.012504206431485195,0.031321792449007804,-0.10072780322333724,0.04316122924301813,-0.029917561219133172,0.07769777983490964,Joy,-0.10072780322333724
Paris,2021-12-01,32,0.02432458950352151,0.02840411029683304,0.038320152671076316,0.33297854653937975,0.3426500939531252,0.023021078493911728,0.21030143204552584,1.0000000035033734,2021-11-01,1.0,0.016454643613542378,0.02805216926935823,0.09709896633285094,0.1947673186465787,0.32338381828352186,0.05068976762898573,0.28955333419920254,24.0,0.14862225705478985,0.05591739766210624,0.12706191214000417,0.029085091096101523,0.499996805819603,False,0.007869945889979132,0.00035194102747481207,-0.05877881366177462,0.13821122789280105,0.019266275669603317,-0.027668689135074,-0.0792519021536767,Joy,0.13821122789280105
Paris,2022-01-01,24,0.022968790358087614,0.023427473206538655,0.015484581648100437,0.2456712392546857,0.4224095142950925,0.0821750939066987,0.18786331510636953,1.000000007775573,2021-12-01,1.0,0.02432458950352151,0.02840411029683304,0.038320152671076316,0.33297854653937975,0.3426500939531252,0.023021078493911728,0.21030143204552584,32.0,0.13098434359380867,0.03315303345203813,0.12706191214000417,0.029085091096101523,0.0909634426397156,False,-0.0013557991454338954,-0.004976637090294386,-0.022835571022975877,-0.08730730728469405,0.07975942034196731,0.059154015412786976,-0.022438116939156316,Joy,-0.08730730728469405
Paris,2022-02-01,17,0.028645874843384798,0.06962776156347789,0.0496121617924312,0.30954100253909606,0.3215786526253557,0.08164416389156347,0.13935038278920242,1.0000000000445115,2022-01-01,1.0,0.022968790358087614,0.023427473206538655,0.015484581648100437,0.2456712392546857,0.4224095142950925,0.0821750939066987,0.18786331510636953,24.0,0.1339053612295708,0.03433966011207901,0.12706191214000417,0.029085091096101523,0.15870352255941175,False,0.005677084485297183,0.046200288356939234,0.03412758014433076,0.06386976328441035,-0.10083086166973682,-0.0005309300151352392,-0.04851293231716711,Neutral,-0.10083086166973682
Paris,2022-03-01,37,0.03924221457831708,0.052214803960728036,0.033893814864190804,0.22920489893924137,0.3797390972188598,0.1298085443260198,0.13589664004944463,1.0000000139368015,2022-02-01,1.0,0.028645874843384798,0.06962776156347789,0.0496121617924312,0.30954100253909606,0.3215786526253557,0.08164416389156347,0.13935038278920242,17.0,0.09367270570817737,0.027211139206314905,0.12706191214000417,0.029085091096101523,-0.7743149115075602,False,0.010596339734932281,-0.01741295760274985,-0.015718346928240395,-0.08033610359985469,0.05816044459350411,0.048164380434456325,-0.0034537427397577924,Joy,-0.08033610359985469
Paris,2022-04-01,29,0.015833143775094385,0.053615129416294614,0.027380993505458084,0.2635578594154453,0.35142475597817324,0.15552760616490807,0.13266049425021326,0.999999982505587,2022-03-01,1.0,0.03924221457831708,0.052214803960728036,0.033893814864190804,0.22920489893924137,0.3797390972188598,0.1298085443260198,0.13589664004944463,37.0,0.06488328622743661,0.006815329144764903,0.12706191214000417,0.029085091096101523,-1.4419581165983786,False,-0.023409070803222694,0.0014003254555665784,-0.006512821358732719,0.034352960476203925,-0.028314341240686547,0.02571906183888828,-0.0032361457992313714,Joy,0.034352960476203925
Paris,2022-05-01,54,0.048537237623585694,0.04392079086499973,0.06955150498672281,0.2042535892213453,0.3602594209714206,0.11629483789309028,0.15718261737169487,0.9999999989328592,2022-04-01,1.0,0.015833143775094385,0.053615129416294614,0.027380993505458084,0.2635578594154453,0.35142475597817324,0.15552760616490807,0.13266049425021326,29.0,0.1148509968207772,0.01805094900790105,0.12706191214000417,0.029085091096101523,-0.28317815321962536,False,0.03270409384849131,-0.009694338551294882,0.04217051148126473,-0.059304270194100006,0.008834664993247365,-0.03923276827181779,0.02452212312148161,Joy,-0.059304270194100006
Paris,2022-08-01,70,0.039137895502582405,0.042393083674999436,0.07593107218355201,0.2882887544459663,0.2753389872610568,0.08109835871062902,0.1978118459228426,0.9999999977016286,2022-07-01,1.0,0.07738057293172455,0.04966623157961289,0.05303285166155543,0.3499138576618861,0.24132444378919896,0.1134867492015473,0.11519529321230944,20.0,0.1152536075041733,0.03438387717390268,0.12706191214000417,0.029085091096101523,-0.27384137978290507,False,-0.03824267742914215,-0.007273147904613454,0.022898220521996582,-0.061625103215919796,0.034014543471857867,-0.03238839049091828,0.08261655271053316,Surprise,0.08261655271053316
Paris,2022-09-01,15,0.023572294852541087,0.026564275644098675,0.01906760476801228,0.38919317529071124,0.267356539517641,0.12993828152927256,0.1443078275149067,0.9999999991171835,2022-08-01,1.0,0.039137895502582405,0.042393083674999436,0.07593107218355201,0.2882887544459663,0.2753389872610568,0.08109835871062902,0.1978118459228426,70.0,0.14054685446659423,0.03534387979832598,0.12706191214000417,0.029085091096101523,0.3127235726796173,False,-0.015565600650041318,-0.01582880803090076,-0.05686346741553973,0.10090442084474494,-0.007982447743415833,0.048839922818643536,-0.053504018407935894,Joy,0.10090442084474494
Paris,2022-10-01,32,0.03408215372473928,0.05180928108529765,0.03667782701268147,0.29454507463378826,0.32915397227043286,0.113783401215187,0.13994830510637254,1.0000000150484991,2022-09-01,1.0,0.023572294852541087,0.026564275644098675,0.01906760476801228,0.38919317529071124,0.267356539517641,0.12993828152927256,0.1443078275149067,15.0,0.09560440048791025,0.026784502150844602,0.12706191214000417,0.029085091096101523,-0.7295177979408619,False,0.010509858872198193,0.025245005441198974,0.01761022224466919,-0.09464810065692297,0.06179743275279187,-0.01615488031408556,-0.0043595224085341555,Joy,-0.09464810065692297
Paris,2022-11-01,63,0.02383279252893449,0.04163460726276892,0.07965278015601342,0.25595510096311386,0.34628287910128985,0.08215951639604528,0.1704823234920493,0.999999999900215,2022-10-01,1.0,0.03408215372473928,0.05180928108529765,0.03667782701268147,0.29454507463378826,0.32915397227043286,0.113783401215187,0.13994830510637254,32.0,0.08727545972030966,0.012451049566296502,0.12706191214000417,0.029085091096101523,-0.9226707273638541,False,-0.010249361195804791,-0.010174673822528728,0.04297495314333195,-0.038589973670674405,0.017128906830856994,-0.03162388481914172,0.030534018385676764,Fear,0.04297495314333195
Paris,2022-12-01,57,0.016643567008717886,0.05093199364113894,0.06170932208739314,0.34906926015882117,0.3498143953630668,0.0576192678499705,0.11421218221157522,0.9999999883206837,2022-11-01,1.0,0.02383279252893449,0.04163460726276892,0.07965278015601342,0.25595510096311386,0.34628287910128985,0.08215951639604528,0.1704823234920493,63.0,0.09278276005635575,0.02320619552407288,0.12706191214000417,0.029085091096101523,-0.7949532633067796,False,-0.007189225520216603,0.00929738637837002,-0.01794345806862028,0.09311415919570731,0.0035315162617769458,-0.024540248546074783,-0.056270141280474084,Joy,0.09311415919570731
Paris,2023-01-01,21,0.027936488750301962,0.034401768034080085,0.03240904350310471,0.3940575685174692,0.3530368445707219,0.04977562977001067,0.10838266149429335,1.000000004639982,2022-12-01,1.0,0.016643567008717886,0.05093199364113894,0.06170932208739314,0.34906926015882117,0.3498143953630668,0.0576192678499705,0.11421218221157522,57.0,0.06865772960371519,0.004607685086222113,0.12706191214000417,0.029085091096101523,-1.3544266026385978,False,0.011292921741584076,-0.016530225607058857,-0.02930027858428843,0.04498830835864803,0.003222449207655076,-0.00784363807995983,-0.0058295207172818775,Joy,0.04498830835864803
Paris,2023-02-01,28,0.04902610537828872,0.05007998205214136,0.060912270385805205,0.37279409277419157,0.24903437037885717,0.05276724835857744,0.1653859321793009,1.0000000015071624,2023-01-01,1.0,0.027936488750301962,0.034401768034080085,0.03240904350310471,0.3940575685174692,0.3530368445707219,0.04977562977001067,0.10838266149429335,21.0,0.10990433882482405,0.02426351987458586,0.12706191214000417,0.029085091096101523,-0.39789399877933257,False,0.02108961662798676,0.015678214018061278,0.028503226882700496,-0.021263475743277638,-0.1040024741918647,0.002991618588566773,0.057003270685007545,Neutral,-0.1040024741918647
Paris,2023-03-01,31,0.0193215214136627,0.04419793910346921,0.014901416560244364,0.33603078200511877,0.27429117056571184,0.09326494504292039,0.21799221921772244,0.9999999939088497,2023-02-01,1.0,0.04902610537828872,0.05007998205214136,0.060912270385805205,0.37279409277419157,0.24903437037885717,0.05276724835857744,0.1653859321793009,28.0,0.12788776671951807,0.019271938567817615,0.12706191214000417,0.029085091096101523,0.019152042950169295,False,-0.02970458396462602,-0.005882042948672152,-0.04601085382556084,-0.0367633107690728,0.025256800186854667,0.04049769668434295,0.052606287038421545,Surprise,0.052606287038421545
Paris,2023-04-01,24,0.036444947205988336,0.04410567187975778,0.04949380255614713,0.27794474588396645,0.2855906026282658,0.16415992247251168,0.14226031225795543,1.0000000048845927,2023-03-01,1.0,0.0193215214136627,0.04419793910346921,0.014901416560244364,0.33603078200511877,0.27429117056571184,0.09326494504292039,0.21799221921772244,31.0,0.12893149067147072,0.03149088689654289,0.12706191214000417,0.029085091096101523,0.04335660202361241,False,0.017123425792325637,-9.226722371143137e-05,0.034592385995902766,-0.05808603612115232,0.01129943206255396,0.07089497742959129,-0.075731906959767,Surprise,-0.075731906959767
Paris,2023-05-01,49,0.0664057183858691,0.06202915469564645,0.1039829847904169,0.1935483098281927,0.33316393704058567,0.07545280160990596,0.16541708218009796,0.9999999885307148,2023-04-01,1.0,0.036444947205988336,0.04410567187975778,0.04949380255614713,0.27794474588396645,0.2855906026282658,0.16415992247251168,0.14226031225795543,24.0,0.14654345293719534,0.05296160523268201,0.12706191214000417,0.029085091096101523,0.45178814205146933,False,0.029960771179880767,0.017923482815888674,0.05448918223426977,-0.08439643605577374,0.04757333441231987,-0.08870712086260572,0.023156769922142523,Sadness,-0.08870712086260572
Paris,2023-08-01,73,0.05119885380813617,0.07419535579408629,0.060978945475454356,0.2294627085857552,0.37721447847234973,0.08621580944371035,0.12073385837640968,1.0000000099559017,2023-07-01,1.0,0.03530951336443676,0.06906245528832716,0.056752514967229176,0.3488838622579351,0.2776579919656546,0.10540938185897233,0.10692428231464116,29.0,0.10731467602934901,0.05447478329069777,0.12706191214000417,0.029085091096101523,-0.4579497692693222,False,0.015889340443699412,0.005132900505759125,0.0042264305082251805,-0.1194211536721799,0.09955648650669513,-0.019193572415261984,0.013809576061768525,Joy,-0.1194211536721799
Paris,2023-11-01,59,0.04503377803238262,0.06117363094344288,0.04349292718984925,0.2722448770063377,0.30841832219473064,0.06909574562944151,0.2005407331566626,1.0000000141528471,2023-10-01,1.0,0.015165429703691669,0.02795333891533244,0.02994432904233685,0.30166669555806686,0.45962397494752494,0.06707113544689487,0.09857511089649044,28.0,0.1562569843168646,0.051963741236708993,0.12706191214000417,0.029085091096101523,0.677050524553173,False,0.029868348328690952,0.03322029202811044,0.013548598147512397,-0.02942181855172915,-0.1512056527527943,0.0020246101825466406,0.10196562226017215,Neutral,-0.1512056527527943
Paris,2023-12-01,29,0.020571597639053762,0.06430805531924522,0.05949091862541908,0.4046434661361453,0.27314825314257674,0.04817701502831584,0.12966069600601068,1.0000000018967665,2023-11-01,1.0,0.04503377803238262,0.06117363094344288,0.04349292718984925,0.2722448770063377,0.30841832219473064,0.06909574562944151,0.2005407331566626,59.0,0.12166480487926203,0.04765670241960762,0.12706191214000417,0.029085091096101523,-0.12516202322840653,False,-0.02446218039332886,0.0031344243758023374,0.015997991435569833,0.13239858912980762,-0.03527006905215391,-0.020918730601125674,-0.07088003715065191,Joy,0.13239858912980762
Paris,2024-01-01,27,0.03757692036365534,0.03527081875492711,0.12451620889758619,0.2166728671872988,0.3932256712923171,0.04425744367418461,0.1484800637527196,0.9999999939226888,2023-12-01,1.0,0.020571597639053762,0.06430805531924522,0.05949091862541908,0.4046434661361453,0.27314825314257674,0.04817701502831584,0.12966069600601068,29.0,0.17181846986192978,0.1081134906572857,0.12706191214000417,0.029085091096101523,1.0379303294492745,False,0.01700532272460158,-0.029037236564318107,0.06502529027216711,-0.18797059894884652,0.12007741814974038,-0.003919571354131228,0.01881936774670892,Joy,-0.18797059894884652
Paris,2024-02-01,34,0.022913760216290307,0.02226779635256041,0.09773051360389212,0.3703856917426866,0.31137068395721995,0.03381132750826719,0.14152022740831047,1.0000000007892271,2024-01-01,1.0,0.03757692036365534,0.03527081875492711,0.12451620889758619,0.2166728671872988,0.3932256712923171,0.04425744367418461,0.1484800637527196,27.0,0.12410737533434042,0.06109492395211058,0.12706191214000417,0.029085091096101523,-0.0685174087588577,False,-0.014663160147365035,-0.013003022402366698,-0.026785695293694067,0.1537128245553878,-0.08185498733509716,-0.010446116165917424,-0.006959836344409137,Joy,0.1537128245553878
Paris,2024-03-01,27,0.0211427944703717,0.07374172211038289,0.058055851392930825,0.22678796673641985,0.3644777585372881,0.07207956072805376,0.18371434865036493,1.000000002625812,2024-02-01,1.0,0.022913760216290307,0.02226779635256041,0.09773051360389212,0.3703856917426866,0.31137068395721995,0.03381132750826719,0.14152022740831047,34.0,0.15658249296960958,0.059914144398976577,0.12706191214000417,0.029085091096101523,0.6845992575294956,False,-0.0017709657459186075,0.05147392575782248,-0.039674662210961296,-0.14359772500626675,0.053107074580068137,0.03826823321978657,0.04219412124205446,Joy,-0.14359772500626675
Paris,2024-04-01,22,0.07530531883028078,0.03633806885706935,0.11711799409452142,0.23804339187600732,0.3707856569354507,0.06743315262296656,0.09497642982751127,1.0000000130438074,2024-03-01,1.0,0.0211427944703717,0.07374172211038289,0.058055851392930825,0.22678796673641985,0.3644777585372881,0.07207956072805376,0.18371434865036493,27.0,0.1539225033093624,0.03442430644500816,0.12706191214000417,0.029085091096101523,0.6229125665747199,False,0.054162524359909085,-0.037403653253313546,0.059062142701590596,0.011255425139587466,0.0063078983981625925,-0.004646408105087194,-0.08873791882285366,Surprise,-0.08873791882285366
Paris,2024-05-01,67,0.04185881787031857,0.05999974707495973,0.07182616106088534,0.21495601596004923,0.38361184016815314,0.10035948380271885,0.12738793922254618,1.000000005159631,2024-04-01,1.0,0.07530531883028078,0.03633806885706935,0.11711799409452142,0.23804339187600732,0.3707856569354507,0.06743315262296656,0.09497642982751127,22.0,0.09894000962294054,0.014301826263385498,0.12706191214000417,0.029085091096101523,-0.6521631025698201,False,-0.03344650095996222,0.023661678217890385,-0.045291833033636084,-0.02308737591595808,0.01282618323270246,0.032926331179752286,0.03241150939503491,Fear,-0.045291833033636084
Paris,2024-08-01,69,0.045566735482113256,0.08309987898362607,0.04159199989036369,0.2913724115747702,0.37201601729147893,0.035699522586714806,0.13065343235612614,0.9999999981651931,2024-07-01,1.0,0.015855912026017865,0.017461444748914756,0.016269816474232306,0.42207700735889375,0.37520849984139204,0.02641422698507081,0.1267130960244685,20.0,0.1569818942735398,0.02914072909153309,0.12706191214000417,0.029085091096101523,0.6938616036095137,False,0.02971082345609539,0.06563843423471132,0.025322183416131384,-0.13070459578412358,-0.0031924825499131115,0.009285295601643997,0.0039403363316576345,Joy,-0.13070459578412358
Paris,2024-09-01,16,0.018662162357941218,0.10336124883906445,0.03185337177637843,0.31786813471626374,0.392384278064128,0.018172834126744374,0.11769798136083405,1.0000000112413543,2024-08-01,1.0,0.045566735482113256,0.08309987898362607,0.04159199989036369,0.2913724115747702,0.37201601729147893,0.035699522586714806,0.13065343235612614,69.0,0.07632990333752862,0.0038264654807584897,0.12706191214000417,0.029085091096101523,-1.1765044786762362,False,-0.02690457312417204,0.020261369855438374,-0.009738628113985258,0.026495723141493566,0.020368260772649083,-0.017526688459970432,-0.012955450995292092,Anger,-0.02690457312417204
Paris,2024-10-01,30,0.017755395034328058,0.09973657893327371,0.05061571782765286,0.30835603437541675,0.3476072933524847,0.07847174186802776,0.09745723645513253,0.9999999978463163,2024-09-01,1.0,0.018662162357941218,0.10336124883906445,0.03185337177637843,0.31786813471626374,0.392384278064128,0.018172834126744374,0.11769798136083405,16.0,0.11147265288359533,0.009944855268311792,0.12706191214000417,0.029085091096101523,-0.3615238932449883,False,-0.0009067673236131599,-0.003624669905790731,0.01876234605127443,-0.009512100340846985,-0.04477698471164332,0.06029890774128338,-0.02024074490570152,Sadness,0.06029890774128338
Paris,2024-11-01,59,0.05716798384377917,0.061282365959753254,0.018523767739001586,0.36168748796404476,0.30273076318109693,0.05906125988763895,0.13954637028568942,0.9999999988610041,2024-10-01,1.0,0.017755395034328058,0.09973657893327371,0.05061571782765286,0.30835603437541675,0.3476072933524847,0.07847174186802776,0.09745723645513253,30.0,0.12666983847745672,0.022122536896786116,0.12706191214000417,0.029085091096101523,-0.009092413859542781,False,0.039412588809451116,-0.03845421297352046,-0.032091950088651275,0.05333145358862801,-0.04487653017138776,-0.019410481980388805,0.04208913383055689,Joy,0.05333145358862801
Paris,2024-12-01,46,0.024139360949882952,0.1092120706579526,0.047035630893610056,0.21645289926685934,0.3111350453590326,0.07386513079678556,0.21815986060486778,0.9999999985289909,2024-11-01,1.0,0.05716798384377917,0.061282365959753254,0.018523767739001586,0.36168748796404476,0.30273076318109693,0.05906125988763895,0.13954637028568942,59.0,0.15520781304619596,0.06470422904674977,0.12706191214000417,0.029085091096101523,0.6527196390239595,False,-0.033028622893896215,0.04792970469819935,0.02851186315460847,-0.14523458869718542,0.008404282177935651,0.014803870909146602,0.07861349031917836,Joy,-0.14523458869718542
Rio de Janeiro,2019-06-01,12,0.01193905566954826,0.06525728442647956,0.004964884615522609,0.37008005551372963,0.20287756606315568,0.10545579526418196,0.23942534204494825,0.9999999835975659,2019-05-01,1.0,0.01708648842070124,0.02383437464136233,0.05056300630109797,0.32906490986505027,0.4276930415071547,0.04981988422131456,0.10193829958045263,76.0,0.23779359332586292,0.1353048933663018,0.16960525496230403,0.05065520249839414,0.9079626959872193,False,-0.005147432751152982,0.04142290978511723,-0.04559812168557536,0.04101514564867936,-0.22481547544399902,0.0556359110428674,0.1374870424644956,Neutral,-0.22481547544399902
Rio de Janeiro,2019-07-01,20,0.047815755853662226,0.01746860867424397,0.06696977174724447,0.39814572593895714,0.2997236594557762,0.06807253194274375,0.1018039445392787,0.9999999981519065,2019-06-01,1.0,0.01193905566954826,0.06525728442647956,0.004964884615522609,0.37008005551372963,0.20287756606315568,0.10545579526418196,0.23942534204494825,12.0,0.22421872611203494,0.07207869990257243,0.16960525496230403,0.05065520249839414,0.7272063771072931,False,0.035876700184113965,-0.04778867575223559,0.062004887131721864,0.028065670425227507,0.09684609339262054,-0.03738326332143821,-0.13762139750566954,Surprise,-0.13762139750566954
Rio de Janeiro,2019-08-01,115,0.03580389622416666,0.0328983604690343,0.04521869235879575,0.334876326728187,0.33633188515820583,0.06363040975031803,0.15124042862823797,0.9999999993169454,2019-07-01,1.0,0.047815755853662226,0.01746860867424397,0.06696977174724447,0.39814572593895714,0.2997236594557762,0.06807253194274375,0.1018039445392787,20.0,0.08400228875592217,0.016097305369963677,0.16960525496230403,0.05065520249839414,-1.1398473968796197,False,-0.012011859629495567,0.01542975179479033,-0.021751079388448724,-0.06326939921077013,0.03660822570242961,-0.004442122192425721,0.04943648408895927,Joy,-0.06326939921077013
Rio de Janeiro,2019-11-01,86,0.037428182082759644,0.0477837152490771,0.045903282684035734,0.32451559978721356,0.3715777892293137,0.04792799338763359,0.12486343699788974,0.9999999994179231,2019-10-01,1.0,0.009991442433182241,0.04567101895988269,0.02396331235649992,0.4096759494859725,0.3153363862433112,0.02911355280174081,0.166248336326904,26.0,0.11069840928631063,0.022746784701304312,0.16960525496230403,0.05065520249839414,-0.7843748607996808,False,0.0274367396495774,0.0021126962891944087,0.021939970327535814,-0.08516034969875896,0.05624140298600255,0.018814440585892777,-0.04138489932901426,Joy,-0.08516034969875896
Rio de Janeiro,2019-12-01,22,0.019837999335405445,0.0447225436430678,0.028432164354440282,0.3532997029939327,0.32640306744724507,0.07124908905560993,0.15605543871325522,1.0000000055429563,2019-11-01,1.0,0.037428182082759644,0.0477837152490771,0.045903282684035734,0.32451559978721356,0.3715777892293137,0.04792799338763359,0.12486343699788974,86.0,0.07407758887345677,0.009417812652584345,0.16960525496230403,0.05065520249839414,-1.2719998657387686,False,-0.0175901827473542,-0.0030611716060092997,-0.017471118329595452,0.028784103206719147,-0.04517472178206866,0.023321095667976348,0.031192001715365486,Neutral,-0.04517472178206866
Rio de Janeiro,2020-01-01,48,0.03888319873173406,0.03454953761441473,0.024830311388844426,0.36091440902479616,0.31602074495458504,0.10895292580971723,0.11584887113228126,0.9999999986563729,2019-12-01,1.0,0.019837999335405445,0.0447225436430678,0.028432164354440282,0.3532997029939327,0.32640306744724507,0.07124908905560993,0.15605543871325522,22.0,0.07417306835752399,0.006995789579873235,0.16960525496230403,0.05065520249839414,-1.270728507441358,False,0.019045199396328618,-0.010173006028653064,-0.003601852965595856,0.0076147060308634495,-0.010382322492660023,0.037703836754107295,-0.04020656758097396,Surprise,-0.04020656758097396
Rio de Janeiro,2020-02-01,86,0.023827020568247877,0.0310859293995024,0.03136035543663401,0.3495725513609169,0.3645315128811743,0.06292952156928905,0.13669311177516136,1.000000002990926,2020-01-01,1.0,0.03888319873173406,0.03454953761441473,0.024830311388844426,0.36091440902479616,0.31602074495458504,0.10895292580971723,0.11584887113228126,48.0,0.07488840200788152,0.00907368804880726,0.16960525496230403,0.05065520249839414,-1.2612034730249728,False,-0.015056178163486186,-0.003463608214912331,0.006530044047789587,-0.01134185766387924,0.04851076792658926,-0.04602340424042818,0.020844240642880096,Neutral,0.04851076792658926
Rio de Janeiro,2020-03-01,84,0.027206865150392712,0.035759900798439,0.018348092784262436,0.3632041600025591,0.38481865792779163,0.03548806509102823,0.13517425663303578,0.9999999983875087,2020-02-01,1.0,0.023827020568247877,0.0310859293995024,0.03136035543663401,0.3495725513609169,0.3645315128811743,0.06292952156928905,0.13669311177516136,86.0,0.056057127470397566,0.0019817536277689785,0.16960525496230403,0.05065520249839414,-1.5119515511900063,False,0.0033798445821448357,0.004673971398936598,-0.013012262652371577,0.013631608641642201,0.020287145046617328,-0.027441456478260816,-0.0015188551421255747,Sadness,-0.027441456478260816
Rio de Janeiro,2020-04-01,21,0.010863965610042152,0.012087307986803308,0.06539264968818138,0.28284435005792014,0.4074332220036359,0.021701880608729608,0.19967662982110462,1.0000000057764171,2020-03-01,1.0,0.027206865150392712,0.035759900798439,0.018348092784262436,0.3632041600025591,0.38481865792779163,0.03548806509102823,0.13517425663303578,84.0,0.1360617602813064,0.024057541438459507,0.16960525496230403,0.05065520249839414,-0.4466488345999634,False,-0.01634289954035056,-0.023672592811635692,0.04704455690391895,-0.08035980994463898,0.02261456407584428,-0.013786184482298625,0.06450237318806884,Joy,-0.08035980994463898
Rio de Janeiro,2020-05-01,12,0.020597658896197826,0.03441133132582758,0.015998646835214406,0.2532866988331079,0.4825682414423984,0.0888527734787203,0.10428464175978051,0.9999999925712469,2020-04-01,1.0,0.010863965610042152,0.012087307986803308,0.06539264968818138,0.28284435005792014,0.4074332220036359,0.021701880608729608,0.19967662982110462,21.0,0.17929168834047113,0.03712655852773439,0.16960525496230403,0.05065520249839414,0.12897982815843712,False,0.009733693286155674,0.02232402333902427,-0.04939400285296698,-0.029557651224812242,0.0751350194387625,0.06715089286999068,-0.09539198806132411,Surprise,-0.09539198806132411
Rio de Janeiro,2020-06-01,12,0.03430272014035529,0.014064711382767757,0.02421639713187075,0.3246514494530856,0.44932170522709686,0.034415432834066416,0.11902757307204104,0.9999999892412837,2020-05-01,1.0,0.020597658896197826,0.03441133132582758,0.015998646835214406,0.2532866988331079,0.4825682414423984,0.0888527734787203,0.10428464175978051,12.0,0.11162930161188338,0.015587813243441051,0.16960525496230403,0.05065520249839414,-0.7719795520726309,False,0.013705061244157466,-0.02034661994305982,0.008217750296656345,0.07136475061997771,-0.03324653621530155,-0.05443734064465388,0.014742931312260524,Joy,0.07136475061997771
Rio de Janeiro,2020-12-01,16,0.017792859543987977,0.022420618330215743,0.01741098966886053,0.3716067593777552,0.31286225217627356,0.05178902358602496,0.2061174968985142,0.9999999995816322,2020-11-01,1.0,0.02804285142919975,0.03346886168292253,0.04475158292916599,0.5312823856365867,0.17556223613210017,0.00943249190459023,0.1774595731520094,20.0,0.1723838710109516,0.07084311856924308,0.16960525496230403,0.05065520249839414,0.03699869771268213,False,-0.010249991885211772,-0.011048243352706783,-0.02734059326030546,-0.15967562625883147,0.13730001604417338,0.04235653168143473,0.028657923746504804,Joy,-0.15967562625883147
Rio de Janeiro,2021-01-01,27,0.02384470661248386,0.022426598308676878,0.007603972417267896,0.39856858666624045,0.3769912299424134,0.043206142304741076,0.1273587701704215,1.000000006422245,2020-12-01,1.0,0.017792859543987977,0.022420618330215743,0.01741098966886053,0.3716067593777552,0.31286225217627356,0.05178902358602496,0.2061174968985142,16.0,0.08846046826190014,0.016720661606377085,0.16960525496230403,0.05065520249839414,-1.0804844503613924,False,0.006051847068495882,5.979978461134738e-06,-0.009807017251592635,0.02696182728848523,0.06412897776613985,-0.008582881281283886,-0.0787587267280927,Surprise,-0.0787587267280927
Rio de Janeiro,2021-02-01,26,0.03220817208505016,0.037426016768082354,0.013131478864054792,0.3464417749245722,0.43836483359336853,0.024244970928591,0.10818274591404654,0.9999999930777655,2021-01-01,1.0,0.02384470661248386,0.022426598308676878,0.007603972417267896,0.39856858666624045,0.3769912299424134,0.043206142304741076,0.1273587701704215,27.0,0.07379564117832542,0.011587491489177038,0.16960525496230403,0.05065520249839414,-1.2757541438975049,False,0.008363465472566303,0.014999418459405476,0.005527506446786895,-0.05212681174166828,0.06137360365095512,-0.018961171376150075,-0.01917602425637495,Neutral,0.06137360365095512
Rio de Janeiro,2021-03-01,15,0.08902368315805989,0.068481227196753,0.05017637233249838,0.4839951212828358,0.24638263980547584,0.01651114250222838,0.04542981050908561,0.9999999967869369,2021-02-01,1.0,0.03220817208505016,0.037426016768082354,0.013131478864054792,0.3464417749245722,0.43836483359336853,0.024244970928591,0.10818274591404654,26.0,0.20333761425575278,0.10193644975691418,0.16960525496230403,0.05065520249839414,0.44916366377476186,False,0.05681551107300973,0.03105521042867064,0.037044893468443585,0.1375533463582636,-0.1919821937878927,-0.0077338284263626204,-0.06275293540496094,Neutral,-0.1919821937878927
Rio de Janeiro,2021-04-01,10,0.1232833546120673,0.04114370476454491,0.01058543573599304,0.227414319338277,0.42170196888037026,0.09859853535890575,0.07727270440664138,1.0000000230967996,2021-03-01,1.0,0.08902368315805989,0.068481227196753,0.05017637233249838,0.4839951212828358,0.24638263980547584,0.01651114250222838,0.04542981050908561,15.0,0.2524672884426438,0.1844906640851398,0.16960525496230403,0.05065520249839414,1.1033504719334806,False,0.03425967145400741,-0.027337522432208085,-0.03959093659650534,-0.2565808019445588,0.17531932907489442,0.08208739285667738,0.03184289389755578,Joy,-0.2565808019445588
Rio de Janeiro,2021-05-01,11,0.019006279805167083,0.04228451886129645,0.05495869395831088,0.3335596556478942,0.3163744123144583,0.13246913838454263,0.10134730557911094,1.0000000045507804,2021-04-01,1.0,0.1232833546120673,0.04114370476454491,0.01058543573599304,0.227414319338277,0.42170196888037026,0.09859853535890575,0.07727270440664138,10.0,0.2011367408823933,0.07232275330064275,0.16960525496230403,0.05065520249839414,0.41985790608130436,False,-0.10427707480690021,0.0011408140967515412,0.044373258222317837,0.1061453363096172,-0.10532755656591197,0.03387060302563688,0.024074601172469554,Joy,0.1061453363096172
Rio de Janeiro,2021-10-01,11,0.01794008554001758,0.012403397143564391,0.03496459603775288,0.3545968477952886,0.3254054022783583,0.010156029623679091,0.24453366293825887,1.0000000213569198,2021-09-01,1.0,0.07411760850421459,0.03970779342732076,0.07421712840247584,0.2070363273863525,0.48530338316534954,0.06369470156884438,0.05592301239569977,12.0,0.2775979959100408,0.1542290843863009,0.16960525496230403,0.05065520249839414,1.4379787302510072,False,-0.05617752296419701,-0.027304396283756367,-0.03925253236472296,0.1475605204089361,-0.15989798088699125,-0.05353867194516529,0.1886106505425591,Surprise,0.1886106505425591
Rio de Janeiro,2021-11-01,13,0.023060542191020533,0.03522715364726114,0.009883960216449385,0.2496993542254831,0.31421466300693834,0.14953220334763706,0.21838212163689041,0.99999999827168,2021-10-01,1.0,0.01794008554001758,0.012403397143564391,0.03496459603775288,0.3545968477952886,0.3254054022783583,0.010156029623679091,0.24453366293825887,11.0,0.21945569716002847,0.05539148823049611,0.16960525496230403,0.05065520249839414,0.6637842038718743,False,0.005120456651002952,0.022823756503696745,-0.025080635821303494,-0.10489749356980552,-0.011190739271419947,0.13937617372395797,-0.02615154130136846,Sadness,0.13937617372395797
Rio de Janeiro,2021-12-01,10,0.03391898330301043,0.04362826033029701,0.01096616350114339,0.22031671237200495,0.44526471495628356,0.03633775049820539,0.20956743694841856,1.0000000219093634,2021-11-01,1.0,0.023060542191020533,0.03522715364726114,0.009883960216449385,0.2496993542254831,0.31421466300693834,0.14953220334763706,0.21838212163689041,13.0,0.15951035361203988,0.05231541905450221,0.16960525496230403,0.05065520249839414,-0.13441878869142848,False,0.010858441111989896,0.00840110668303587,0.0010822032846940048,-0.029382641853478136,0.13105005194934521,-0.11319445284943166,-0.008814684688471852,Neutral,0.13105005194934521
Rio de Janeiro,2022-01-01,11,0.030586189548061624,0.12461025164653118,0.06951699401146137,0.2042096641803668,0.3667354512621055,0.12686857581138608,0.07747287057678803,0.9999999970367006,2021-12-01,1.0,0.03391898330301043,0.04362826033029701,0.01096616350114339,0.22031671237200495,0.44526471495628356,0.03633775049820539,0.20956743694841856,10.0,0.23067465980494187,0.07164656399058433,0.16960525496230403,0.05065520249839414,0.8131704451811255,False,-0.0033327937549488054,0.08098199131623418,0.05855083051031798,-0.016107048191638162,-0.07852926369417806,0.09053082531318069,-0.13209456637163053,Surprise,-0.13209456637163053
Rio de Janeiro,2022-02-01,16,0.01216617488535117,0.02560167355113657,0.0642219524888787,0.2886958160961512,0.4632201069034636,0.04725120202056128,0.09884306078311052,0.9999999867286531,2022-01-01,1.0,0.030586189548061624,0.12461025164653118,0.06951699401146137,0.2042096641803668,0.3667354512621055,0.12686857581138608,0.07747287057678803,11.0,0.190832586151639,0.04726326595635644,0.16960525496230403,0.05065520249839414,0.28265280131217213,False,-0.018420014662710454,-0.09900857809539461,-0.005295041522582672,0.0844861519157844,0.09648465564135811,-0.0796173737908248,0.021370190206322484,Disgust,-0.09900857809539461
Rio de Janeiro,2022-05-01,25,0.02626840492710466,0.021030052658170418,0.061928153996122955,0.31546490405686195,0.41714688985608517,0.11180955478921531,0.04635204414371397,1.0000000044272745,2022-04-01,1.0,0.026518699084408532,0.021363236048879686,0.01842491022543978,0.38427229478644825,0.291304491336147,0.047720833371082905,0.21039552303651965,15.0,0.22026045746069817,0.09300114619201638,0.16960525496230403,0.05065520249839414,0.6745,False,-0.0002502941573038729,-0.0003331833907092678,0.043503243770683174,-0.0688073907295863,0.12584239851993817,0.0640887214181324,-0.16404347889280568,Surprise,-0.16404347889280568
Rio de Janeiro,2022-09-01,21,0.02398188727619565,0.028580814555642105,0.03132743677512428,0.3580375690057519,0.256843284570745,0.12783714807924942,0.1733918806449288,1.0000000209076372,2022-08-01,1.0,0.022380466070237772,0.029399869958235073,0.030224361287599213,0.46387737176105887,0.24859125941822474,0.06593607422176066,0.13959058372049846,22.0,0.09704554395573117,0.023816762720941242,0.16960525496230403,0.05065520249839414,-0.9661697646058155,False,0.001601421205957878,-0.0008190554025929685,0.001103075487525064,-0.10583980275530697,0.00825202515252027,0.06190107385748876,0.033801296924430346,Joy,-0.10583980275530697
Rio de Janeiro,2022-12-01,23,0.009980836670602747,0.0162000318523496,0.014869787844161087,0.3477992568995155,0.4643295191876266,0.025647038664749745,0.12117352290078993,0.9999999940197952,2022-11-01,1.0,0.013709292172764686,0.06099395622344062,0.06858443446690214,0.30838967188416666,0.23186778761446472,0.07627723154922322,0.240177638689056,15.0,0.23102584710857066,0.11096649454882546,0.16960525496230403,0.05065520249839414,0.8178466842368302,False,-0.003728455502161939,-0.04479392437109102,-0.05371464662274106,0.03940958501534886,0.23246173157316188,-0.05063019288447348,-0.11900411578826607,Neutral,0.23246173157316188
Rio de Janeiro,2023-01-01,18,0.020380642226276245,0.014611859113857512,0.04150272408959504,0.4007006621428041,0.35578136301289,0.024169124520590682,0.14285362900571066,1.0000000041117243,2022-12-01,1.0,0.009980836670602747,0.0162000318523496,0.014869787844161087,0.3477992568995155,0.4643295191876266,0.025647038664749745,0.12117352290078993,23.0,0.09590772333811678,0.021977693862713088,0.16960525496230403,0.05065520249839414,-0.9813204296654456,False,0.010399805555673498,-0.0015881727384920892,0.02663293624543395,0.05290140524328857,-0.10854815617473662,-0.0014779141441590635,0.02168010610492073,Neutral,-0.10854815617473662
Rio de Janeiro,2023-02-01,15,0.05033671239701405,0.11601254116588579,0.057919971070562744,0.34491781216347583,0.24983623670414087,0.07080513442245619,0.11017160397022958,1.000000011893765,2023-01-01,1.0,0.020380642226276245,0.014611859113857512,0.04150272408959504,0.4007006621428041,0.35578136301289,0.024169124520590682,0.14285362900571066,18.0,0.19769294018442812,0.04008261424335624,0.16960525496230403,0.05065520249839414,0.37400193362021,False,0.029956070170737807,0.10140068205202828,0.016417246980967706,-0.05578284997932825,-0.10594512630874911,0.046636009901865505,-0.03268202503548108,Neutral,-0.10594512630874911
Rio de Janeiro,2023-03-01,41,0.03718981423653748,0.06158332925051355,0.026912165533115175,0.3002851223857028,0.3427749105343005,0.08947362362338997,0.14178104285241622,1.0000000084159757,2023-02-01,1.0,0.05033671239701405,0.11601254116588579,0.057919971070562744,0.34491781216347583,0.24983623670414087,0.07080513442245619,0.11017160397022958,15.0,0.11663750230357942,0.03368209327284044,0.16960525496230403,0.05065520249839414,-0.7052927913858867,False,-0.013146898160476574,-0.05442921191537224,-0.03100780553744757,-0.044632689777773016,0.09293867383015961,0.01866848920093378,0.03160943888218663,Neutral,0.09293867383015961
Rio de Janeiro,2023-04-01,33,0.024937645652133803,0.03721023641286808,0.040008898662177404,0.3611335934591338,0.31253602810091136,0.08084756886642987,0.14332604166966942,1.0000000128233237,2023-03-01,1.0,0.03718981423653748,0.06158332925051355,0.026912165533115175,0.3002851223857028,0.3427749105343005,0.08947362362338997,0.14178104285241622,41.0,0.06807072181083917,0.01063028243707731,0.16960525496230403,0.05065520249839414,-1.3519843813245864,False,-0.012252168584403676,-0.024373092837645466,0.013096733129062229,0.060848471073431,-0.030238882433389125,-0.0086260547569601,0.0015449988172532014,Joy,0.060848471073431
Rio de Janeiro,2023-05-01,16,0.023335817575571075,0.0317448051209794,0.07494856898119902,0.25487064196204295,0.4316927711479366,0.029538078946643457,0.1538693049224093,0.9999999886567819,2023-04-01,1.0,0.024937645652133803,0.03721023641286808,0.040008898662177404,0.3611335934591338,0.31253602810091136,0.08084756886642987,0.14332604166966942,33.0,0.13603849634879328,0.05347394369999747,0.16960525496230403,0.05065520249839414,-0.44695860579238134,False,-0.001601828076562728,-0.00546543129188868,0.034939670319021614,-0.10626295149709086,0.11915674304702523,-0.051309489919786413,0.010543263252739882,Neutral,0.11915674304702523
Rio de Janeiro,2023-06-01,10,0.08094511168310414,0.024895705940434668,0.0061162242753198,0.5295315964263864,0.2052162999520078,0.07156132719246666,0.0817337314947508,0.9999999969644702,2023-05-01,1.0,0.023335817575571075,0.0317448051209794,0.07494856898119902,0.25487064196204295,0.4316927711479366,0.029538078946643457,0.1538693049224093,16.0,0.28484112483428853,0.2236316003664368,0.16960525496230403,0.05065520249839414,1.5344247065465313,False,0.05760929410753307,-0.006849099180544733,-0.06883234470587922,0.2746609544643434,-0.22647647119592879,0.04202324824582321,-0.0721355734276585,Joy,0.2746609544643434
Rio de Janeiro,2023-07-01,24,0.0673650558358834,0.12619802584716425,0.008678968542274816,0.39267919384292327,0.30450784360679484,0.02449234571637737,0.07607857216983875,1.0000000055612568,2023-06-01,1.0,0.08094511168310414,0.024895705940434668,0.0061162242753198,0.5295315964263864,0.2052162999520078,0.07156132719246666,0.0817337314947508,10.0,0.1871272558116626,0.06140009504306643,0.16960525496230403,0.05065520249839414,0.23331442754112022,False,-0.013580055847220746,0.10130231990672958,0.002562744266955016,-0.1368524025834631,0.09929154365478704,-0.04706898147608929,-0.0056551593249120485,Joy,-0.1368524025834631
Rio de Janeiro,2023-08-01,50,0.029517167378216937,0.026603399382438463,0.08480050304671746,0.2780259374273009,0.3751011306932196,0.038801127087790474,0.16715074148960407,1.0000000065052879,2023-07-01,1.0,0.0673650558358834,0.12619802584716425,0.008678968542274816,0.39267919384292327,0.30450784360679484,0.02449234571637737,0.07607857216983875,24.0,0.23599827504894483,0.08207386928292537,0.16960525496230403,0.05065520249839414,0.8840571123935176,False,-0.037847888457666456,-0.09959462646472578,0.07612153450444265,-0.11465325641562235,0.07059328708642476,0.014308781371413105,0.09107216931976532,Joy,-0.11465325641562235
Rio de Janeiro,2023-09-01,22,0.01779899083670563,0.10512358611925837,0.05552886548155744,0.48864593129308725,0.20029658745889634,0.051153900228779386,0.0814521466963924,1.000000008114677,2023-08-01,1.0,0.029517167378216937,0.026603399382438463,0.08480050304671746,0.2780259374273009,0.3751011306932196,0.038801127087790474,0.16715074148960407,50.0,0.22559656478494663,0.15738633481209174,0.16960525496230403,0.05065520249839414,0.745553005667477,False,-0.011718176541511308,0.0785201867368199,-0.02927163756516002,0.21061999386578634,-0.17480454323432326,0.012352773140988912,-0.08569859479321167,Joy,0.21061999386578634
Rio de Janeiro,2023-10-01,44,0.02954967911566856,0.059212007845582566,0.06571644341403783,0.3214994276852601,0.39159036870114505,0.04513947007415642,0.08729258094469759,0.999999977780548,2023-09-01,1.0,0.01779899083670563,0.10512358611925837,0.05552886548155744,0.48864593129308725,0.20029658745889634,0.051153900228779386,0.0814521466963924,22.0,0.16960525496230403,0.11489544145282293,0.16960525496230403,0.05065520249839414,0.0,False,0.011750688278962931,-0.045911578273675806,0.010187577932480388,-0.16714650360782718,0.19129378124224872,-0.006014430154622968,0.005840434248305187,Neutral,0.19129378124224872
Rio de Janeiro,2023-11-01,49,0.03614263979680071,0.04392336918117132,0.030428520893221872,0.34124908607681187,0.40035724517775284,0.053861327246021516,0.09403780974656795,0.999999998118348,2023-10-01,1.0,0.02954967911566856,0.059212007845582566,0.06571644341403783,0.3214994276852601,0.39159036870114505,0.04513947007415642,0.08729258094469759,44.0,0.06690088434421489,0.0032402094169965423,0.16960525496230403,0.05065520249839414,-1.367561367148759,False,0.0065929606811321526,-0.015288638664411248,-0.03528792252081596,0.019749658391551794,0.008766876476607788,0.008721857171865098,0.006745228801870354,Fear,-0.03528792252081596
Rio de Janeiro,2023-12-01,35,0.028308710434274426,0.0831408002197609,0.09429672934597222,0.34603283314832617,0.3106716483565313,0.04744145028027035,0.09010782225190524,0.9999999940370408,2023-11-01,1.0,0.03614263979680071,0.04392336918117132,0.030428520893221872,0.34124908607681187,0.40035724517775284,0.053861327246021516,0.09403780974656795,49.0,0.12189662154409156,0.02158713102114207,0.16960525496230403,0.05065520249839414,-0.6352649215370219,False,-0.007833929362526287,0.03921743103858959,0.06386820845275035,0.004783747071514299,-0.08968559682122151,-0.0064198769657511645,-0.0039299874946627095,Neutral,-0.08968559682122151
Rio de Janeiro,2024-01-01,34,0.026592235397615918,0.06316290323978613,0.040376697389600646,0.24958172282340985,0.39198606036713013,0.07334370434503341,0.15495669419932012,1.0000000177618964,2023-12-01,1.0,0.028308710434274426,0.0831408002197609,0.09429672934597222,0.34603283314832617,0.3106716483565313,0.04744145028027035,0.09010782225190524,35.0,0.13516588276829228,0.04856048477688135,0.16960525496230403,0.05065520249839414,-0.458577903140301,False,-0.0017164750366585081,-0.019977896979974777,-0.05392003195637157,-0.09645111032491632,0.0813144120105988,0.025902254064763063,0.06484887194741489,Joy,-0.09645111032491632
Rio de Janeiro,2024-02-01,26,0.03004968329332764,0.06411441968073348,0.02636798263455808,0.3144709545348843,0.35119759671103495,0.0680672591193937,0.1457321205033132,1.0000000164772453,2024-01-01,1.0,0.026592235397615918,0.06316290323978613,0.040376697389600646,0.24958172282340985,0.39198606036713013,0.07334370434503341,0.15495669419932012,34.0,0.05783957314659934,0.01224956743872807,0.16960525496230403,0.05065520249839414,-1.4882173728766095,False,0.0034574478957117225,0.0009515164409473476,-0.014008714755042565,0.06488923171147443,-0.040788463656095175,-0.00527644522563972,-0.009224573696006932,Joy,0.06488923171147443
Rio de Janeiro,2024-03-01,13,0.007319705847364155,0.00917513096758804,0.006820517457806676,0.4952201012593622,0.3755613495237552,0.04722600971133658,0.058677151154440124,0.9999999659216531,2024-02-01,1.0,0.03004968329332764,0.06411441968073348,0.02636798263455808,0.3144709545348843,0.35119759671103495,0.0680672591193937,0.1457321205033132,26.0,0.1981368312092844,0.047874420411867846,0.16960525496230403,0.05065520249839414,0.3799125702675526,False,-0.022729977445963487,-0.054939288713145434,-0.019547465176751405,0.18074914672447795,0.02436375281272024,-0.020841249408057115,-0.08705496934887307,Joy,0.18074914672447795
Rio de Janeiro,2024-04-01,27,0.0436303040305911,0.10282080084370031,0.041738530672672684,0.34195282026107804,0.3215999204354982,0.05937719798681357,0.08888042772068051,1.0000000019510344,2024-03-01,1.0,0.007319705847364155,0.00917513096758804,0.006820517457806676,0.4952201012593622,0.3755613495237552,0.04722600971133658,0.058677151154440124,13.0,0.21701672514798143,0.03510967585979474,0.16960525496230403,0.05065520249839414,0.6313080406944025,False,0.03631059818322695,0.09364566987611227,0.03491801321486601,-0.15326728099828418,-0.05396142908825702,0.012151188275476989,0.03020327656624039,Joy,-0.15326728099828418
Rio de Janeiro,2024-05-01,44,0.015752916544442948,0.01674954346857368,0.03978014982368962,0.3487082905273631,0.4380636788502505,0.044953641524030356,0.09599178358489135,1.0000000043232415,2024-04-01,1.0,0.0436303040305911,0.10282080084370031,0.041738530672672684,0.34195282026107804,0.3215999204354982,0.05937719798681357,0.08888042772068051,27.0,0.1603199490597653,0.028784822249841913,0.16960525496230403,0.05065520249839414,-0.12363861010053057,False,-0.027877387486148153,-0.08607125737512664,-0.001958380848983067,0.006755470266285035,0.11646375841475232,-0.014423556462783212,0.0071113558642108415,Neutral,0.11646375841475232
Rio de Janeiro,2024-06-01,12,0.05300467513734469,0.036377992869044286,0.012566243375961926,0.24092013986470795,0.47922765494634706,0.01941342254091671,0.15848990688876555,1.0000000356230883,2024-05-01,1.0,0.015752916544442948,0.01674954346857368,0.03978014982368962,0.3487082905273631,0.4380636788502505,0.044953641524030356,0.09599178358489135,44.0,0.15098832129658094,0.031534773018801476,0.16960525496230403,0.05065520249839414,-0.2478940195319189,False,0.037251758592901744,0.019628449400470607,-0.02721390644772769,-0.10778815066265512,0.041163976096096566,-0.025540218983113646,0.06249812330387419,Joy,-0.10778815066265512
Rio de Janeiro,2024-07-01,22,0.0492973207861227,0.04647802367055023,0.0693656916264444,0.3830499785835854,0.31502818123606796,0.05064904835837128,0.08613175640560006,1.000000000666742,2024-06-01,1.0,0.05300467513734469,0.036377992869044286,0.012566243375961926,0.24092013986470795,0.47922765494634706,0.01941342254091671,0.15848990688876555,12.0,0.19218422004102517,0.09367566725754406,0.16960525496230403,0.05065520249839414,0.3006504997404801,False,-0.003707354351221992,0.010100030801505941,0.05679944825048248,0.14212983871887747,-0.1641994737102791,0.03123562581745457,-0.07235815048316549,Neutral,-0.1641994737102791
Rio de Janeiro,2024-08-01,41,0.02614372616162428,0.10350580348082382,0.06080508899091307,0.3513449151438047,0.23860527126391118,0.09161907065909625,0.12797613397649507,1.0000000096766684,2024-07-01,1.0,0.0492973207861227,0.04647802367055023,0.0693656916264444,0.3830499785835854,0.31502818123606796,0.05064904835837128,0.08613175640560006,22.0,0.12467395538386644,0.024894657276201437,0.16960525496230403,0.05065520249839414,-0.5982832970930657,False,-0.02315359462449842,0.05702777981027359,-0.008560602635531336,-0.03170506343978069,-0.07642290997215678,0.04097002230072497,0.041844377570895014,Neutral,-0.07642290997215678
Rio de Janeiro,2024-09-01,46,0.026613446909164885,0.034088767665114365,0.03046004867001494,0.3176606923756797,0.4398341858708907,0.08422516180080883,0.06711770185147933,1.0000000051431528,2024-08-01,1.0,0.02614372616162428,0.10350580348082382,0.06080508899091307,0.3513449151438047,0.23860527126391118,0.09161907065909625,0.12797613397649507,41.0,0.17949705449050105,0.08372763458306798,0.16960525496230403,0.05065520249839414,0.1317143837689802,False,0.00046972074754060567,-0.06941703581570946,-0.030345040320898128,-0.03368422276812505,0.2012289146069795,-0.007393908858287418,-0.06085843212501574,Neutral,0.2012289146069795
Rio de Janeiro,2024-10-01,31,0.023238884521678268,0.027925551709373466,0.027960887980542182,0.25030062296578,0.38682737123341326,0.12939755916745665,0.15434912496036093,1.0000000025386047,2024-09-01,1.0,0.026613446909164885,0.034088767665114365,0.03046004867001494,0.3176606923756797,0.4398341858708907,0.08422516180080883,0.06711770185147933,46.0,0.11967661382452427,0.025802812870728165,0.16960525496230403,0.05065520249839414,-0.6648254628633665,False,-0.003374562387486617,-0.006163215955740899,-0.002499160689472757,-0.06736006940989969,-0.05300681463747742,0.045172397366647826,0.0872314231088816,Surprise,0.0872314231088816
Rio de Janeiro,2024-11-01,33,0.02747719239260094,0.01769205334483443,0.022525164133791457,0.4779613584167126,0.32182690945707937,0.04144905331177689,0.0910682657479562,0.9999999968047519,2024-10-01,1.0,0.023238884521678268,0.027925551709373466,0.027960887980542182,0.25030062296578,0.38682737123341326,0.12939755916745665,0.15434912496036093,31.0,0.19080560084769926,0.10362984340968906,0.16960525496230403,0.05065520249839414,0.28229347815068767,False,0.004238307870922671,-0.010233498364539035,-0.005435723846750725,0.22766073545093263,-0.0650004617763339,-0.08794850585567976,-0.06328085921240473,Joy,0.22766073545093263
Rio de Janeiro,2024-12-01,38,0.042101540026794095,0.03883718110247216,0.11316349836201157,0.26618640851780867,0.4099627420502273,0.027503498051756652,0.10224513367958069,1.0000000017906512,2024-11-01,1.0,0.02747719239260094,0.01769205334483443,0.022525164133791457,0.4779613584167126,0.32182690945707937,0.04144905331177689,0.0910682657479562,33.0,0.19529468518340817,0.09403634036363018,0.16960525496230403,0.05065520249839414,0.34206793832645443,False,0.014624347634193156,0.02114512775763773,0.09063833422822012,-0.21177494989890394,0.08813583259314794,-0.013945555260020236,0.011176867931624479,Joy,-0.21177494989890394
Rome,2019-12-01,65,0.024473298362527852,0.0373503768503164,0.029503684821807232,0.2819194264387568,0.3538965327593569,0.056306798931641026,0.21654988503298506,1.0000000031973912,2019-11-01,1.0,0.027323121199632074,0.040930968005457896,0.045304086644612544,0.2645891925038069,0.36561779979906905,0.05811610458516981,0.19811872595818625,109.0,0.03630406836497975,0.001976776714479156,0.1256227833856448,0.031908708473024586,-1.888057403901813,False,-0.002849822837104221,-0.003580591155141498,-0.015800401822805312,0.017330233934949868,-0.011721267039712158,-0.0018093056535287838,0.01843115907479881,Surprise,0.01843115907479881
Rome,2020-01-01,40,0.031615163557580615,0.05395195558958217,0.06394498339068373,0.1602366687788162,0.3899937225971371,0.09009825179236937,0.21015924543607975,0.999999991142249,2019-12-01,1.0,0.024473298362527852,0.0373503768503164,0.029503684821807232,0.2819194264387568,0.3538965327593569,0.056306798931641026,0.21654988503298506,65.0,0.1230720491482624,0.03718377323445321,0.1256227833856448,0.031908708473024586,-0.05391851708974389,False,0.007141865195052763,0.016601578739265772,0.0344412985688765,-0.12168275765994058,0.03609718983778021,0.03379145286072834,-0.0063906395969053065,Joy,-0.12168275765994058
Rome,2020-02-01,88,0.021468542293984053,0.05476203340566078,0.05877860412543994,0.2497942613011797,0.3673979857915335,0.04467795166948975,0.20312063359994098,1.0000000121872288,2020-01-01,1.0,0.031615163557580615,0.05395195558958217,0.06394498339068373,0.1602366687788162,0.3899937225971371,0.09009825179236937,0.21015924543607975,40.0,0.09785094694994126,0.02199997010496657,0.1256227833856448,0.031908708473024586,-0.5870530200781409,False,-0.010146621263596563,0.0008100778160786068,-0.005166379265243791,0.0895575925223635,-0.022595736805603617,-0.04542030012287962,-0.0070386118361387695,Joy,0.0895575925223635
Rome,2020-03-01,75,0.026707054477495405,0.03728304778691377,0.04350195563010245,0.3145860817097127,0.34549098853021853,0.02485883556616799,0.2075720322752992,0.99999999597591,2020-02-01,1.0,0.021468542293984053,0.05476203340566078,0.05877860412543994,0.2497942613011797,0.3673979857915335,0.04467795166948975,0.20312063359994098,88.0,0.07089517894277109,0.01037367627503627,0.1256227833856448,0.031908708473024586,-1.1568556348159622,False,0.005238512183511353,-0.017478985618747007,-0.01527664849533749,0.06479182040853299,-0.021906997261314953,-0.01981911610332176,0.004451398675358209,Joy,0.06479182040853299
Rome,2020-04-01,38,0.049839345428872014,0.04705440323174878,0.043731315821213104,0.29575904585286283,0.35455857436662835,0.018030336589282825,0.19102697766778104,0.999999998958389,2020-03-01,1.0,0.026707054477495405,0.03728304778691377,0.04350195563010245,0.3145860817097127,0.34549098853021853,0.02485883556616799,0.2075720322752992,75.0,0.05175275002016309,0.0024932290642322164,0.1256227833856448,0.031908708473024586,-1.561496528358064,False,0.02313229095137661,0.009771355444835012,0.00022936019111065298,-0.01882703585684986,0.00906758583640982,-0.006828498976885165,-0.01654505460751815,Anger,0.02313229095137661
Rome,2020-05-01,25,0.02820276113227005,0.07825693142600353,0.038894819663837524,0.18672816586680707,0.4288141044415534,0.05747493220493193,0.18162828277796503,0.9999999975133685,2020-04-01,1.0,0.049839345428872014,0.04705440323174878,0.043731315821213104,0.29575904585286283,0.35455857436662835,0.018030336589282825,0.19102697766778104,38.0,0.13039904194088733,0.03935405686353122,0.1256227833856448,0.031908708473024586,0.10096260706492055,False,-0.021636584296601966,0.031202528194254744,-0.0048364961573755805,-0.10903087998605576,0.07425553007492502,0.03944459561564911,-0.009398694889816012,Joy,-0.10903087998605576
Rome,2020-06-01,16,0.058247755245247335,0.025066614980460113,0.07424213477679584,0.25525686009495985,0.37589488449157216,0.016107485869724714,0.195184283904382,1.000000019363142,2020-05-01,1.0,0.02820276113227005,0.07825693142600353,0.038894819663837524,0.18672816586680707,0.4288141044415534,0.05747493220493193,0.18162828277796503,25.0,0.14995236994812738,0.02760577420440835,0.1256227833856448,0.031908708473024586,0.514289262138819,False,0.030044994112977286,-0.05319031644554341,0.035347315112958314,0.06852869422815278,-0.05291921994998122,-0.04136744633520722,0.013556001126416972,Joy,0.06852869422815278
Rome,2020-07-01,29,0.020593442119144115,0.07606586696708506,0.03055697075163555,0.12141043332341155,0.4794534457654789,0.09579814537749462,0.17612169692613952,1.0000000012303893,2020-06-01,1.0,0.058247755245247335,0.025066614980460113,0.07424213477679584,0.25525686009495985,0.37589488449157216,0.016107485869724714,0.195184283904382,16.0,0.21767578487472133,0.0733647985222633,0.1256227833856448,0.031908708473024586,1.9458559269759346,False,-0.03765431312610322,0.050999251986624944,-0.04368516402516029,-0.1338464267715483,0.10355856127390672,0.0796906595077699,-0.01906258697824248,Joy,-0.1338464267715483
Rome,2020-08-01,55,0.02381075071065089,0.04430326044728805,0.030631169527557376,0.2745158965699374,0.30582977366549047,0.09259949401232663,0.22830964646048163,0.9999999913937323,2020-07-01,1.0,0.020593442119144115,0.07606586696708506,0.03055697075163555,0.12141043332341155,0.4794534457654789,0.09579814537749462,0.17612169692613952,29.0,0.16956333795248185,0.10355634075238662,0.1256227833856448,0.031908708473024586,0.9288343362561126,False,0.003217308591506776,-0.03176260651979701,7.419877592182433e-05,0.15310546324652585,-0.1736236720999884,-0.00319865136516799,0.05218794953434211,Neutral,-0.1736236720999884
Rome,2020-09-01,27,0.012482481413624307,0.05062462889623858,0.015762868593878026,0.3281858530136998,0.2996673843374959,0.03843233019061795,0.2548444517370727,0.9999999981826273,2020-08-01,1.0,0.02381075071065089,0.04430326044728805,0.030631169527557376,0.2745158965699374,0.30582977366549047,0.09259949401232663,0.22830964646048163,55.0,0.09778974093443892,0.011626848283106006,0.1256227833856448,0.031908708473024586,-0.5883468191515577,False,-0.011328269297026584,0.00632136844895053,-0.01486830093367935,0.05366995644376238,-0.006162389327994566,-0.05416716382170868,0.026534805276591078,Sadness,-0.05416716382170868
Rome,2020-10-01,47,0.016072092971645566,0.05648807974462888,0.036022202013942184,0.25504770471238863,0.33398240503478555,0.06262268474761472,0.23976483173232443,1.0000000009573298,2020-09-01,1.0,0.012482481413624307,0.05062462889623858,0.015762868593878026,0.3281858530136998,0.2996673843374959,0.03843233019061795,0.2548444517370727,27.0,0.08105121261887221,0.014191693681601003,0.1256227833856448,0.031908708473024586,-0.9421730280184678,False,0.003589611558021259,0.005863450848390302,0.020259333420064158,-0.07313814830131116,0.034315020697289644,0.024190354556996765,-0.015079620004748273,Joy,-0.07313814830131116
Rome,2021-08-01,53,0.019301987608964948,0.037906539551737964,0.0397630876225621,0.3091008594712102,0.4078812185402538,0.02235302996364823,0.16369328704302388,1.000000009801401,2021-07-01,1.0,0.023594919639902196,0.04276635174830559,0.02306937627816712,0.18131141475915238,0.4128271143596906,0.05192744608323731,0.2645033667198358,39.0,0.13692501723631514,0.04821907379375856,0.1256227833856448,0.031908708473024586,0.23891147893754072,False,-0.004292932030937249,-0.004859812196567628,0.01669371134439498,0.1277894447120578,-0.00494589581943683,-0.029574416119589077,-0.10081007967681194,Joy,0.1277894447120578
Rome,2021-09-01,26,0.06399491553803759,0.037543037754053626,0.03808728594986646,0.315195225752317,0.39441860796740424,0.025221993609403134,0.12553892607012618,0.9999999926412083,2021-08-01,1.0,0.019301987608964948,0.037906539551737964,0.0397630876225621,0.3091008594712102,0.4078812185402538,0.02235302996364823,0.16369328704302388,53.0,0.08779561353622233,0.006138041248999082,0.1256227833856448,0.031908708473024586,-0.7996069814296995,False,0.04469292792907264,-0.00036350179768433744,-0.0016758016726956398,0.006094366281106822,-0.013462610572849532,0.002868963645754903,-0.038154360972897705,Anger,0.04469292792907264
Rome,2021-10-01,37,0.04393488091315969,0.05928391707759044,0.03376052392539689,0.24006080173736283,0.38526067719165535,0.053369089423024325,0.18433010887757342,0.9999999991457629,2021-09-01,1.0,0.06399491553803759,0.037543037754053626,0.03808728594986646,0.315195225752317,0.39441860796740424,0.025221993609403134,0.12553892607012618,26.0,0.10095841671239242,0.01913872272095185,0.1256227833856448,0.031908708473024586,-0.5213659880710245,False,-0.020060034624877897,0.021740879323536813,-0.00432676202446957,-0.07513442401495418,-0.00915793077574889,0.02814709581362119,0.058791182807447245,Joy,-0.07513442401495418
Rome,2021-11-01,41,0.015167434444287519,0.055333151352852994,0.12416775345876127,0.3444861516458686,0.279698139232606,0.050156499511880254,0.13099086407867325,0.9999999937249299,2021-10-01,1.0,0.04393488091315969,0.05928391707759044,0.03376052392539689,0.24006080173736283,0.38526067719165535,0.053369089423024325,0.18433010887757342,37.0,0.1692158208908061,0.06957620866758962,0.1256227833856448,0.031908708473024586,0.9214883711789473,False,-0.028767446468872172,-0.003950765724737446,0.09040722953336439,0.10442534990850577,-0.10556253795904935,-0.0032125899111440717,-0.053339244798900176,Neutral,-0.10556253795904935
Rome,2021-12-01,48,0.041034054813887104,0.056357601388299323,0.05814730087270917,0.3045378450430386,0.3087823917691518,0.05461121115270842,0.1765295989074123,1.0000000039472068,2021-11-01,1.0,0.015167434444287519,0.055333151352852994,0.12416775345876127,0.3444861516458686,0.279698139232606,0.050156499511880254,0.13099086407867325,41.0,0.10919120754735565,0.020482350098758206,0.1256227833856448,0.031908708473024586,-0.34733771541695646,False,0.025866620369599587,0.0010244500354463296,-0.0660204525860521,-0.03994830660283,0.029084252536545785,0.004454711640828168,0.04553873482873905,Fear,-0.0660204525860521
Rome,2022-01-01,22,0.012823016546793574,0.01052807688723652,0.06262703098102723,0.285197676326127,0.314267328993248,0.04611617345786226,0.2684407116400755,1.00000001483237,2021-12-01,1.0,0.041034054813887104,0.056357601388299323,0.05814730087270917,0.3045378450430386,0.3087823917691518,0.05461121115270842,0.1765295989074123,48.0,0.13296232304371772,0.022609999281959725,0.1256227833856448,0.031908708473024586,0.15514634519148002,False,-0.02821103826709353,-0.045829524501062806,0.004479730108318064,-0.019340168716911577,0.005484937224096209,-0.008495037694846164,0.0919111127326632,Surprise,0.0919111127326632
Rome,2022-02-01,26,0.0187174479808443,0.05099167967161446,0.022165560750111606,0.37162330119798964,0.3172573656237756,0.022070976793586883,0.19717367373120323,1.0000000057491258,2022-01-01,1.0,0.012823016546793574,0.01052807688723652,0.06262703098102723,0.285197676326127,0.314267328993248,0.04611617345786226,0.2684407116400755,22.0,0.14250537978858124,0.029564001212634805,0.1256227833856448,0.031908708473024586,0.3568715820449888,False,0.005894431434050726,0.04046360278437794,-0.040461470230915626,0.08642562487186262,0.002990036630527604,-0.024045196664275376,-0.07126703790887226,Joy,0.08642562487186262
Rome,2022-03-01,39,0.02754691921067061,0.029446274725696362,0.09361909755553377,0.27804003753818757,0.3526050217019824,0.03799594087430677,0.18074669647149927,0.9999999880778767,2022-02-01,1.0,0.0187174479808443,0.05099167967161446,0.022165560750111606,0.37162330119798964,0.3172573656237756,0.022070976793586883,0.19717367373120323,26.0,0.1372538190365474,0.028467109825389136,0.1256227833856448,0.031908708473024586,0.24586183277101373,False,0.00882947122982631,-0.021545404945918094,0.07145353680542216,-0.09358326365980207,0.03534765607820678,0.01592496408071989,-0.016426977259703962,Joy,-0.09358326365980207
Rome,2022-04-01,33,0.03299095418487642,0.07177959664752985,0.04796171992502143,0.24214465046481393,0.31455727231999236,0.06742074030141032,0.22314508663575078,1.000000020479395,2022-03-01,1.0,0.02754691921067061,0.029446274725696362,0.09361909755553377,0.27804003753818757,0.3526050217019824,0.03799594087430677,0.18074669647149927,39.0,0.11310699862845494,0.018456414745085303,0.1256227833856448,0.031908708473024586,-0.26456403980942356,False,0.005444034974205814,0.04233332192183349,-0.04565737763051234,-0.03589538707337364,-0.038047749381990015,0.02942479942710355,0.04239839016425151,Fear,-0.04565737763051234
Rome,2022-05-01,54,0.04305628770897677,0.06734749084959424,0.028133836707436535,0.23947615472759393,0.36802172252080506,0.038179896017364004,0.21578460296452112,0.9999999914962918,2022-04-01,1.0,0.03299095418487642,0.07177959664752985,0.04796171992502143,0.24214465046481393,0.31455727231999236,0.06742074030141032,0.22314508663575078,33.0,0.06935006002608526,0.007439957044117929,0.1256227833856448,0.031908708473024586,-1.1895170228563348,False,0.01006533352410035,-0.004432105797935612,-0.019827883217584892,-0.0026684957372200002,0.053464450200812697,-0.029240844284046316,-0.007360483671229656,Neutral,0.053464450200812697
Rome,2022-08-01,70,0.020818248860138815,0.056234514058035354,0.04212852013962605,0.24620958752431235,0.3929060956097341,0.09638905600378551,0.14531397626269607,0.9999999984583282,2022-07-01,1.0,0.04307455627028552,0.03221533906317366,0.04437228305922708,0.09948139609632023,0.43319046771263375,0.023303524645812323,0.32436242951628036,17.0,0.22292384889501302,0.10553275231474213,0.1256227833856448,0.031908708473024586,2.0567917608307984,False,-0.022256307410146708,0.02401917499486169,-0.0022437629196010306,0.14672819142799212,-0.040284372102899646,0.07308553135797319,-0.1790484532535843,Surprise,-0.1790484532535843
Rome,2022-09-01,13,0.012520488620234176,0.019318746322264414,0.06250168501327813,0.22650758162713963,0.39348674214516693,0.10990148884817381,0.17576327862647861,1.0000000112027356,2022-08-01,1.0,0.020818248860138815,0.056234514058035354,0.04212852013962605,0.24620958752431235,0.3929060956097341,0.09638905600378551,0.14531397626269607,70.0,0.08589659228836294,0.006617606316110414,0.1256227833856448,0.031908708473024586,-0.8397493091194589,False,-0.008297760239904639,-0.03691576773577094,0.02037316487365208,-0.01970200589717272,0.0005806465354328272,0.0135124328443883,0.030449302363782543,Disgust,-0.03691576773577094
Rome,2022-10-01,42,0.021713027167910043,0.048387163582013955,0.05471340712254109,0.24904855565095893,0.339494693359094,0.07728425030308284,0.20935891099118933,1.0000000081767901,2022-09-01,1.0,0.012520488620234176,0.019318746322264414,0.06250168501327813,0.22650758162713963,0.39348674214516693,0.10990148884817381,0.17576327862647861,13.0,0.08603537284925854,0.012689935847110534,0.1256227833856448,0.031908708473024586,-0.8368157059495527,False,0.009192538547675867,0.02906841725974954,-0.007788277890737043,0.0225409740238193,-0.053992048786072944,-0.03261723854509098,0.03359563236471072,Neutral,-0.053992048786072944
Rome,2022-11-01,55,0.02444569572002029,0.06276172587267034,0.05015622193141922,0.21675175298746163,0.36248207090591844,0.045097121149724806,0.2383054005109112,0.999999989078126,2022-10-01,1.0,0.021713027167910043,0.048387163582013955,0.05471340712254109,0.24904855565095893,0.339494693359094,0.07728425030308284,0.20935891099118933,42.0,0.06256414671033078,0.0074319160719533706,0.1256227833856448,0.031908708473024586,-1.332960576372324,False,0.002732668552110247,0.014374562290656388,-0.004557185191121867,-0.0322968026634973,0.02298737754682445,-0.03218712915335803,0.02894648951972187,Joy,-0.0322968026634973
Rome,2022-12-01,49,0.01797264041284056,0.04953846724333275,0.047010103537586986,0.3224390803631965,0.32175046535284846,0.05505049126507823,0.18623874768405693,0.9999999958589404,2022-11-01,1.0,0.02444569572002029,0.06276172587267034,0.05015622193141922,0.21675175298746163,0.36248207090591844,0.045097121149724806,0.2383054005109112,55.0,0.09127354807763181,0.032017782611907575,0.1256227833856448,0.031908708473024586,-0.7260889056303019,False,-0.006473055307179731,-0.01322325862933759,-0.003146118393832234,0.10568732737573489,-0.04073160555306998,0.009953370115353424,-0.05206665282685427,Joy,0.10568732737573489
Rome,2023-01-01,29,0.016974361308304348,0.04817379162454138,0.06246576807662391,0.34212650876524375,0.3175128531995518,0.08438106765167719,0.12836562774690058,0.999999978372843,2022-12-01,1.0,0.01797264041284056,0.04953846724333275,0.047010103537586986,0.3224390803631965,0.32175046535284846,0.05505049126507823,0.18623874768405693,49.0,0.07030557585502735,0.009739666257404744,0.1256227833856448,0.031908708473024586,-1.1693189184057493,False,-0.0009982791045362108,-0.001364675618791375,0.015455664539036927,0.019687428402047236,-0.004237612153296655,0.02933057638659896,-0.05787311993715635,Surprise,-0.05787311993715635
Rome,2023-02-01,52,0.0290597808175684,0.042035402117807444,0.05998385744840977,0.3980090306364358,0.3168455431004986,0.03445655673007978,0.11960982850108005,0.9999999993518798,2023-01-01,1.0,0.016974361308304348,0.04817379162454138,0.06246576807662391,0.34212650876524375,0.3175128531995518,0.08438106765167719,0.12836562774690058,29.0,0.08638666965257019,0.00925173517948863,0.1256227833856448,0.031908708473024586,-0.8293898430684514,False,0.012085419509264051,-0.006138389506733934,-0.0024819106282141443,0.055882521871192026,-0.0006673100990531866,-0.04992451092159741,-0.008755799245820525,Joy,0.055882521871192026
Rome,2023-03-01,24,0.040294868488369155,0.05275839568154572,0.04223277489654715,0.2473968892882112,0.3235345860011875,0.05933327558159359,0.23444922058843073,1.000000010525885,2023-02-01,1.0,0.0290597808175684,0.042035402117807444,0.05998385744840977,0.3980090306364358,0.3168455431004986,0.03445655673007978,0.11960982850108005,52.0,0.14687865660220364,0.06811685010605939,0.1256227833856448,0.031908708473024586,0.44931578777904513,False,0.011235087670800756,0.010722993563738278,-0.01775108255186262,-0.15061214134822457,0.006689042900688891,0.02487671885151381,0.11483939208735068,Joy,-0.15061214134822457
Rome,2023-04-01,19,0.058424173783829476,0.0653141958632898,0.05058026324197842,0.3102253598871788,0.24469716435200284,0.08904111667193076,0.18171772086306617,0.9999999946632762,2023-03-01,1.0,0.040294868488369155,0.05275839568154572,0.04223277489654715,0.2473968892882112,0.3235345860011875,0.05933327558159359,0.23444922058843073,24.0,0.09512272081958628,0.0314790775012358,0.1256227833856448,0.031908708473024586,-0.6447234371205641,False,0.01812930529546032,0.012555800181744084,0.008347488345431267,0.0628284705989676,-0.07883742164918467,0.029707841090337174,-0.05273149972536456,Neutral,-0.07883742164918467
Rome,2023-05-01,71,0.06371417695420303,0.06262693898326017,0.06725716883641283,0.16615598618944866,0.42816821017473095,0.029531943123184207,0.18254558915193647,1.0000000134131763,2023-04-01,1.0,0.058424173783829476,0.0653141958632898,0.05058026324197842,0.3102253598871788,0.24469716435200284,0.08904111667193076,0.18171772086306617,19.0,0.1794774387689226,0.12016372790193752,0.1256227833856448,0.031908708473024586,1.1384028622383686,False,0.005290003170373557,-0.0026872568800296315,0.016676905594434417,-0.14406937369773015,0.1834710458227281,-0.05950917354874656,0.0008278682888702982,Neutral,0.1834710458227281
Rome,2023-08-01,71,0.07588029705794706,0.04173691743660162,0.05264049440476396,0.2726774871526417,0.33823911265575024,0.0865234414699264,0.13230224872421154,0.9999999989018424,2023-07-01,1.0,0.045547732293767726,0.07000851395296982,0.027051962647617393,0.21042040074573137,0.4193874675851396,0.0619041378933774,0.16567978909765568,46.0,0.10937935346221947,0.027550367488630823,0.1256227833856448,0.031908708473024586,-0.3433606061684598,False,0.030332564764179337,-0.0282715965163682,0.02558853175714657,0.0622570864069103,-0.08114835492938938,0.024619303576548998,-0.03337754037344415,Neutral,-0.08114835492938938
Rome,2023-11-01,76,0.029618334199767515,0.05555940712005582,0.07636847070228353,0.25495596890993366,0.37247291590871384,0.042519364011241075,0.16850553952941763,1.0000000003814131,2023-10-01,1.0,0.06656533178215006,0.07537720307450865,0.0400915327943572,0.17933497359927997,0.3973582361921154,0.05332235095155389,0.18795036564677434,29.0,0.10652028726743894,0.020451304047966468,0.1256227833856448,0.031908708473024586,-0.40379677675210346,False,-0.03694699758238254,-0.019817795954452835,0.036276937907926333,0.0756209953106537,-0.02488532028340157,-0.010802986940312814,-0.019444826117356706,Joy,0.0756209953106537
Rome,2023-12-01,31,0.03839233684008035,0.05771219219276375,0.05032276242479468,0.22461619136682257,0.4326519824849862,0.099970954973551,0.09633361299957836,1.000000033282577,2023-11-01,1.0,0.029618334199767515,0.05555940712005582,0.07636847070228353,0.25495596890993366,0.37247291590871384,0.042519364011241075,0.16850553952941763,76.0,0.11910848506592286,0.026394349898246294,0.1256227833856448,0.031908708473024586,-0.13770203893921376,False,0.008774002640312837,0.0021527850727079342,-0.026045708277488852,-0.030339777543111096,0.060179066576272366,0.05745159096230993,-0.07217192652983927,Surprise,-0.07217192652983927
Rome,2024-01-01,22,0.036877202092331196,0.06869380079760126,0.02467727278549727,0.261147320958447,0.35756191628223116,0.020430918317288105,0.23061157587322995,1.000000007106626,2023-12-01,1.0,0.03839233684008035,0.05771219219276375,0.05032276242479468,0.22461619136682257,0.4326519824849862,0.099970954973551,0.09633361299957836,31.0,0.18295945248068873,0.06157344249821117,0.1256227833856448,0.031908708473024586,1.2120071652947508,False,-0.0015151347477491556,0.01098160860483751,-0.025645489639297407,0.03653112959162444,-0.07509006620275505,-0.0795400366562629,0.13427796287365157,Surprise,0.13427796287365157
Rome,2024-02-01,45,0.038932342082262,0.08159180703676404,0.07430102290301062,0.23645778202917422,0.34013019700845076,0.07990564152391416,0.1486812049367775,0.9999999975203532,2024-01-01,1.0,0.036877202092331196,0.06869380079760126,0.02467727278549727,0.261147320958447,0.35756191628223116,0.020430918317288105,0.23061157587322995,22.0,0.14524548684247907,0.02534615241968874,0.1256227833856448,0.031908708473024586,0.4147931431578913,False,0.0020551399899308015,0.012898006239162776,0.04962375011751335,-0.02468953892927278,-0.0174317192737804,0.05947472320662606,-0.08193037093645245,Surprise,-0.08193037093645245
Rome,2024-03-01,24,0.03393905783498966,0.04747385022346857,0.04318315843314238,0.1711769465570493,0.501600541252022,0.02660673433274492,0.17601972046152994,1.0000000090949468,2024-02-01,1.0,0.038932342082262,0.08159180703676404,0.07430102290301062,0.23645778202917422,0.34013019700845076,0.07990564152391416,0.1486812049367775,45.0,0.14974639236364495,0.04947092205628223,0.1256227833856448,0.031908708473024586,0.5099352193905564,False,-0.004993284247272335,-0.03411795681329547,-0.031117864469868237,-0.06528083547212493,0.16147034424357126,-0.05329890719116924,0.027338515524752444,Neutral,0.16147034424357126
Rome,2024-04-01,21,0.041202712560161184,0.04840258345384855,0.07178557592920864,0.2773955011341188,0.3230893467331216,0.07984349072822143,0.15828077721276448,0.9999999877514447,2024-03-01,1.0,0.03393905783498966,0.04747385022346857,0.04318315843314238,0.1711769465570493,0.501600541252022,0.02660673433274492,0.17601972046152994,24.0,0.15894013776563545,0.07262486929197964,0.1256227833856448,0.031908708473024586,0.704276562879436,False,0.007263654725171521,0.00092873323037998,0.028602417496066262,0.10621855457706952,-0.1785111945189004,0.05323675639547651,-0.01773894324876546,Neutral,-0.1785111945189004
Rome,2024-05-01,65,0.050018640321930104,0.05472577057438539,0.07016624243965798,0.23724522559921468,0.4748061676151477,0.03432046965552632,0.07871748754002436,1.0000000037458865,2024-04-01,1.0,0.041202712560161184,0.04840258345384855,0.07178557592920864,0.2773955011341188,0.3230893467331216,0.07984349072822143,0.15828077721276448,21.0,0.14082186061342727,0.05304167799311066,0.1256227833856448,0.031908708473024586,0.32128462983094597,False,0.00881592776176892,0.006323187120536845,-0.0016193334895506645,-0.040150275534904134,0.1517168208820261,-0.04552302107269511,-0.07956328967274012,Neutral,0.1517168208820261
Rome,2024-06-01,20,0.02216873941943045,0.05425975957186888,0.011344299884512984,0.10552423248300324,0.6376878198236227,0.023122720792889535,0.14589243824593717,1.000000010221265,2024-05-01,1.0,0.050018640321930104,0.05472577057438539,0.07016624243965798,0.23724522559921468,0.4748061676151477,0.03432046965552632,0.07871748754002436,65.0,0.19794595332489395,0.05315354667630656,0.1256227833856448,0.031908708473024586,1.5287982641247768,False,-0.027849900902499655,-0.0004660110025165101,-0.058821942555144995,-0.13172099311621144,0.16288165220847495,-0.011197748862636785,0.06717495070591281,Neutral,0.16288165220847495
Rome,2024-07-01,24,0.025329424041653153,0.042711592415192436,0.019218223453208286,0.3488131777655023,0.4018768206005916,0.08219664730131622,0.07985411361247917,0.9999999991899432,2024-06-01,1.0,0.02216873941943045,0.05425975957186888,0.011344299884512984,0.10552423248300324,0.6376878198236227,0.023122720792889535,0.14589243824593717,20.0,0.24984541188306247,0.1493363169817934,0.1256227833856448,0.031908708473024586,2.6258713351667673,False,0.0031606846222227043,-0.011548167156676448,0.007873923568695302,0.24328894528249906,-0.23581099922303106,0.05907392650842669,-0.066038324633458,Joy,0.24328894528249906
Rome,2024-08-01,66,0.036716960280583286,0.08617493067515276,0.060780877557893555,0.18361860117875037,0.3327799931620107,0.13457832040413362,0.16535031678380838,1.0000000000423326,2024-07-01,1.0,0.025329424041653153,0.042711592415192436,0.019218223453208286,0.3488131777655023,0.4018768206005916,0.08219664730131622,0.07985411361247917,24.0,0.18813919334892673,0.07404952963152067,0.1256227833856448,0.031908708473024586,1.3214987549835067,False,0.011387536238930133,0.04346333825996033,0.041562654104685265,-0.16519457658675193,-0.06909682743858092,0.0523816731028174,0.08549620317132921,Joy,-0.16519457658675193
Rome,2024-11-01,53,0.045587161797502926,0.10684401795645856,0.05717872796011293,0.2552915001441812,0.2601266998692222,0.15688409798840092,0.11808779389808335,0.9999999996139621,2024-10-01,1.0,0.03659008389028406,0.03676652123249363,0.0715390075250373,0.27484308464651497,0.36672029877081513,0.10230845104282098,0.11123255271134737,48.0,0.1313509366336375,0.039334425802431294,0.1256227833856448,0.031908708473024586,0.1210841663816437,False,0.008997077907218869,0.07007749672396493,-0.01436027956492436,-0.01955158450233374,-0.10659359890159292,0.05457564694557994,0.006855241186735986,Neutral,-0.10659359890159292
Rome,2024-12-01,52,0.03940453169231584,0.0771496734154285,0.0694657605938398,0.21552739409358201,0.2725621816129065,0.09227956548924196,0.23361088968186564,0.9999999965791803,2024-11-01,1.0,0.045587161797502926,0.10684401795645856,0.05717872796011293,0.2552915001441812,0.2601266998692222,0.15688409798840092,0.11808779389808335,53.0,0.12817351762302723,0.05268283008937491,0.1256227833856448,0.031908708473024586,0.05391851708974418,False,-0.006182630105187083,-0.029694344541030065,0.012287032633726866,-0.03976410605059921,0.012435481743684307,-0.06460453249915896,0.11552309578378228,Surprise,0.11552309578378228
