City,Month_Year,Review_Count,Anger,Disgust,Fear,Joy,Neutral,Sadness,Surprise,Emotion_Total
Agra,2019-01-01,10,0.00863632009713906,0.015231389342807192,0.027535331575199905,0.29057751628570255,0.371769830910489,0.13162781307473775,0.1546217666007578,0.9999999678868331
Agra,2019-02-01,146,0.041761394260030144,0.043143541339827875,0.03588332942119247,0.3045847558556762,0.3009458949752726,0.059196308452942145,0.21448477698499588,1.0000000012899373
Agra,2019-03-01,67,0.03228638480841386,0.05743208880372925,0.0358154888941607,0.3615053898599277,0.2933437678365231,0.0781651099573876,0.14145177675397202,1.0000000069141142
Agra,2019-04-01,22,0.02195914880774741,0.031777132164940866,0.054881904708136836,0.24786342045461585,0.43647070455534215,0.04527766103009604,0.16177003788338462,1.0000000096042636
Agra,2019-05-01,38,0.044525036280423265,0.07325034581682346,0.09330827404291511,0.34201528039135914,0.2081244775817092,0.07122395321493964,0.1675526378124854,1.0000000051406552
Agra,2019-06-01,41,0.019998832787500594,0.03066538359896025,0.09447301648239169,0.26828305624289117,0.3565889102429515,0.03246943475451406,0.1975213746290381,1.0000000087382472
Agra,2019-07-01,26,0.05279572217617753,0.046592189435614224,0.061628363587750215,0.3225147081359934,0.2489772195426317,0.08183807782972084,0.18565372696432927,1.0000000076722173
Agra,2019-08-01,22,0.021654392275112552,0.038795223422560116,0.059088677866384345,0.34429821613329376,0.33077608455311164,0.07200217604721806,0.13338523250157855,1.000000002799259
Agra,2019-09-01,20,0.05131621767359316,0.06585206649615424,0.0615925447127665,0.3408286069578025,0.30655481951544056,0.01688511709216979,0.1569706235139165,0.9999999959618433
Agra,2019-10-01,19,0.05772491019084359,0.019298242159972008,0.03478100671322619,0.17913211965443268,0.5174286033173925,0.11515388801988016,0.0764811999458623,0.9999999700016095
Agra,2019-11-01,8,0.019095165625913037,0.024669166494277275,0.05136868904810395,0.23613602871773762,0.4537793103954755,0.020550063491100414,0.19440158049110318,1.000000004263711
Agra,2019-12-01,16,0.025220870429620786,0.027083698303613297,0.02512283189571458,0.4453950981114758,0.27688028960255906,0.1060741610708646,0.09422306946362365,1.0000000188774718
Agra,2020-01-01,13,0.021195075761240224,0.049989407398523006,0.0796417742878055,0.12188377550158358,0.5883646848110052,0.08111368528065768,0.05781161906914066,1.0000000221099559
Agra,2020-02-01,123,0.03470972478455987,0.04561747296389596,0.04959424144737002,0.336969633660529,0.2786841786852697,0.036616745224124066,0.21780800652440363,1.0000000032901522
Agra,2020-03-01,82,0.03351442603445493,0.028173211697920558,0.06540200732387144,0.35153590241254007,0.29720978526307673,0.04847031837704064,0.1756943491310244,1.0000000002399287
Agra,2020-04-01,16,0.01771694536000718,0.03526560785758187,0.06200291094864947,0.3508695702766999,0.27673476608470077,0.10137246391968799,0.15603774302871892,1.0000000074760462
Agra,2020-05-01,5,0.00840805782936508,0.00415771706029768,0.02232740342151368,0.7228026211261749,0.13940142262727018,0.030275385081767997,0.07262738524004814,0.9999999923864376
Agra,2020-07-01,2,0.00827661436051125,0.0056862429482862,0.31573390268022195,0.00951548438752065,0.15715881343930954,0.4904622174799442,0.0131666839588433,0.9999999592546371
Agra,2020-08-01,1,0.0054631917737424,0.0033089860808104,0.0286129135638475,0.6236674785614014,0.281232088804245,0.0133228162303566,0.0443925820291042,1.0000000570435075
Agra,2020-09-01,1,0.0118522681295871,0.0062893666326999,0.0027209036052227,0.4545616805553436,0.454910546541214,0.0136032495647668,0.0560619533061981,0.9999999683350321
Agra,2020-10-01,3,0.004380065559719966,0.005826284643262567,0.009017649882783467,0.3999124988913536,0.48204364627599716,0.007935877889394734,0.09088397553811471,0.9999999986806262
Agra,2020-11-01,5,0.02652762192301448,0.04629192259162658,0.0451713007409125,0.04343339130282398,0.6546589374542237,0.08009235812351104,0.10382449403405185,1.000000026170164
Agra,2021-01-01,1,0.0113869598135352,0.0177824962884187,0.0114985471591353,0.1630029380321502,0.7204798460006714,0.0117200082167983,0.0641292035579681,0.9999999990686772
Agra,2021-02-01,7,0.008436380469772384,0.0100116057520998,0.04037891958640618,0.3798091049705232,0.182626174762845,0.10906405148229426,0.2696737475427134,0.9999999845666543
Agra,2021-03-01,14,0.00824518391164015,0.013871080716074008,0.020141880930168516,0.34777333181617515,0.5208866913869444,0.024881741456088704,0.06420008470636922,0.99999999492346
Agra,2021-04-01,6,0.0510214829506973,0.1637860611081123,0.03358687064610418,0.13344472552125805,0.3479401419560115,0.2136510413450499,0.056569639981413816,0.9999999635086471
Agra,2021-05-01,3,0.016268228820990733,0.012088657744849666,0.010797956395739031,0.5099402065776909,0.17224170950551823,0.17272763707054153,0.10593563923612233,1.0000000353514524
Agra,2021-07-01,5,0.014446681831032001,0.00971197527833276,0.008626526361331299,0.0078892113640904,0.6478014111518859,0.22677014153450728,0.0847540569491684,1.000000004470348
Agra,2021-08-01,8,0.007083055315888437,0.008079157872998574,0.008347667455382114,0.46453019022010267,0.07796490995679047,0.011702171061187924,0.4222928681992925,1.0000000200816426
Agra,2021-09-01,12,0.02681664267826508,0.048086469566139024,0.019770546006232768,0.3596562427119352,0.1901432359203075,0.11349479923956095,0.2420320624175171,0.9999999985399576
Agra,2021-10-01,16,0.016096394043415726,0.02824041142594065,0.017432344448025064,0.2929622736846795,0.4354569183196872,0.043242275758529965,0.16656939298263745,1.0000000106629157
Agra,2021-11-01,7,0.11501189823528482,0.0264001210951911,0.01062132870512343,0.1374146953956889,0.39764636635248146,0.015105327740976815,0.29780025420976536,0.9999999917345119
Agra,2021-12-01,6,0.008338516733298667,0.005880578362848567,0.0086496677443695,0.28299195629854995,0.26397302591552335,0.0242304565229763,0.405935814914604,1.0000000164921703
Agra,2022-01-01,8,0.03200883260433324,0.008786749778664624,0.011358591436874075,0.44614500718307676,0.33077213913202286,0.023561679961858286,0.14736700811772602,1.000000008214556
Agra,2022-02-01,8,0.0095578432665206,0.009230893760104613,0.052363505092216614,0.4116006954573095,0.3325920915231108,0.01126047031721095,0.1733944904990494,0.9999999899155225
Agra,2022-03-01,13,0.03825243831110683,0.055241837233412375,0.03752257211957694,0.2475459826393769,0.2814012044467605,0.04876406290210205,0.2912718934866671,0.9999999911390027
Agra,2022-04-01,13,0.07357720065360454,0.028207813922423254,0.04922565699178863,0.26364995834704197,0.39410958607466173,0.09885108127043794,0.09237867791671303,0.9999999751766712
Agra,2022-05-01,9,0.009186714163256955,0.006420248834830134,0.0213973611567376,0.1931739415093842,0.3440277630256282,0.012460894003096511,0.41333307946721715,1.0000000021601507
Agra,2022-06-01,11,0.08090278866637322,0.0441718629550781,0.02203769895607938,0.24815957243448458,0.46886170348575845,0.03683214416642752,0.0990342408714985,1.0000000115356997
Agra,2022-07-01,13,0.05528726808440222,0.03224104458394528,0.10153594687849708,0.3627115824403098,0.22789154602931092,0.09596585913991122,0.12436675788977967,1.0000000050461562
Agra,2022-08-01,17,0.011959529714658801,0.018030330747612424,0.026243451297940527,0.19280398365877124,0.37577441422378316,0.07378599412657096,0.3014022812028141,0.9999999849721511
Agra,2022-09-01,16,0.049734295691450776,0.0448813172151858,0.05523773137610983,0.4069833102985285,0.29832038158201607,0.015207389107672439,0.12963557145121735,0.9999999967221807
Agra,2022-10-01,19,0.03091998634810897,0.025300993446236132,0.04526330226125485,0.19587861664446163,0.41672400992951897,0.06421894761488621,0.22169414525361433,1.0000000014980812
Agra,2022-11-01,33,0.025785842966852726,0.05566005335298757,0.047438306457038476,0.21955713676641495,0.31769599913704116,0.07176867893642995,0.2620939842714561,1.000000001888221
Agra,2022-12-01,19,0.033156360916205094,0.06243615104865866,0.07607624091600114,0.22652436161756903,0.27377789148962806,0.036795546729607755,0.2912334441452434,0.9999999968629132
Agra,2023-01-01,21,0.047994251210530726,0.015440167604191632,0.04586153632650769,0.24937618098643027,0.3598678688341308,0.027890180730970434,0.2535697986327466,0.9999999843255081
Agra,2023-02-01,18,0.009862387992648578,0.051234641122088406,0.015228500615598384,0.3385201275555624,0.40434170493649113,0.018148471821202963,0.16266416584969393,0.9999999998932857
Agra,2023-03-01,18,0.016707843686971365,0.04695816002398104,0.02814626817901925,0.2345129711967375,0.30953081464394927,0.1026843475669415,0.26145958346832127,0.9999999887659212
Agra,2023-04-01,16,0.025283629511250138,0.0837682694982504,0.03297491875127885,0.17858008561597666,0.48830964346416295,0.036021973617607686,0.15506146667030404,0.9999999871288308
Agra,2023-05-01,19,0.016286902552421496,0.07617321588086744,0.02936602504556308,0.4570940597730346,0.2366170708065558,0.01940551555813529,0.16505720550929634,0.9999999951258741
Agra,2023-06-01,7,0.007308654886271214,0.14774634655831112,0.009640261397830044,0.3167813911859411,0.2419216319519494,0.009714972227811758,0.2668867532296904,1.000000011437805
Agra,2023-07-01,11,0.01303373615850098,0.04346522721144451,0.03135754241057752,0.4245041629976847,0.27029016749425366,0.04292105868543407,0.1744281039573252,0.9999999989152206
Agra,2023-08-01,17,0.01977079857811874,0.039027195838143014,0.029242631023996192,0.33289779850062634,0.301615093355341,0.027309637311298134,0.25013684894999155,1.000000003557515
Agra,2023-09-01,16,0.052998465653217815,0.02491433292743745,0.017899987207783807,0.25483540754066775,0.4445118650328368,0.11323109205113721,0.09160885268647687,1.0000000030995577
Agra,2023-10-01,9,0.10739276997951994,0.04667112347669894,0.030815123211747626,0.2546920674956507,0.407459224263827,0.014262336823675312,0.138707331692179,0.9999999769432985
Agra,2023-11-01,25,0.02157071475870902,0.037192448321729854,0.08563786383718248,0.2977831824775785,0.28605068914592263,0.09868883776944125,0.17307625499553975,0.9999999913061035
Agra,2023-12-01,8,0.011847587418742412,0.011460981419077088,0.15813084610272196,0.3815501253120601,0.13641409995034331,0.0122169009991921,0.28837944194674486,0.9999999831488819
Agra,2024-01-01,19,0.06223409055229763,0.07860997431654185,0.10466825046368233,0.3025234170123248,0.24508309991736157,0.06415941387316894,0.14272177158119642,1.0000000177165735
Agra,2024-02-01,22,0.020431018413298453,0.013628323684150135,0.02045612698632541,0.36174043710343534,0.2516399007290601,0.06729671781332312,0.26480748208070337,1.0000000068102959
Agra,2024-03-01,31,0.021589705440771507,0.026676563803301776,0.022788176033270293,0.3130067837529726,0.2945060676354314,0.09865458400153941,0.2227781246446313,1.0000000053119182
Agra,2024-04-01,20,0.04912616349174635,0.03299269143608393,0.054045262892032,0.3313807157450356,0.27448826096951956,0.0623456786619499,0.1956212489167228,1.00000002211309
Agra,2024-05-01,15,0.02786998349086686,0.021886774074907044,0.04719335109693925,0.2999216805833081,0.25282861435165005,0.15889805228604623,0.19140153812865413,0.9999999940123716
Agra,2024-06-01,6,0.03209190350025885,0.02811374096199863,0.07117160258349027,0.3972402373328805,0.36353278905153275,0.026526400353759468,0.08132330762843287,0.9999999814123532
Agra,2024-07-01,11,0.016269791405647938,0.0419558926210315,0.0389871368375183,0.1733263446949422,0.38094752823764627,0.06673079221086065,0.28178251339969307,0.99999999940734
Agra,2024-08-01,19,0.013205335202847416,0.03378389362478624,0.04216692786614749,0.33781427544492637,0.3819746405474449,0.06592899812140351,0.12512592775257006,0.999999998560126
Agra,2024-09-01,9,0.009124566645671878,0.018688318073852954,0.04031901325409606,0.3977904303723739,0.25709361795129043,0.08209206132839121,0.19489198436753613,0.9999999919932125
Agra,2024-10-01,20,0.023557038110447993,0.055493938014842516,0.043262298777699444,0.20917336237616832,0.37181999906897545,0.06279875149484719,0.23389462362974878,1.0000000114727297
Agra,2024-11-01,25,0.015822050576098215,0.07130367207806552,0.07940043142531063,0.29905290092341597,0.31808689648285504,0.04675304019823666,0.16958103621378537,1.0000000278977674
Agra,2024-12-01,10,0.03052424624911505,0.09922557032550681,0.01843427536077791,0.2892362092621624,0.40491266585886476,0.02771643777377898,0.1299506187322549,1.0000000235624609
Bali,2019-02-01,36,0.048038772971873756,0.035555908530821155,0.08333460170575153,0.3299865951962096,0.29611538628685385,0.07068177384401977,0.13628696491812453,1.0000000034536543
Bali,2019-03-01,11,0.057803223650394475,0.054769440268335634,0.26642188200176775,0.1763551310128109,0.3370865230363878,0.0417646055998788,0.06579920638945286,1.0000000119590282
Bali,2019-04-01,45,0.04967960789540984,0.05841159050404607,0.0670912605632717,0.30658847493533453,0.3126743658652736,0.06713967927369388,0.1384150142419255,0.9999999932789552
Bali,2019-05-01,140,0.0487861492912218,0.05532570299567717,0.04407679920883047,0.3978343234964995,0.288801989804155,0.05270900951665156,0.1124660191990967,0.9999999935121322
Bali,2019-06-01,17,0.0357750580673489,0.02900878213318608,0.05705650039154156,0.39260769743636686,0.2230336880859206,0.05493244243895301,0.20758582837879652,0.9999999969321136
Bali,2019-07-01,40,0.0347057589620817,0.06311293659964572,0.12407227910589422,0.2506642550084507,0.3379874754638877,0.08903365493752058,0.10042365501285526,1.0000000150903359
Bali,2019-08-01,159,0.043193732107529643,0.06593667347542058,0.05562739541941558,0.3398474197858159,0.30634731750747873,0.06441309871942784,0.12463436061194244,0.9999999976270306
Bali,2019-09-01,21,0.06451982658888608,0.07808698727638412,0.07269764905573707,0.2834175190932694,0.24125596211247496,0.15447413135275595,0.10554792481430225,1.0000000002938099
Bali,2019-10-01,40,0.020238825489650433,0.0631862242124043,0.09893929560639657,0.33951420945231797,0.3329925974830985,0.0357407986070029,0.10938804389443244,0.9999999947453031
Bali,2019-11-01,180,0.032439137452941656,0.03601644104750848,0.0610159801949824,0.3926593818656531,0.31099035040889345,0.047949019616417954,0.11892969093557133,1.0000000015219683
Bali,2019-12-01,44,0.03093462072799655,0.0303181686031166,0.07350259314063635,0.31126074646917085,0.3925154554996301,0.052453707411504215,0.10901470009279857,0.9999999919448532
Bali,2020-01-01,94,0.036281717661892,0.051722911704812115,0.061520905534246335,0.35340279740519187,0.2957672389779002,0.0730389987398434,0.128265437258883,1.0000000072827688
Bali,2020-02-01,91,0.04864665276145784,0.06531227522678054,0.07224089498337415,0.2825903531015533,0.33405799135709036,0.05646795035304067,0.14068386976474093,0.9999999875480376
Bali,2020-03-01,48,0.055171185107610606,0.07429452829092038,0.037549856324403615,0.3460333457357289,0.29242083485587494,0.0665951529105465,0.12793510424429158,1.0000000074693767
Bali,2020-04-01,22,0.05696482986571601,0.052001018595712385,0.02750710836103689,0.44478282235054806,0.24575000529346813,0.06200070714112367,0.11099348178091031,0.9999999733885154
Bali,2020-05-01,12,0.029484253881188693,0.026102689870943597,0.13437640198875062,0.24533845546344912,0.4475535807820658,0.03193172470976904,0.08521289308555419,0.999999999781721
Bali,2020-06-01,8,0.06749006282188925,0.11850331636378536,0.031092409190023262,0.2647978325840085,0.2958348002284765,0.04384889494394876,0.17843269067816434,1.0000000068102959
Bali,2020-07-01,8,0.019591115618823037,0.03618070537049785,0.012803212302969725,0.23708210466429588,0.39099255227483803,0.14588917733635748,0.1574611290125176,0.9999999965802997
Bali,2020-08-01,4,0.00599003140814595,0.00287256340379825,0.004411122179590125,0.5219962385599501,0.14061688713263717,0.007165500632254375,0.31694767065346235,1.0000000139698384
Bali,2020-09-01,14,0.05860069776619114,0.09258561174543238,0.012170283947073408,0.39193543339414255,0.2269247061839061,0.04273148368312307,0.17505178785151135,1.00000000457138
Bali,2020-10-01,3,0.029974354120592236,0.009334643371403167,0.0111013032728806,0.6212777768572172,0.2730875685811042,0.015163282863795735,0.04006111389026043,1.0000000429572535
Bali,2020-11-01,13,0.012353278212965639,0.07083978149323504,0.026270629103796937,0.38842656921881896,0.26413091988517684,0.021716118915579577,0.21626271037026662,1.0000000071998396
Bali,2020-12-01,6,0.015152395547678018,0.029060299081417367,0.05893378353600078,0.5626592089732487,0.2632135717819134,0.0456104185820246,0.025370298341537503,0.9999999758438204
Bali,2021-01-01,11,0.09038112342188301,0.0881467770192433,0.011127443878318745,0.40670331042598595,0.26023866744204,0.029488065364685866,0.1139146147126501,1.000000002264807
Bali,2021-02-01,3,0.0012034202227368,0.0013562423409893998,0.0008829885045997,0.9160205125808716,0.048978980630636194,0.0166216343641281,0.014936220832169,0.9999999994761308
Bali,2021-03-01,1,0.0134318405762314,0.0095381084829568,0.1123985648155212,0.0071461284533143,0.7799112200737,0.0273483358323574,0.0502258241176605,1.0000000223517416
Bali,2021-04-01,2,0.00946321571245785,0.01946307625621555,0.00466646812856195,0.6521110832691193,0.2771715968847275,0.01716802781447765,0.019956505857407998,0.9999999739229678
Bali,2021-05-01,3,0.012827426660805899,0.10257769391561544,0.11442167513693367,0.14850412355735898,0.5313430627187093,0.015091066869596567,0.07523490240176513,0.999999951260785
Bali,2021-06-01,2,0.0168423075228929,0.016449935734272,0.0158288646489381,0.0373002141714096,0.7427545785903931,0.0236435644328594,0.1471805870532989,1.000000052154064
Bali,2021-08-01,3,0.0675347403933604,0.19938860181719062,0.0211942337142924,0.2409040727652609,0.3663566758235295,0.0186148332431912,0.08600685590257244,1.0000000136593976
Bali,2021-09-01,5,0.12711116401478642,0.05038979644887144,0.17923797557596116,0.34313211953267453,0.1305789835751056,0.01726704863831394,0.1522829729132354,1.0000000606989485
Bali,2021-10-01,3,0.08953366056084626,0.030160758333901538,0.04614603954056893,0.13319243087122834,0.22893327102065084,0.0640907449026902,0.40794311463832855,1.0000000198682146
Bali,2021-11-01,5,0.00624441606923934,0.01919938430655744,0.04984341678209596,0.471866350248456,0.309637313336134,0.1086637288331985,0.034545386955142,0.9999999965308233
Bali,2021-12-01,4,0.01496086106635625,0.019113338901661274,0.0075896072667091755,0.34535061474889517,0.3095630966126919,0.05480028304737058,0.2486222260631621,1.0000000277068464
Bali,2022-01-01,1,0.0170408077538013,0.0196590218693017,0.0062780766747891,0.0325016714632511,0.9017187356948853,0.0152119910344481,0.0075896335765719,0.9999999380670486
Bali,2022-02-01,3,0.005566026782616934,0.009266946076725867,0.007240722285738833,0.6557024319966634,0.25386990606784815,0.010727574039871434,0.05762643304963899,1.0000000402991036
Bali,2022-03-01,1,0.0316516980528831,0.0187230631709098,0.5209870338439941,0.0482158549129962,0.3105195164680481,0.0581611804664135,0.0117416195571422,0.999999966472387
Bali,2022-04-01,19,0.022310957251312647,0.030820406798738917,0.013698847327185258,0.5328501307307497,0.27918135325767485,0.03508273733926835,0.08605556019679883,0.9999999929017286
Bali,2022-05-01,31,0.04078075249544189,0.049656657746151765,0.14179763286149183,0.19872207693462707,0.41051392545623167,0.05763387230915885,0.10089507786136477,0.9999999956644678
Bali,2022-06-01,17,0.011350761051289694,0.009194159250268105,0.013114070362301836,0.32462992039783034,0.523464613539331,0.016204434666125166,0.10204202133943048,0.9999999806065768
Bali,2022-07-01,54,0.03324787654047309,0.030868186446174038,0.04624255792953553,0.40967257023806236,0.3505032785361874,0.04061380694447839,0.08885172555326584,1.0000000021881768
Bali,2022-08-01,39,0.04913416242776196,0.07226647310054451,0.027676079914761804,0.25707473203641334,0.3232412690965411,0.11434106107872835,0.15626621007238725,0.9999999877271384
Bali,2022-09-01,34,0.0694385901887846,0.06945355955223712,0.029728269009330423,0.2625999869744512,0.35539166223915186,0.1003128795418888,0.1130750578732284,1.0000000053790725
Bali,2022-10-01,33,0.05458728560585186,0.050741574014395885,0.04937777312289015,0.3317263540317953,0.33083524276982196,0.12191735033058754,0.06081443505051232,1.0000000149258548
Bali,2022-11-01,20,0.060100282076746184,0.09896569509292016,0.11651920939912083,0.06381057848921041,0.42771946024149654,0.14078828208148475,0.09209647914976808,0.999999986530747
Bali,2022-12-01,68,0.0472018064508173,0.04601796287598138,0.10681302548533382,0.39856303688344163,0.25847408512388076,0.05818931688212182,0.08474075443604408,0.9999999881376208
Bali,2023-01-01,18,0.03677898609182897,0.028497463978257802,0.024745558336791023,0.33486323372926563,0.40826628677960897,0.07733370279634574,0.08951475049575994,0.9999999822078581
Bali,2023-02-01,14,0.020984356457899672,0.03632410035269063,0.06828547365564316,0.23355733042782437,0.4865546713450125,0.08238831286351857,0.07190573867410417,0.9999999837766931
Bali,2023-03-01,26,0.09621911438164082,0.059525056102966774,0.04909115746088965,0.32819294831894624,0.3341333541051986,0.05820217282206818,0.07463619272367882,0.9999999959153891
Bali,2023-04-01,35,0.05508511273157113,0.06984951971764007,0.06638324713567267,0.39959724361875226,0.2971689504238643,0.042496982569407094,0.06941893394105131,0.9999999901379588
Bali,2023-05-01,25,0.03910308166174214,0.022794023393653277,0.08611086205346506,0.3683390168752521,0.4087357470486313,0.03304562278091903,0.04187163498252626,0.9999999887961891
Bali,2023-06-01,15,0.02215869368907679,0.0709371701542598,0.08041898466181004,0.3622392248362302,0.33733347831293936,0.039917071039477926,0.08699537388359503,0.9999999965773891
Bali,2023-07-01,35,0.047873966597087106,0.031691458337341515,0.03585620280355211,0.3785556373452501,0.33215256229575185,0.11922131623806694,0.05464884137867813,0.9999999849957277
Bali,2023-08-01,55,0.017661043861880846,0.06447021707532584,0.0411700142933775,0.3604283878177574,0.30162833969701414,0.127196094347164,0.08744589289311654,0.9999999899856362
Bali,2023-09-01,28,0.09382922218147928,0.036224324745749666,0.07368788604591305,0.26818649130707073,0.370620408677496,0.03942582095623943,0.11802583803988191,0.9999999919538302
Bali,2023-10-01,44,0.05323019061920186,0.08961762089695015,0.06935082869643912,0.31957288331084943,0.3068697924080135,0.07929407181324094,0.08206460312860801,0.9999999908733029
Bali,2023-11-01,26,0.06203365904422328,0.07416429019604734,0.08795448944483018,0.32834448989104614,0.3575122398861612,0.026479182818617917,0.06351164514377995,0.999999996424706
Bali,2023-12-01,29,0.04086843322850118,0.05064513058208953,0.10296892185478693,0.3212485030646725,0.34523932571555005,0.030614142948440375,0.10841554518917507,1.0000000025832154
Bali,2024-01-01,37,0.03708658618160292,0.08076961265367175,0.10689525662235458,0.37550696036526676,0.2736391641476468,0.07053867114292503,0.05556374397191743,0.9999999950853853
Bali,2024-02-01,30,0.027691613126080438,0.04898847111035134,0.056465250930826445,0.4186762815302548,0.24621552168391642,0.09585574389590569,0.1061071059123302,0.9999999881896654
Bali,2024-03-01,18,0.04217081391511273,0.10415932520279761,0.06774763264952016,0.1496523734207989,0.39387756906863713,0.0514778905263584,0.1909144024054209,1.000000007188646
Bali,2024-04-01,34,0.028329639661344923,0.06958670456558187,0.10646340449046175,0.3517993761479909,0.34008397226331427,0.03336479460738375,0.07037210684981851,0.999999998585896
Bali,2024-05-01,36,0.03916316345243503,0.0427250262194623,0.09758883839984057,0.31561236342855004,0.37211237829695976,0.027948540551329195,0.1048496839163514,0.9999999942649284
Bali,2024-06-01,10,0.07141044929157939,0.041773161821765784,0.02198046643752598,0.23118444029241797,0.4016560934484005,0.08095885689835991,0.15103656258434056,1.0000000307743901
Bali,2024-07-01,47,0.06967332848209011,0.06257907272950602,0.08129778681719235,0.25331501928752564,0.3448302415595885,0.05577645514487344,0.132528094545086,0.9999999985658621
Bali,2024-08-01,40,0.05538191797095347,0.08353531810862473,0.0613505470930249,0.291968524060212,0.314197287755087,0.07280152773018922,0.12076487602898847,0.9999999987470797
Bali,2024-09-01,29,0.05431397477614464,0.08378965339366472,0.08960110288723527,0.17586508854131758,0.3893075782227619,0.13253034549315681,0.07459225163570249,0.9999999949499834
Bali,2024-10-01,55,0.05943594797599041,0.07007774333046238,0.03728477952007031,0.34335945519534017,0.35193250175904145,0.04123954891269514,0.09667002178559246,0.9999999984791923
Bali,2024-11-01,6,0.0740850735455751,0.09183212978920585,0.030057722469791732,0.30266552331158886,0.4229338386406501,0.027472118633643985,0.05095358534405623,0.9999999917345118
Bali,2024-12-01,21,0.03580861267567209,0.05855756965909326,0.02546077279285302,0.395774853526659,0.37561965201582226,0.024178906964758988,0.08459961666015993,0.9999999842950185
Barcelona,2019-01-01,2,0.0028010412352159,0.0029386144597082497,0.0028976206085644,0.4788394533097744,0.4640479050576687,0.0196118999738246,0.0288634486496448,0.9999999832944011
Barcelona,2019-02-01,47,0.016714536265390777,0.02201798024272759,0.046527901560345496,0.4862847002124057,0.2579620098893312,0.04661279868711019,0.1238800743891996,1.0000000012465107
Barcelona,2019-03-01,51,0.01594967228262315,0.037546861731885504,0.06931263061443467,0.4611207971933718,0.2625174048703675,0.040192414584167835,0.1133602366180104,1.000000017894861
Barcelona,2019-04-01,50,0.04321181313600387,0.0448320279945619,0.06693214355502272,0.2361259507248178,0.3696607618406415,0.11096103547140952,0.1282762674707919,1.0000000001932492
Barcelona,2019-05-01,80,0.03238975440326608,0.041555394887109236,0.021289653281564774,0.3126565831014886,0.36151767571573146,0.078168938755698,0.1524219997983891,0.9999999999432473
Barcelona,2019-06-01,170,0.024277811483069112,0.05601537165656572,0.055400226640631406,0.3907631285543389,0.31101463839466514,0.05880628501421164,0.10372254195184827,1.0000000036953303
Barcelona,2019-07-01,40,0.0249364634553785,0.03659711653017435,0.016558030621672465,0.37699770226317925,0.3278688491787761,0.09756494067842138,0.1194769108551554,1.0000000135827574
Barcelona,2019-08-01,60,0.030391115564270828,0.06683335300476752,0.027124064208570976,0.2549223170829161,0.37573014458951853,0.07871897649213978,0.16628002410579937,0.9999999950479831
Barcelona,2020-01-01,112,0.017379374090523876,0.04426549247987812,0.0680075590171327,0.354524515925732,0.29717224402286646,0.056530135785578695,0.16212067718983492,0.9999999985115469
Barcelona,2020-02-01,213,0.024699647922643755,0.035424232103603855,0.053397578712522126,0.33834056900387866,0.3377009995222669,0.07119037164593801,0.1392466006855187,0.999999999596372
Barcelona,2020-03-01,151,0.02861038535457125,0.024953541438795256,0.038705715903625246,0.3751347363937649,0.3233463383481732,0.06321231634756977,0.1460369651133367,0.9999999988998363
Barcelona,2020-04-01,26,0.03191465892506616,0.031003496829026256,0.024941573537384614,0.32714197412133217,0.318322628020094,0.0874762197401231,0.17919943513921816,0.9999999863122444
Barcelona,2020-05-01,9,0.012315932551347077,0.01698065283966969,0.11440273310290644,0.38348288078688914,0.3425808489943544,0.03699219327730431,0.09324478564990886,1.00000002720238
Barcelona,2020-06-01,9,0.012080592653041445,0.09215258576700253,0.13329015333308936,0.5134982784899572,0.09630680963810942,0.04454784028025131,0.10812375482378732,1.0000000149852386
Barcelona,2020-07-01,27,0.01752280029123299,0.03514627630270462,0.009125818241887709,0.3062580034429966,0.3993133838391966,0.10889275041753768,0.12374097714200613,1.0000000096775623
Barcelona,2020-08-01,17,0.014093917773981682,0.0207727507119724,0.027890700254561876,0.3681982296573765,0.45444125920424566,0.04472525786224967,0.06987785797237468,0.9999999734367624
Barcelona,2020-09-01,8,0.007818304846296024,0.009027604392031175,0.01526827576162755,0.3134661770891398,0.3990041463985108,0.008633465447928713,0.24678204691736022,1.0000000208528943
Barcelona,2020-10-01,6,0.028463401598855815,0.011679128782513199,0.04652324361571419,0.4709155071371545,0.3625087752006948,0.012566280337826618,0.06734365372297661,0.9999999903957357
Barcelona,2020-11-01,3,0.3209740990617623,0.0035978188194955,0.005893637853053666,0.6247528648236766,0.014926572330295965,0.009993188548833068,0.019861857717235833,1.0000000391543529
Barcelona,2020-12-01,6,0.025236210785806134,0.07853512943256644,0.019078899291343918,0.2928713643923401,0.4707215987145901,0.01328431221190835,0.10027252277359361,1.0000000376021487
Barcelona,2021-01-01,8,0.016721304709790212,0.014573313223081601,0.07259044461534353,0.2664468603907153,0.40829488867893815,0.012032751081278513,0.20934044767636803,1.0000000103755153
Barcelona,2021-02-01,3,0.007178328620890732,0.022169052235161232,0.3113188813440501,0.030333173344843034,0.37005725254615146,0.0179686161379019,0.24097469355911008,0.9999999977881086
Barcelona,2021-05-01,3,0.04329252491394677,0.005231530483191166,0.21387051911248514,0.6101333989451329,0.10425079365571337,0.009541617628807767,0.013679554530729799,0.9999999392700069
Barcelona,2021-06-01,5,0.0039385922485961995,0.014231477119028519,0.004734901431947899,0.4984793961048126,0.2684242472052574,0.034094676561653596,0.17609673142433163,1.000000022095628
Barcelona,2021-07-01,12,0.031348461867310065,0.03889057008200321,0.03676809496149261,0.24457203187436483,0.468090050543348,0.06376271902505924,0.11656807549297805,1.000000003846556
Barcelona,2021-08-01,19,0.019777360212940093,0.02521053872585879,0.04245365490083039,0.3257243560112424,0.40201494646699804,0.061394398259979284,0.12342475656125886,1.0000000111391079
Barcelona,2021-09-01,15,0.020849127741530485,0.020379256911110075,0.028346562967635654,0.5313393217821916,0.24161773151718077,0.031591744348406746,0.12587623825917638,0.9999999835272317
Barcelona,2021-10-01,30,0.03507936186312384,0.04240081966854627,0.021164501419601287,0.3028976458086011,0.35338348819253346,0.08535936479068668,0.15971480971978352,0.9999999914628763
Barcelona,2021-11-01,41,0.01582702273991317,0.023882178495291617,0.08052866815208884,0.35236017246980494,0.36720964540841006,0.06528047411475416,0.09491183869427111,1.000000000074534
Barcelona,2021-12-01,18,0.014704704433420833,0.02758597785658716,0.07564430049711109,0.243948063114658,0.21597711381036783,0.06589300744882262,0.35624683729838574,1.0000000044593533
Barcelona,2022-01-01,31,0.055264147257642594,0.0701014810643579,0.04185379001747572,0.27305425502990766,0.3594000044789526,0.08931160800068845,0.11101469886489208,0.999999984713917
Barcelona,2022-02-01,19,0.024323371116464033,0.09935274793411061,0.023254139851288512,0.3923378382735935,0.21688880545920441,0.04589892952016697,0.19794416157406214,0.9999999937288901
Barcelona,2022-03-01,43,0.062248933957456475,0.027626810305708495,0.0272052801758332,0.37799713526430084,0.25413439925326853,0.05877663450705446,0.19201080615870478,0.9999999996223269
Barcelona,2022-04-01,103,0.022218977060458278,0.033054884569493334,0.02463852435726785,0.4293765861335328,0.2574716768797161,0.1175813770771605,0.11565796904112162,0.9999999951187505
Barcelona,2022-05-01,130,0.02039091499844704,0.054689676480260276,0.04080493914908187,0.2651092591068635,0.34474799459656846,0.07341804463201414,0.20083916649544753,0.9999999954586829
Barcelona,2022-06-01,101,0.02589432788796091,0.053226120400560586,0.036188538591400435,0.38088953948008025,0.3155402704326454,0.053269264403509285,0.13499193488491124,0.999999996081068
Barcelona,2022-07-01,78,0.017566967973461668,0.07548925313182195,0.07900616992414233,0.32854270355071485,0.30283558393756926,0.10647313278287836,0.0900861886150848,0.9999999999156732
Barcelona,2022-08-01,12,0.012943951335425126,0.019863009724455535,0.07584247644990677,0.10372120165266092,0.5960016772150993,0.01646194211207325,0.17516571624825394,0.9999999747378749
Barcelona,2022-09-01,36,0.026749394148484644,0.01064502257051768,0.0734466905899656,0.325752314028149,0.33566320749620593,0.051211557693831164,0.17653180927866033,0.9999999958058143
Barcelona,2022-10-01,18,0.01737166272424571,0.03111941945583865,0.06034615264636356,0.2096920589036825,0.5603250341955572,0.051190415921155315,0.06995524914883486,0.9999999929956779
Barcelona,2022-11-01,3,0.0220575318477737,0.2908712263063838,0.0023254504291495334,0.5676219840534031,0.04801861972858503,0.05062328251854823,0.01848185516428197,0.9999999500481254
Barcelona,2022-12-01,6,0.023608378600329116,0.06485098332632329,0.01565493522988005,0.10690072349583103,0.5126505295435587,0.07898569976290062,0.1973487455397844,0.9999999954986072
Barcelona,2023-01-01,7,0.12244223384186621,0.11638445580112076,0.019851942879280816,0.3142108372412622,0.2926572241953441,0.05906902034101737,0.07538427705211295,0.9999999913520045
Barcelona,2023-02-01,9,0.07766772302178039,0.03225568552604975,0.1329686125455838,0.1993752763891178,0.21364736541484794,0.22835664368338054,0.11572870969151455,1.0000000162722746
Barcelona,2023-03-01,57,0.0532349487848318,0.03842073690713984,0.0399539355125294,0.2846660648254073,0.3169005307769239,0.11702412409144204,0.14979965217297142,0.9999999930712458
Barcelona,2023-04-01,107,0.03200323988028545,0.06524360595705096,0.060244735581125745,0.3494190790110581,0.2667465241012276,0.10014208155427401,0.12620073123225747,0.9999999973172793
Barcelona,2023-05-01,67,0.02214707406376721,0.05839653011175118,0.057077955719563055,0.25477076479348476,0.2860145945407784,0.18982686016555705,0.13176622393249127,1.000000003327393
Barcelona,2023-06-01,20,0.05167356299643866,0.044645997992483845,0.10079504522727797,0.2723033791990019,0.35608876803889866,0.08795130164362486,0.08654192377580326,0.9999999788735291
Barcelona,2023-07-01,19,0.059852377070408073,0.07147067451947609,0.1321692160808628,0.25398823321110714,0.306204192340374,0.09141434325934628,0.084900958635109,0.9999999951166835
Barcelona,2023-08-01,23,0.0648524088370006,0.035443517506001075,0.09923158354206897,0.3245143680732049,0.3112850686859177,0.042494530931277086,0.12217850713869148,0.9999999847141618
Barcelona,2023-09-01,39,0.07083647948158422,0.07236342278953924,0.09825096072745505,0.31906325541711295,0.35255493453512776,0.02911099503473493,0.05781996483580228,1.0000000128213564
Barcelona,2023-10-01,15,0.013438088749535327,0.13034028441955642,0.019294312184986912,0.31781977536156775,0.38117092413206893,0.026652572490274855,0.1112840575786928,1.000000014916683
Barcelona,2023-11-01,19,0.03718375826352517,0.036899577510714675,0.06941104195031678,0.2910599100624064,0.35416866830354066,0.06800543362470829,0.14327163940393606,1.000000029119148
Barcelona,2023-12-01,12,0.04689711999769009,0.08897049507747089,0.05780950332215671,0.25091232999693597,0.4064773653323452,0.0902700403433603,0.05866313764515018,0.9999999917151093
Barcelona,2024-01-01,11,0.05123989877756681,0.03320438842373812,0.10652533597947854,0.3943387811834162,0.30603466013615777,0.037726642902601776,0.07093031452545383,1.0000000219284129
Barcelona,2024-02-01,13,0.03083048071354049,0.06508880937830182,0.026175259155794346,0.17096179576877216,0.502185952061644,0.06351399316022598,0.14124369640977905,0.9999999866480579
Barcelona,2024-03-01,29,0.03365047362528672,0.05630678572724086,0.06253721764218861,0.4211962222812119,0.264851501548727,0.06244137328005681,0.09901645150164073,1.0000000256063526
Barcelona,2024-04-01,35,0.027357459869900926,0.10862628857971032,0.11210623453786991,0.42316294473795485,0.21808713526864135,0.038698785043587605,0.07196114681261986,0.9999999948502848
Barcelona,2024-05-01,109,0.03644414628437212,0.051562304304669127,0.042790269347253725,0.3453198720085853,0.3222155808855634,0.08087145601433417,0.12079637086898974,0.9999999997137677
Barcelona,2024-06-01,52,0.04358775435069285,0.06059024354684735,0.06442334410362836,0.1898013937887019,0.44862480910244185,0.07028608969994816,0.12268635314719104,0.9999999877394515
Barcelona,2024-07-01,57,0.03844331392585377,0.04854025107883974,0.04678208986195127,0.35126606805409355,0.31584278275177136,0.12452870420703105,0.07459679735301614,1.000000007232557
Barcelona,2024-08-01,28,0.033040670590707984,0.03212498556656226,0.10062470222432494,0.36548405783417237,0.3603255266789347,0.031092397831214008,0.07730764992135972,0.999999990647276
Barcelona,2024-09-01,29,0.04088403093468009,0.10493577519784966,0.04893112835747281,0.21600595505201609,0.3193045115933336,0.08529218623478858,0.1846464063554745,0.9999999937256154
Barcelona,2024-10-01,54,0.0589358440052752,0.07563816147201034,0.0894177432961037,0.3131403459248961,0.2774929532056881,0.05405142788421702,0.13132351372580697,0.9999999895139975
Barcelona,2024-11-01,51,0.016338403727037452,0.08737327390482792,0.09296099861796173,0.31092637959370095,0.26178677974487924,0.06497469446256607,0.16563946455854042,0.9999999946095138
Barcelona,2024-12-01,42,0.02635790550682156,0.07394135953204348,0.05885087360262068,0.2816186103764699,0.27280389722658405,0.11180694511027205,0.17462040133596882,0.9999999926907804
Cairo,2019-01-01,2,0.02667208528146145,0.0396404238417744,0.0201289819087833,0.41345094982534647,0.4364285096526146,0.03161069331690665,0.03206838853657245,1.0000000323634592
Cairo,2019-02-01,21,0.08267422732231867,0.12824226720702075,0.07397347413158661,0.11786463369970161,0.30340061886679554,0.08022364373097104,0.21362115192182712,1.0000000168802212
Cairo,2019-04-01,17,0.012873359743560448,0.12062771752586257,0.05682497174369495,0.2377017534830991,0.4073013500036562,0.06529864370275064,0.09937221895875951,1.0000000151613835
Cairo,2019-05-01,85,0.026791154420660646,0.04339005057699974,0.038490690664141666,0.2500363690559478,0.37642149913179523,0.09160868664107774,0.1732615384218447,0.9999999889124674
Cairo,2019-06-01,6,0.011969896499067498,0.01391164653856925,0.008287509592870817,0.3120006013972063,0.396210045243303,0.054596104503919635,0.20302424300462005,1.0000000467795565
Cairo,2019-07-01,18,0.018288958209773682,0.01757912831251608,0.012641186222834978,0.3079449921303118,0.4005798862005273,0.11715695547819546,0.12580890198134712,1.0000000085355065
Cairo,2019-08-01,102,0.033307553143423076,0.028851800861850557,0.06892283974436801,0.2804705929262198,0.3200638197481121,0.04783348183777617,0.22054990827032891,0.9999999965320786
Cairo,2019-10-01,10,0.01091302927816281,0.013930166745558331,0.0326380835846066,0.25470633844379337,0.4821214904077351,0.0205196585040539,0.18517124247737224,1.0000000094412822
Cairo,2019-11-01,99,0.0194917287033126,0.05473501655635316,0.03927742469805345,0.19564284909707066,0.42815374971997705,0.045766799169771256,0.21693243802703838,1.0000000059715766
Cairo,2019-12-01,64,0.04106853342636891,0.0541387099483472,0.039768399908098176,0.2570685640785086,0.356452246371191,0.04297519368628851,0.2085283480737416,0.999999995492544
Cairo,2020-01-01,26,0.01534017920494075,0.022327404478206605,0.02242198676909674,0.25665156059683514,0.30273511547308696,0.11060705487258156,0.2699166931605969,0.9999999945553446
Cairo,2020-02-01,38,0.01960756334378134,0.05178342418941223,0.03238276638838115,0.17426035080815808,0.3467031181789934,0.07073138442846305,0.30453140483433866,1.000000012171528
Cairo,2020-03-01,70,0.030816910891527532,0.037447477231866505,0.06346258381049012,0.17051742923712088,0.41915402447006533,0.06147853378539102,0.21712304899868154,1.000000008425143
Cairo,2020-04-01,21,0.02093752513229399,0.07844126091194556,0.06901792130832157,0.09122292865954688,0.4753404592962137,0.06980558291875887,0.19523432137932448,0.9999999996064051
Cairo,2020-06-01,11,0.062136323799760106,0.10122203113595866,0.05108478570102962,0.28176194446330716,0.3352950663221153,0.040339869404719585,0.1281599954871291,1.0000000163140197
Cairo,2020-07-01,8,0.01754531028564081,0.08227453220752065,0.01294925555703225,0.3292135255760513,0.2512730127200484,0.09338274487527083,0.21336163958767426,1.0000000208092386
Cairo,2020-08-01,10,0.03335944744758303,0.05604647286236283,0.049901405209675384,0.23001934373751282,0.4839410163462162,0.0369922592071816,0.10974007686600085,1.0000000216765328
Cairo,2020-09-01,13,0.03562129776065161,0.04743059144283711,0.03936205618083471,0.2468122617484858,0.17672822234005875,0.07202059610818437,0.3820249690459324,0.9999999946269847
Cairo,2020-10-01,13,0.013261401909403446,0.011964488398426953,0.07710003013758414,0.34786028654959333,0.35429298827567923,0.031150108955513917,0.16437067797120944,0.9999999821974105
Cairo,2020-11-01,16,0.04902393741213014,0.03914476958016161,0.03848012857270074,0.3302032779902219,0.2565591764432611,0.031892573577351827,0.25469613383756945,0.9999999974133968
Cairo,2020-12-01,26,0.03992823694940079,0.03213478580941083,0.08918138605076817,0.13690114028913036,0.4041879851944171,0.024918452102261054,0.2727480230745501,1.0000000094699384
Cairo,2021-01-01,15,0.04199502716461813,0.06688721277751025,0.029114380370204602,0.15089167720482993,0.34865929745137686,0.09880018681287762,0.2636522220447659,1.0000000038261834
Cairo,2021-02-01,18,0.0518741431652516,0.11155264507073698,0.04885887612342933,0.2006664200469256,0.3197372126806941,0.03564460574287088,0.23166607863580183,0.9999999814657102
Cairo,2021-03-01,5,0.09070157520472998,0.1977009268477559,0.040695100836455764,0.08070274703204626,0.4122471287846565,0.08091145977377888,0.09704108014702793,1.0000000186264513
Cairo,2021-04-01,25,0.05019881359301503,0.10841417178511614,0.02008155169431116,0.36416498861508445,0.340812593922019,0.032739807683974456,0.08358807254116979,0.99999999983469
Cairo,2021-05-01,21,0.016729940405292833,0.06901797709897865,0.05767874084024995,0.3680779418597619,0.26376429257825723,0.06117166936885383,0.16355943306448997,0.9999999952158845
Cairo,2021-06-01,15,0.02723931781947607,0.10133034029665088,0.08887301508026814,0.29448011826413373,0.2548277003069718,0.05295484224334354,0.1802946549840271,0.9999999889948714
Cairo,2021-07-01,18,0.032312561143448326,0.05743493629334903,0.14776612229050237,0.2532094076418111,0.21978588433315352,0.14832179842051113,0.14116929921632007,1.0000000093390955
Cairo,2021-08-01,15,0.03268444654531772,0.12348115815160171,0.14101512070434785,0.24672662413989502,0.30212535662576556,0.06535112541168923,0.08861616947688158,1.0000000010554986
Cairo,2021-09-01,19,0.07689839176294438,0.14727403069723788,0.06817167683651568,0.25863357165240136,0.23268185237324546,0.051098521216772455,0.1652419431637482,0.9999999877028654
Cairo,2021-10-01,26,0.03194692374493636,0.06955471873740088,0.04074014490694162,0.15546385368977025,0.3042272329330444,0.14390464853316257,0.25416248931119645,1.0000000118564525
Cairo,2021-11-01,8,0.023975886288098925,0.06120032106991853,0.03975977090885856,0.07058875623624766,0.631329882889986,0.04182141530327495,0.13132396189030254,0.9999999945866873
Cairo,2021-12-01,33,0.020605055590611702,0.07632638512101642,0.0575829700242276,0.19264326731332176,0.3648353048642589,0.11581083854914385,0.17219617778777538,0.9999999992503557
Cairo,2022-01-01,17,0.027647199122892548,0.11921664552680923,0.04575984489501396,0.1867501671727308,0.2965032739345641,0.09383735720835185,0.23028553041684274,1.000000018277205
Cairo,2022-02-01,8,0.03930720163043585,0.14603372773854056,0.04080866355798202,0.1486095644650049,0.4223919794894755,0.12468250235542652,0.07816637371433893,1.0000000129512043
Cairo,2022-03-01,25,0.03740365071687843,0.027896973513998037,0.06765696167945856,0.2125680065155029,0.4274578345194459,0.0322238202579319,0.19479274200275537,0.999999989205971
Cairo,2022-04-01,38,0.07436943898516653,0.09560932334371545,0.059681450218991586,0.21878755481386752,0.3228069131973346,0.047797468705347845,0.18094786198344076,1.0000000112478642
Cairo,2022-05-01,8,0.030517510444042238,0.01809629210038105,0.09986276249401266,0.34869811643147836,0.2750234069535509,0.15629987412830812,0.07150201307376841,0.9999999756255418
Cairo,2022-06-01,7,0.0070929443796297715,0.025227608724630257,0.2621675585063972,0.2836723678878375,0.26378911720322706,0.01518023240246937,0.14287016341196637,0.9999999925161575
Cairo,2022-07-01,15,0.050127917015925005,0.1610354160967593,0.05229078215391682,0.30033222272371246,0.1809429591832061,0.08297186054599777,0.17229884993284938,1.000000007652367
Cairo,2022-08-01,18,0.03024814751309647,0.06493436100815109,0.07679422327782955,0.2574990063375379,0.35670931068145567,0.05790331659631592,0.15591165158225012,1.0000000169966365
Cairo,2022-09-01,5,0.02593726729974144,0.0511095935478806,0.029998251143842903,0.08090255907736714,0.5969876289367676,0.14899911126121876,0.0660655776970088,0.9999999889638272
Cairo,2022-10-01,28,0.032714139079741564,0.08669689146336165,0.029845388697659816,0.20545001476421018,0.34067673209522453,0.09858400949243719,0.20603281381357058,0.9999999894062055
Cairo,2022-11-01,43,0.032263662421068685,0.0774045047501838,0.052368746719832035,0.3335867741315755,0.3176406173598627,0.028018330240102307,0.15871737752553766,1.0000000131481628
Cairo,2022-12-01,21,0.07222874462050159,0.11892050610566951,0.06123901462359793,0.22840295258321838,0.2725926760717162,0.043482475914061014,0.203133641082483,1.0000000110012475
Cairo,2023-01-01,33,0.06054191404925373,0.10465357139367945,0.07965243903031059,0.13761883627298765,0.3208163668486205,0.07269628481078663,0.22402058664539995,0.9999999990510384
Cairo,2023-02-01,17,0.01828804577919923,0.01720306532019197,0.04985269290559427,0.2349123557317344,0.3574079517275095,0.021404749823405407,0.3009311391369385,1.0000000004245733
Cairo,2023-03-01,20,0.009756404679501375,0.01614356512436638,0.04452089369588061,0.40984161468222735,0.3937546372879296,0.024658240389544474,0.10132462806068358,0.9999999839201332
Cairo,2023-04-01,21,0.09282578750779581,0.11905209114220698,0.049284528730259736,0.15149017951695157,0.3472054323092812,0.03714523210545021,0.20299675355532334,1.0000000048672688
Cairo,2023-05-01,27,0.024860712479696456,0.08870268002135191,0.08735469042935783,0.1878908158892213,0.34401884554298934,0.0756712717487028,0.19150097845812084,0.9999999945694404
Cairo,2023-06-01,11,0.007760937537320581,0.00845028265294699,0.01792983058840031,0.4106407448310744,0.3874213990586048,0.09272310434078625,0.0750736866823651,0.9999999856914984
Cairo,2023-07-01,13,0.029043893813370462,0.05800725421151858,0.02535206674096672,0.2478506834640239,0.42075763922184706,0.07134985621087248,0.1476385926541227,0.9999999863167218
Cairo,2023-08-01,46,0.03199196748597462,0.12231580308339879,0.10562556940915424,0.27956964511173754,0.2672553275883926,0.11323591134429946,0.08000578535037393,1.000000009373331
Cairo,2023-09-01,16,0.024160258646588724,0.042190271087747505,0.025876910236547656,0.25336284484365024,0.3609391204081476,0.08349991292925547,0.20997065707342694,0.9999999752253641
Cairo,2023-10-01,13,0.0348405603301496,0.11087150680116159,0.026529242866672516,0.2563717879910165,0.4342317826902637,0.014905483390276194,0.12224962881121493,0.999999992880755
Cairo,2023-11-01,45,0.06440127014389464,0.0699018949228856,0.06554432164023936,0.2483735269039041,0.34422484731508624,0.05842496177388558,0.14912918335758146,1.000000006057477
Cairo,2023-12-01,22,0.05238071738064962,0.07228862320665605,0.038390044948424774,0.22344870462124655,0.3785348874940114,0.03598307278430593,0.19897396515377538,1.0000000155890696
Cairo,2024-01-01,40,0.0178709016181528,0.08989153161091959,0.048794360351166646,0.32171964129083785,0.2646927261492237,0.039587998297065455,0.21744283866137262,0.9999999979787387
Cairo,2024-02-01,17,0.027166584595654346,0.042261588558390246,0.026735835287528178,0.34269917250939586,0.2866742755012477,0.03952398589428729,0.23493856380638828,1.000000006152892
Cairo,2024-03-01,27,0.0199041581923935,0.0523508862652643,0.04165666988572205,0.29026854765187526,0.5023462504872845,0.019393809471727752,0.07407968746567209,1.0000000094199395
Cairo,2024-04-01,45,0.028144511940061158,0.0637982471199292,0.05811395173530193,0.24794415556825694,0.41026564521922004,0.037013191566802515,0.15472029868720302,1.0000000018367747
Cairo,2024-05-01,28,0.025358705997600036,0.07358264546408978,0.03223495640018617,0.29643560146775727,0.2979367450045954,0.04550612353237475,0.22894522327780056,1.000000001144404
Cairo,2024-06-01,7,0.023144517958696344,0.049574452053223285,0.03958044879670647,0.12254795052909424,0.5433177181652613,0.06953194012333234,0.1523029888713998,1.0000000164977139
Cairo,2024-07-01,26,0.05808995528674968,0.060904608522273126,0.029260728703005764,0.1765980770399507,0.402956852546105,0.06978152462621573,0.2024082389230338,0.9999999856473339
Cairo,2024-08-01,37,0.022487881152915744,0.08294269638576515,0.029313283950417587,0.2334614960552268,0.35713976119468743,0.0871374584117753,0.18751742050831985,0.999999997659108
Cairo,2024-09-01,11,0.009229993643450745,0.08262344517491077,0.016491865527562054,0.10387512535618781,0.4069998318075456,0.19942572173154485,0.18135400311174713,0.999999986352949
Cairo,2024-10-01,24,0.020780492263535604,0.03406243122299197,0.08529085887615408,0.19440441456390542,0.39212310857449967,0.09979544735203183,0.17354325833730397,1.0000000111904224
Cairo,2024-11-01,52,0.030599853825361345,0.05583434209312631,0.05180800363674414,0.31307498545412754,0.35863314495565224,0.06488497960470756,0.1251646838500164,0.9999999934197354
Cairo,2024-12-01,45,0.05790629877657108,0.10814777879665291,0.05102386627242792,0.21768800821414006,0.3442032874665326,0.10798556951081581,0.11304519320062047,1.0000000022377609
Dubai,2019-02-01,89,0.020662455075927913,0.030410786683205474,0.04449820669048744,0.37546527949475755,0.2852296184099624,0.05548576733327644,0.18824789136271458,1.0000000050503317
Dubai,2019-03-01,101,0.01837970183339278,0.028785869218685645,0.040096636520961425,0.29920236702252284,0.32654902503576755,0.0447636916092366,0.24222271271640117,1.000000003956968
Dubai,2019-04-01,33,0.02113282708556979,0.07828840537077857,0.021253454379003563,0.39219264984906954,0.2629122856270634,0.03385169253063694,0.19036867449793848,0.9999999893400602
Dubai,2019-05-01,77,0.01754952657683566,0.01940650609662062,0.015047214057465794,0.46325278931369934,0.26086400220678607,0.033279225907542447,0.1906007347815948,0.9999999989405447
Dubai,2019-06-01,133,0.021517391672841033,0.035372003299994625,0.03422209094527971,0.30287797470521044,0.3399589323487721,0.03132061607246388,0.23473098605549086,0.9999999951000527
Dubai,2019-07-01,36,0.016194222874926455,0.017743298680418018,0.018915279721517783,0.2862101516544094,0.2902839868588166,0.09939876878181365,0.27125429274100393,1.0000000013129058
Dubai,2019-08-01,20,0.02382909783627832,0.017208242585184004,0.03542934983270237,0.29049392952583725,0.36592651833780104,0.016625717311399005,0.25048713180003684,0.9999999872292389
Dubai,2019-12-01,7,0.004452080798468371,0.005223341410913057,0.0355652136329029,0.4189593249133655,0.18208875680076222,0.007319297441946571,0.3463919660342591,0.9999999810326177
Dubai,2020-01-01,33,0.021943231236725765,0.030169167945683518,0.041277202555317055,0.36379333613722614,0.3028254694813354,0.05088453763164574,0.18910706026310267,1.0000000052510363
Dubai,2020-02-01,40,0.029814888404507606,0.03386494035294158,0.009185255807824384,0.3858015213976614,0.28552488001296294,0.10983837980893436,0.14597013368038456,0.9999999994652169
Dubai,2020-03-01,198,0.02060480970969287,0.026506042356498147,0.026644025599575703,0.3848836781678138,0.3166495006886602,0.04616774024260743,0.1785442038037052,1.0000000005685534
Dubai,2020-04-01,18,0.01842331056508955,0.06712095981735422,0.053533456905926015,0.33757525648818243,0.31835483071497744,0.021592844917904544,0.1833993503047774,1.0000000097142117
Dubai,2020-05-01,6,0.024187428333486066,0.014690401866876784,0.00847140893650545,0.2049681045270214,0.3880867645687734,0.005648235441185483,0.35394764101753623,0.9999999846913847
Dubai,2020-06-01,5,0.0072254884289577204,0.02083189405966544,0.016009772662073322,0.34149783402681344,0.24901958033442498,0.13281500451266762,0.23260041270405055,0.999999986728653
Dubai,2020-07-01,12,0.019103064308486215,0.04838942550122732,0.06212634703842918,0.195829938010623,0.45468093307378393,0.03401151540068285,0.18585879491486892,1.0000000182481015
Dubai,2020-08-01,25,0.029590834639966444,0.018191894985502527,0.03749346317374142,0.436964402962476,0.21839635740965602,0.021131484396755638,0.23823154773563143,0.9999999853037296
Dubai,2020-09-01,29,0.018348723930981085,0.012157620468722806,0.009249022499465425,0.33402752152901016,0.40378655339109487,0.038590686098704516,0.18383986335890043,0.9999999912768793
Dubai,2020-10-01,34,0.01769004649523751,0.01945734372951415,0.021483818483401928,0.3748126899385277,0.3469732509213774,0.023209856347153467,0.19637299739920036,1.0000000033144125
Dubai,2020-11-01,37,0.0484102016780525,0.01570878636148577,0.020137820968630912,0.2993788135716238,0.31458469097678726,0.10487000928008672,0.1969096719765582,0.9999999948132252
Dubai,2020-12-01,45,0.013301069978883232,0.015246349495525117,0.036475907436882414,0.4301234961590833,0.24389865922017226,0.043633658221612324,0.21732085762131542,0.9999999981334742
Dubai,2021-01-01,70,0.01720751648535947,0.026386348361432107,0.03736511437870956,0.3363373619429434,0.28133006426173124,0.04384679993215412,0.2575267843369926,0.9999999896993225
Dubai,2021-02-01,58,0.02013547028161998,0.019036327646282485,0.017671120076556638,0.38959143419974834,0.32147741400845475,0.04396202798997015,0.18812619926456103,0.9999999934671935
Dubai,2021-03-01,39,0.016847126130671315,0.03812522635995167,0.027051182577195413,0.36679965072872645,0.32276155498738474,0.061552142043812874,0.16686312598474798,1.0000000088124905
Dubai,2021-04-01,64,0.013345965430744348,0.035903415924622054,0.043875078123164664,0.43599754966089677,0.2033455644996138,0.08965116504805333,0.17788125927472717,0.9999999979618223
Dubai,2021-05-01,38,0.015624042765825552,0.031668240886095766,0.0332059677733157,0.4551812505263737,0.2814780741586889,0.07623947991707701,0.10660293879060952,0.9999999948179862
Dubai,2021-06-01,33,0.026816555819205997,0.03075006471551723,0.02712423961334435,0.29438806147399266,0.2637145197809194,0.04366151661132317,0.3135450374137497,0.9999999954280526
Dubai,2021-07-01,19,0.036283605578845614,0.06623191737851712,0.08917409545545903,0.29650648312005945,0.2132053887471556,0.11400842227924023,0.1845900889633125,1.0000000015225896
Dubai,2021-08-01,35,0.017246699422996968,0.02783059973402743,0.04332727802684526,0.24701292413686,0.3095090843737125,0.045655253270108734,0.3094181563838252,0.9999999953483761
Dubai,2021-09-01,17,0.01086317050024206,0.02424466199762018,0.043739043319981276,0.3690526187967728,0.2684761623249334,0.08773174839477761,0.1958925932207528,0.99999999855508
Dubai,2021-10-01,13,0.009772770554543623,0.007991155940824354,0.011262729217728109,0.3752703564062428,0.3028135345532344,0.013346873743172968,0.2795425923182987,1.000000012734045
Dubai,2021-11-01,32,0.02816366725164694,0.02674134554945336,0.05119514959096701,0.3706626428647723,0.28582304298470257,0.07180575661550388,0.1656083987327292,1.0000000035897754
Dubai,2021-12-01,53,0.01040389840842553,0.014228634902535234,0.07953593651829985,0.40324824305145807,0.3165587164848199,0.02297627260987555,0.1530482936474793,0.9999999956228934
Dubai,2022-01-01,20,0.012224619556218334,0.07213513214956033,0.058850253230775654,0.22900140350684522,0.39221001388505095,0.07179165125126016,0.16378693568985905,1.0000000092695698
Dubai,2022-02-01,28,0.011191522956193783,0.025496431734479397,0.018748227873792093,0.3914412047514425,0.2742953397267099,0.05606254777272359,0.22276473160932903,1.0000000064246701
Dubai,2022-03-01,33,0.016541960836162342,0.025533183304959798,0.01771336686479939,0.4537808846287203,0.3068051419827635,0.02846060628706415,0.1511648559209072,0.9999999998253768
Dubai,2022-04-01,51,0.014890376873332596,0.030901589325866532,0.0370687982695195,0.3513222537825213,0.3385261610132076,0.04701740974697335,0.18027341688124862,1.0000000058926695
Dubai,2022-05-01,91,0.014090962127838644,0.02598717909019722,0.025951226553713333,0.3464771953282192,0.318534720909096,0.0381381994875782,0.23082051289800018,0.9999999963946428
Dubai,2022-06-01,61,0.013931350383647963,0.02613545521773148,0.013883089836587563,0.4709741091432019,0.25241922439442427,0.017858920870806788,0.20479783900158446,0.9999999888479845
Dubai,2022-07-01,29,0.011060406447885956,0.09955139442925048,0.024832726758804345,0.43687143309065946,0.25993377455221167,0.06515527736186848,0.10259499818343537,1.0000000108241156
Dubai,2022-08-01,13,0.02014936995692546,0.05259045325398726,0.037981231329747664,0.2669573563930148,0.2594484296770623,0.014702023248761277,0.34817113587632775,0.9999999997358265
Dubai,2022-09-01,31,0.027055297720982006,0.07753791026921278,0.07358973528138328,0.309249150908492,0.3001980516278455,0.04531511737995086,0.16705473544706978,0.9999999986349362
Dubai,2022-10-01,37,0.014892275580456684,0.03417768468765688,0.060007714781268276,0.32583773531951005,0.26572524907218437,0.057044588136360805,0.24231474923372667,0.9999999968111638
Dubai,2022-11-01,50,0.03193276041303757,0.05662301764823493,0.04453736586961891,0.32323394567240027,0.29144463804550463,0.06293770149582992,0.18929057533387092,1.0000000044784971
Dubai,2022-12-01,46,0.03058853189450805,0.04996357953401136,0.03435459513338683,0.23389021075411656,0.4062540720662345,0.1043661189285795,0.14058287974204053,0.9999999880528773
Dubai,2023-01-01,58,0.012403816437340646,0.02215428133886543,0.019032045004082444,0.4860936091161044,0.2786546554496704,0.05041886748874491,0.13124272200391335,0.9999999968387216
Dubai,2023-02-01,54,0.012342877417621667,0.032263339503616456,0.016373029202373688,0.5114472846552316,0.2596963893587666,0.06563006300927583,0.10224702782256319,1.0000000109694491
Dubai,2023-03-01,72,0.026092131065929048,0.03033976030160875,0.026915787869155647,0.3905087151716644,0.3079064599134856,0.04070746915143289,0.17752967759669339,1.0000000010699697
Dubai,2023-04-01,33,0.01562924113011716,0.10629387311355179,0.013720460826968449,0.31565421877894545,0.37483876411605516,0.0584993413649499,0.11536409695999636,0.9999999962905843
Dubai,2023-05-01,41,0.04427726861237112,0.03037113284553032,0.015245733969339419,0.4129716702907278,0.3309610629022666,0.0781569256867486,0.08801620742362896,1.0000000017306128
Dubai,2023-06-01,32,0.02469663554074936,0.01159885131619371,0.035478534822686876,0.3643145049136364,0.25538582305307495,0.06012648859905307,0.24839915584016123,0.9999999940855557
Dubai,2023-07-01,29,0.04210894554452002,0.04135028659647068,0.058331599796255046,0.3686011914376587,0.26433529555476426,0.048502256917157004,0.17677041974143476,0.9999999955882604
Dubai,2023-08-01,47,0.02754683085429933,0.039641741166594684,0.03571611659432896,0.2837354497379682,0.31811679850154095,0.056058484649761195,0.23918457523463885,0.9999999967391322
Dubai,2023-09-01,33,0.022936500697114427,0.02675373553277243,0.04549065872208409,0.40620556816628034,0.3076502223019347,0.049751033703090974,0.14121227580207313,0.9999999949253502
Dubai,2023-10-01,51,0.02447262857858014,0.04924271715572098,0.03132358480212913,0.33442557821342467,0.2901115638623927,0.0549816352351769,0.21544229091309447,0.9999999987605188
Dubai,2023-11-01,51,0.03421837003107233,0.06798953922949362,0.05912972771329801,0.2991329535394541,0.30623017160185406,0.06577257207804811,0.16752666786915674,1.000000002062377
Dubai,2023-12-01,30,0.02250192199911296,0.030321817426010915,0.00908940211714551,0.4693511739101571,0.28665334309140833,0.07135217600346849,0.11073017587574815,1.0000000104230515
Dubai,2024-01-01,30,0.05146904917977125,0.030333204352064012,0.02645755355382179,0.32235616476585466,0.3134476348136862,0.06714317088092982,0.1887932195405786,0.9999999970867063
Dubai,2024-02-01,56,0.016252823383963087,0.05554244449792476,0.021576031556053563,0.35354001514497213,0.27604487826465623,0.09048356883327605,0.18656023567018562,0.9999999973510315
Dubai,2024-03-01,63,0.0424051325886495,0.0727803103075111,0.04332360768199169,0.3152468095437461,0.29850831124950045,0.053525624852183984,0.17421021267017792,1.0000000088937608
Dubai,2024-04-01,37,0.021007793316793755,0.037018554623402304,0.023962819420990513,0.4876524231339981,0.20926061373304672,0.09106994237801107,0.13002787303884283,1.0000000196450853
Dubai,2024-05-01,56,0.027524177714699966,0.04167229198667748,0.04613509547717898,0.33853309477230403,0.2714609539502167,0.05120668502682483,0.22346770518509268,1.0000000041129946
Dubai,2024-06-01,29,0.016454236774608957,0.03212237269978901,0.03037258301026601,0.3921346115510396,0.2910046139410857,0.039949615397651086,0.19796195558818244,0.9999999889626228
Dubai,2024-07-01,18,0.033757960792475644,0.02553765489978503,0.04552997582100535,0.39756412082351744,0.298325592962404,0.03892975991281364,0.16035494953393933,1.0000000147459405
Dubai,2024-08-01,30,0.055238584933492,0.09328656311457352,0.0356259711630021,0.2611551877014183,0.28699043813782427,0.06525356173515315,0.20244970637140788,1.0000000131568711
Dubai,2024-09-01,53,0.025788055736140996,0.036438083912592935,0.04104422711007257,0.3545125773448919,0.30729426315300307,0.02383949450340187,0.21108328912161148,0.9999999908817147
Dubai,2024-10-01,67,0.028458593958821936,0.031818681588542334,0.044959267590076735,0.34490232647973484,0.32982965779782675,0.026099864002525647,0.1939316032864431,0.9999999947039713
Dubai,2024-11-01,40,0.014355902888928485,0.014563593016646285,0.06355903732910514,0.3759129100013524,0.33695847181370475,0.03484709937474686,0.15980297658825288,0.9999999910127368
Marrakech,2019-01-01,10,0.02311520103830839,0.05446484184358265,0.008603833103552418,0.32791684998665005,0.25670755598694084,0.14810560061596328,0.18108612075448033,1.000000003329478
Marrakech,2019-02-01,41,0.028573173898976345,0.04538097913467842,0.016551295661640004,0.40942481266073427,0.32766767653136897,0.08691303139529755,0.08548903093877722,1.0000000002214728
Marrakech,2019-03-01,109,0.015430808110576962,0.03906503555721625,0.020578221652663157,0.4725511299164265,0.2473986169148168,0.09389334462835115,0.11108284997711075,1.0000000067571617
Marrakech,2019-04-01,151,0.030203662534392335,0.06676625795504351,0.044754956614739515,0.3352015005588062,0.3312315707039458,0.07461306959658931,0.11722898275039419,1.000000000713911
Marrakech,2019-05-01,154,0.028633999116658242,0.049394748906919375,0.0342070352096736,0.37492549272220843,0.29774473159908094,0.11164051511660576,0.10345348115033744,1.0000000038214838
Marrakech,2019-06-01,23,0.03913666734360559,0.058736162093144015,0.019742708924003715,0.4338183752058641,0.2698265050902314,0.08463801105466222,0.09410156139537039,0.9999999911068814
Marrakech,2019-07-01,12,0.023375990887870953,0.06586252335303769,0.038080065782802756,0.17343574723539246,0.41450828593224287,0.10293605322173481,0.18180134333670137,1.000000009749783
Marrakech,2020-01-01,46,0.025905855499845674,0.05642932630650208,0.0298220690266411,0.3365434886401762,0.26303955584602506,0.17346231924855834,0.1147973842706288,0.9999999988383772
Marrakech,2020-02-01,213,0.03108441340573075,0.055283021387324875,0.03973113895233218,0.3627085686924194,0.330754026332258,0.08020049619637075,0.10023833437333045,0.9999999993397664
Marrakech,2020-03-01,87,0.027394241700885537,0.045209996807041006,0.059830864979724896,0.39924387045668963,0.31117710727936015,0.09486290718691055,0.06228101712814796,1.0000000055387597
Marrakech,2020-04-01,9,0.05483130664409444,0.03417306722904964,0.0775743301556859,0.3828262663446366,0.2837341637091918,0.05506389968407647,0.11179696685738029,1.0000000006241152
Marrakech,2020-05-01,2,0.02063013892620795,0.0181258735246956,0.3330494801048189,0.0054612203966826,0.13660478964447975,0.01450775889679785,0.4716207776218653,1.000000039115548
Marrakech,2020-06-01,5,0.031041282415389938,0.05026976577937601,0.046949926204979384,0.18307860493659972,0.28225998878479003,0.23398152552545065,0.17241888642311093,0.9999999800696966
Marrakech,2020-07-01,4,0.01090604490309485,0.07803902364685195,0.012951805576449225,0.5339301717467606,0.30110085790511215,0.0173647157498635,0.04570741602219638,1.0000000355503287
Marrakech,2020-09-01,2,0.013518918771296701,0.0066693520639091,0.045274931064341196,0.4577772784978151,0.32388483360409737,0.0429939527530223,0.1098806727677583,0.99999993952224
Marrakech,2020-10-01,1,0.2366943359375,0.3025146126747131,0.1056108549237251,0.0062758899293839,0.2617942988872528,0.051335122436285,0.0357749126851558,1.0000000274740157
Marrakech,2020-11-01,2,0.0022784165339544,0.00329106638673685,0.0019164755940437,0.9099931716918945,0.0584402438253164,0.008649877738207499,0.0154307428747415,0.999999994644895
Marrakech,2020-12-01,4,0.06155962115735743,0.09784357334137891,0.013810502270644,0.5098708618897945,0.24984168203081933,0.0465924150194041,0.0204813867458142,1.0000000424552125
Marrakech,2021-01-01,2,0.04803755413740865,0.33852752763777966,0.0109497918747365,0.1600045934319496,0.3138227500021457,0.01936971582472315,0.10928803682327265,0.9999999697320159
Marrakech,2021-02-01,5,0.01460807751864188,0.0166933139786124,0.015581504069268639,0.40293942466378213,0.2545146262273192,0.2086740219965577,0.08698904141783712,1.000000009872019
Marrakech,2021-03-01,3,0.006311131718878866,0.0031173181487247,0.012747589886809333,0.43482185651858646,0.2791044637560844,0.0170380425018568,0.246859610080719,1.0000000126116595
Marrakech,2021-05-01,3,0.014781176423033034,0.024448829858253366,0.018901439344820834,0.2048870474100113,0.45764902234077454,0.16057509090751407,0.11875739693641656,1.0000000032208238
Marrakech,2021-06-01,3,0.015454658617575901,0.0134320704576869,0.01846793402607237,0.2641836392382781,0.3911529916028182,0.031200837809592433,0.2661078454305728,0.9999999771825967
Marrakech,2021-07-01,4,0.010424645908642526,0.22949687880463895,0.017971706954995125,0.44880813063355157,0.06587801687419409,0.007578794262371925,0.21984185092151162,1.0000000243599059
Marrakech,2021-08-01,17,0.02448643569368864,0.023883763276150067,0.04072376620024438,0.38712506845374317,0.3662861854604938,0.05129684721503183,0.10619791643694039,0.9999999827362923
Marrakech,2021-09-01,14,0.016342503476023083,0.04611242910946848,0.038257733074715326,0.41749186970160473,0.26461966994351566,0.09433145270616346,0.12284433163170298,0.9999999896431938
Marrakech,2021-10-01,25,0.08442275170236822,0.0322093874122947,0.024815127451438407,0.406174294212833,0.2416753404214978,0.1205021074600517,0.09020100519526747,1.0000000138557512
Marrakech,2021-11-01,15,0.02299952867130434,0.05774496164328102,0.05129180125271276,0.20488409753888842,0.3914804832388957,0.061826081558441076,0.20977305369451635,1.0000000075980398
Marrakech,2021-12-01,10,0.022026857919990973,0.0469486856134608,0.048424451239406995,0.4010248739272356,0.3604276509955525,0.04597597992978987,0.07517148498445744,0.9999999846098943
Marrakech,2022-01-01,1,0.0059518706984817,0.0016391976969316,0.0045111761428415,0.1644167006015777,0.0483990237116813,0.0051915836520493,0.7698904871940613,1.0000000396976243
Marrakech,2022-02-01,6,0.046371343700836044,0.029144593863747986,0.0185641147739564,0.14436766474197305,0.4755357876420021,0.03315980546176428,0.25285669928416604,1.000000009468446
Marrakech,2022-03-01,28,0.018825531533885973,0.08269936270413117,0.039883148329473775,0.34701588393987287,0.29334260629756104,0.09675481750829408,0.12147865653969343,1.0000000068529122
Marrakech,2022-04-01,54,0.03887341066082522,0.08983891626876016,0.0531520370460822,0.32424311681986884,0.2548984114718796,0.11676169311222442,0.12223241792957261,1.000000003309213
Marrakech,2022-05-01,37,0.0630488329814004,0.10395218025597211,0.06789113235395598,0.3419056507330891,0.24170369746138312,0.09102761590651963,0.09047087771515987,0.9999999874074801
Marrakech,2022-06-01,27,0.012052536181053453,0.051525186904688755,0.016270302020496185,0.5543581746967027,0.20754047897989272,0.07898658617503108,0.07926673543665347,1.0000000003945184
Marrakech,2022-07-01,27,0.019250959735708603,0.06606855897094911,0.12088735989312188,0.34139020055428976,0.27378605373410714,0.11476157923849915,0.06385528880464666,1.0000000009313224
Marrakech,2022-08-01,36,0.035785884547900985,0.09473654444122476,0.09461375661097307,0.28629384402948843,0.2982027969491254,0.09823194975292099,0.09213522729179299,1.0000000036234267
Marrakech,2022-09-01,31,0.038605702657913445,0.04923853859861166,0.07508294118170232,0.2830569757666859,0.2998498913141028,0.13717336943673508,0.11699257216100849,0.9999999911167596
Marrakech,2022-10-01,76,0.032986337704259204,0.08589728879604461,0.048997198163353996,0.3165963943266481,0.3483446203539834,0.0769160549787461,0.09026210062591795,0.9999999949489534
Marrakech,2022-11-01,65,0.02549949212519161,0.08127921097777563,0.056642218683219406,0.2577958724819696,0.3848245720235774,0.07655388519991757,0.1174047521763266,1.0000000036679777
Marrakech,2022-12-01,41,0.02592748108109818,0.050847295169127935,0.06713180735042859,0.32822706071637203,0.27985853592797016,0.11452848487533626,0.13347932938259183,0.999999994502925
Marrakech,2023-01-01,42,0.04557210694821103,0.05787809534757836,0.08864204438785753,0.3296123088234924,0.2548357503144957,0.13281153595086095,0.09064815315235002,0.9999999949248459
Marrakech,2023-02-01,23,0.02785250284891247,0.07666835308064825,0.10870292493769815,0.2770907704202134,0.32864694674904255,0.10418582537575903,0.07685264065841452,0.9999999640706883
Marrakech,2023-03-01,30,0.08550321426203779,0.05288391681970092,0.07021990984018575,0.3191391947756832,0.33587423578525577,0.08164148211168741,0.05473804615127539,0.9999999997458263
Marrakech,2023-04-01,52,0.042134084717522766,0.06625099560411535,0.03788857009707355,0.3364532842265012,0.269127890740772,0.13391906145709348,0.11422611825177084,1.0000000050948492
Marrakech,2023-05-01,52,0.03132337626951849,0.06342279977756189,0.05622098964914372,0.3589139430662796,0.3038764027744316,0.105501966295728,0.0807405262558649,1.0000000040885282
Marrakech,2023-06-01,23,0.022166887579141547,0.02448079371369318,0.09177083531192136,0.3588793143053013,0.34605839469915495,0.0760922162165946,0.08055156030003786,1.0000000021258448
Marrakech,2023-07-01,43,0.04385194479390367,0.07948059246802243,0.047985357844249066,0.3517605851168831,0.30042549622310105,0.0668050808247265,0.10969095367418467,1.0000000109450704
Marrakech,2023-08-01,63,0.04873721565799931,0.08105266863103242,0.06514424914013708,0.26560538101711284,0.29414543696671785,0.1051492883106841,0.14016574858004102,0.9999999883037246
Marrakech,2023-09-01,37,0.04542376767888006,0.12760711342058567,0.053234822560428934,0.1804031872778904,0.3609892687684781,0.12221407961427556,0.11012775554145508,0.9999999948619938
Marrakech,2023-10-01,40,0.025571419039624694,0.09809582514862991,0.05075321507320037,0.2384248144284356,0.3409751150931697,0.14910743910877494,0.09707218455732797,1.000000012449163
Marrakech,2023-11-01,24,0.010809138994469876,0.03704566953335108,0.046073364937910775,0.27413559481889627,0.3624154079395036,0.1835575529451792,0.08596327718502528,1.0000000063543362
Marrakech,2023-12-01,53,0.05797859129302621,0.10885604998461441,0.039595726646816765,0.2678842335447388,0.32512336444847706,0.09223320715586247,0.10832882272782467,0.9999999958013603
Marrakech,2024-01-01,48,0.021366304308078978,0.07093780569145257,0.05856954593279317,0.32243382023201167,0.28353654143090046,0.12619212580223874,0.11696384708920955,0.9999999904866852
Marrakech,2024-02-01,45,0.0661520855553034,0.090457668983274,0.059417091564844406,0.25276232512357333,0.35061343424022196,0.08498886915751624,0.09560851347374001,0.9999999880984733
Marrakech,2024-03-01,63,0.07489695249398841,0.06056596885808547,0.07821319514787604,0.3178270305857978,0.2922612426152068,0.10170347870896669,0.07453214025701435,1.0000000086669356
Marrakech,2024-04-01,98,0.0491618479326443,0.07439719466967692,0.06792974711231864,0.2528955045403266,0.3174809342943968,0.11455182596204835,0.12358294325115687,0.9999999977625684
Marrakech,2024-05-01,73,0.03759646424162516,0.054013443212917865,0.07595562136593295,0.2799464141398234,0.3673524946892915,0.09666458789533484,0.08847097539636367,1.0000000009412893
Marrakech,2024-06-01,36,0.02298373011419441,0.09170896905804203,0.030103153950929242,0.1782586900355656,0.421518033137545,0.1454988391924416,0.10992857057135548,0.9999999860600735
Marrakech,2024-07-01,27,0.06285568736321118,0.033346833223563195,0.05539804302733732,0.37106527719232774,0.2559372715100094,0.14500393566709974,0.07639294623880194,0.9999999942223505
Marrakech,2024-08-01,40,0.04524586122133765,0.10788093917653892,0.06793198244631635,0.30782913512666704,0.32356651464942837,0.05844158563995729,0.08910399242886338,1.000000010689109
Marrakech,2024-09-01,22,0.08008471647785463,0.08183520424857055,0.06700433882360807,0.2591670417089269,0.15573922303420573,0.21014009515585544,0.14602937485853376,0.999999994307555
Marrakech,2024-10-01,52,0.036652086002644683,0.09992902257139433,0.03281167281014715,0.2846129183375384,0.33984526516332364,0.11108195732455124,0.09506707291494906,0.9999999951245486
Marrakech,2024-11-01,23,0.046268120921804004,0.0486318255298892,0.023009428810125732,0.3447714304531236,0.3598801958091233,0.09292543242159093,0.08451357023264075,1.0000000041782975
Marrakech,2024-12-01,24,0.1159671987649441,0.1951185553334653,0.0881435768557518,0.0781557443478959,0.3295089226060857,0.12351272381298861,0.06959329269981628,1.0000000144209478
Miami,2019-01-01,44,0.038648197518672156,0.05705678565110159,0.038690670763158234,0.46469805680416437,0.20190386858832257,0.09198438377246596,0.10701802790175527,0.9999999909996402
Miami,2019-02-01,88,0.03227659645463886,0.051904226203822075,0.038633571972406355,0.45026838087968907,0.29413588360396464,0.05382220386077687,0.07895913089636117,0.999999993871659
Miami,2019-03-01,95,0.027170009568554157,0.034686243464545255,0.03884850463241726,0.3583775957360079,0.3658816932676066,0.09513810726715935,0.0798978417229495,0.99999999565924
Miami,2019-04-01,71,0.036550435981168826,0.03141828304038602,0.04655210965216273,0.4004460230787796,0.3304992759023124,0.06997041685939565,0.08456345232741404,0.9999999968416191
Miami,2019-05-01,43,0.01391767762428102,0.0539023256982503,0.018261402291733026,0.41217401143377325,0.322175198651547,0.052809027467616024,0.1267603503128643,0.999999993480065
Miami,2019-06-01,28,0.011563496418862678,0.0210346385512301,0.04101864385717941,0.5788222175906412,0.20058786671143022,0.036929850171353355,0.11004327567726635,0.9999999889779633
Miami,2019-07-01,66,0.02702654774695856,0.06132655372670283,0.04860457033844956,0.3527134948879283,0.3467158386977672,0.04261246085992417,0.1210005310713313,0.9999999973290619
Miami,2019-08-01,59,0.06418423060923652,0.040507730599729515,0.022257397309936124,0.39629851508554137,0.2977559034854679,0.06703458907343127,0.11196163599773985,1.0000000021610824
Miami,2019-09-01,36,0.021375784766860265,0.02697140252308191,0.05508708946823992,0.39546659180066646,0.3254467536527146,0.026558422622555405,0.14909396068348235,1.0000000055176008
Miami,2019-10-01,12,0.00939772575899645,0.012046678277935458,0.008821650354851308,0.4890908035837735,0.2568443531636148,0.010103129025082975,0.21369562845211473,0.9999999686163693
Miami,2019-11-01,18,0.014323493252353072,0.023752869384932387,0.034775087263874876,0.42516087086146903,0.23591790793256623,0.023785107264605605,0.24228465766645962,0.9999999936262609
Miami,2019-12-01,17,0.012537458575988035,0.033070957247058205,0.023361776873250178,0.4142044649514205,0.26351715076495613,0.12937359467340517,0.1239346135407686,1.0000000166268468
Miami,2020-01-01,65,0.013737261882768177,0.034206542947616096,0.059102298147850986,0.4249588441479808,0.32925363731069063,0.05329224386503198,0.08544916629146494,0.9999999945934036
Miami,2020-02-01,126,0.024667852603930136,0.04740511227190297,0.042400534190597805,0.4196317128237477,0.29747800023058457,0.06897512266489983,0.09944166066235903,0.9999999954480221
Miami,2020-03-01,114,0.012932881526036237,0.02073746607633785,0.01262778929141631,0.4420905384130923,0.31791631943186777,0.06111936000065482,0.1325756448837765,0.9999999996231816
Miami,2020-04-01,5,0.00493355460930612,0.012460053758695659,0.00344730520155274,0.724471777305007,0.220618624985218,0.006844911724328939,0.027223778050392822,1.0000000056345013
Miami,2020-05-01,10,0.10576066172216085,0.116003036359325,0.02368172957794736,0.19178967383340928,0.36138339024037125,0.15317798699252305,0.04820348983630535,0.9999999685620422
Miami,2020-06-01,12,0.01877953847482175,0.046905731995745194,0.014626401204926207,0.24635913917639599,0.4727411326020956,0.06909542932407926,0.13149262064447,0.9999999934225341
Miami,2020-07-01,10,0.0079422279959544,0.03253531949594613,0.00726195495226418,0.5296229780651629,0.2802656084299087,0.10283896513283249,0.039532940206117875,0.9999999942781866
Miami,2020-08-01,4,0.0470060265215579,0.11993810199783181,0.0053220661502564,0.46045179251814256,0.29924172675237054,0.044904287555254926,0.023135990835726226,0.9999999923311403
Miami,2020-09-01,11,0.02916547359729351,0.12151297344826158,0.1081587118837474,0.22220708472146225,0.3730953066525134,0.10212071184915571,0.04373973387886173,0.9999999960312955
Miami,2020-10-01,5,0.01099935795646154,0.004540667170658661,0.031257810490205824,0.7574017949402332,0.16992884613573547,0.01169523929711426,0.01417633043602104,1.0000000464264298
Miami,2020-11-01,10,0.03249701275490219,0.38462579297483895,0.00502347160363565,0.3864779546565842,0.15952962776646012,0.010688509978353921,0.02115764755289997,1.000000017287675
Miami,2020-12-01,13,0.041887678734313365,0.01992270795520962,0.04753437435899213,0.30596613912628245,0.31713915530305636,0.10924866165106108,0.15830129779015592,1.0000000149190709
Miami,2021-01-01,22,0.014269100290469105,0.04328985885579389,0.035933191312572194,0.466306854409843,0.23284900067797434,0.07554654096549542,0.13180543308738954,0.9999999795995375
Miami,2021-02-01,34,0.009565360827015335,0.015664917194311838,0.017947070041212536,0.4790406109395382,0.27030535376466375,0.10912612802349027,0.09835056470268785,1.00000000549292
Miami,2021-03-01,40,0.023050165796303135,0.07094980466208649,0.010346190765267188,0.3663667190819978,0.3215514499112032,0.029220874432939987,0.1785147908783983,0.9999999955281961
Miami,2021-04-01,42,0.01641236197264373,0.07585265334013712,0.033164675175655765,0.36969272992462804,0.34646191365928164,0.04937335315792418,0.10904231756631769,1.0000000047965882
Miami,2021-05-01,28,0.015108831334925606,0.054057221414820646,0.11269501134042258,0.4452480300637295,0.16459669457149823,0.10875462737333556,0.09953957460155441,0.9999999907002866
Miami,2021-06-01,27,0.01533412418535181,0.024815660284797578,0.011469044295760442,0.43558751217400027,0.29240324913903515,0.08602726431046091,0.13436317066144607,1.0000000250508523
Miami,2021-07-01,25,0.08116057438543063,0.12237767764716406,0.0411840367375407,0.2759596520545892,0.3043459135666489,0.130544112608768,0.044428031679708456,0.99999999867985
Miami,2021-08-01,25,0.028585177576169327,0.05236590968444939,0.007444800112862093,0.451630645650439,0.2887369332462549,0.09998578581959006,0.07125073771923775,0.9999999898090024
Miami,2021-09-01,24,0.05460676515940572,0.12820312007776613,0.05012438882355729,0.30916004189930385,0.18608006943638122,0.20167229955162227,0.0701533298148812,1.0000000147629176
Miami,2021-10-01,13,0.03573207149747754,0.1666284970974979,0.03138587281752661,0.14137579852831547,0.3285127415930709,0.13050425706359625,0.1658607650449714,1.0000000036424561
Miami,2021-11-01,10,0.00934911340009415,0.030787863722071006,0.029207845008932004,0.26420869841240346,0.3837931457906961,0.0870018580462783,0.19565147380344566,0.9999999981839207
Miami,2021-12-01,20,0.047571406105998866,0.07732793189352374,0.1304754951910581,0.240813544858247,0.27073033628403204,0.07662855794769707,0.15645272620022294,0.9999999984807797
Miami,2022-01-01,22,0.027658063394483137,0.06379530952968207,0.03760627364549273,0.3671982462084005,0.3660103823481636,0.05765630329154765,0.08007543917152687,1.0000000175892967
Miami,2022-02-01,14,0.06578750388663523,0.06829724633384358,0.02111778080870857,0.3944767010564516,0.3896639417258224,0.014919730452155385,0.045737117429130794,1.0000000216927476
Miami,2022-03-01,32,0.02592671277488985,0.07498246510294843,0.007907815651378726,0.5069807856161788,0.15812427725177255,0.12622625225776568,0.09985168848652388,0.9999999971414579
Miami,2022-04-01,30,0.03470492062430515,0.046993015836536214,0.02803482490320064,0.3514691488584504,0.3544873113899181,0.06680109635538727,0.11750968760655568,1.0000000055743534
Miami,2022-05-01,21,0.049370864766561176,0.07136083321945205,0.025710567920690437,0.34303504877884516,0.32942631896141733,0.0649143960548653,0.11618196243597634,0.9999999921378078
Miami,2022-06-01,31,0.017638676544471092,0.06197212704442316,0.022354185633781883,0.3311171452364614,0.27570282199209734,0.12135222111828621,0.1698628295693666,1.0000000071388877
Miami,2022-07-01,27,0.05322085528772457,0.022563157182755936,0.031725517301647715,0.5100287951149598,0.288996139920696,0.02709191819842624,0.06637362602891189,1.0000000090351222
Miami,2022-08-01,23,0.026536896718544437,0.07472742338786302,0.030696446852981184,0.22984714063046416,0.33359474769752956,0.1277481567509391,0.17684919322314466,1.0000000052614662
Miami,2022-09-01,20,0.016451344449887932,0.1274329888139618,0.055345141349243884,0.41444738996506203,0.28645042806165294,0.06221704519120972,0.0376556506962515,0.9999999885272698
Miami,2022-10-01,30,0.017062071800076666,0.0782235897320788,0.015267094994972719,0.4878042514775492,0.2134918224609767,0.08077534167096015,0.10737583920514827,1.0000000113417626
Miami,2022-11-01,29,0.023752988296047058,0.05120344435523163,0.014468942707653334,0.36808851231210704,0.3254522346281286,0.04695252574787566,0.1700813394393129,0.9999999874863563
Miami,2022-12-01,25,0.06001433601370077,0.06306999149965117,0.012608470721170264,0.4392908784095198,0.27099771194159983,0.062109379027970084,0.09190924951806662,1.0000000171316785
Miami,2023-01-01,39,0.018036200312706467,0.059880621747698766,0.040964662800363864,0.3833472232411926,0.3505705460153806,0.04485022176045156,0.10235051372542209,0.9999999896032159
Miami,2023-02-01,37,0.018512736858070044,0.03116080500625974,0.07030645810457797,0.2570436836434276,0.34382803788458977,0.13026327446002411,0.1488849993392422,0.9999999952961915
Miami,2023-03-01,34,0.03069504835259383,0.03231939274701285,0.042300937618539786,0.4214524679187247,0.25800244473194806,0.053940900211112856,0.16128881069530235,1.0000000022752344
Miami,2023-04-01,41,0.019939078566073052,0.06511205579892433,0.04029408142413577,0.46002791109551655,0.200703062582761,0.08282534275544667,0.13109845178565233,0.9999999840085096
Miami,2023-05-01,28,0.026764775830088135,0.04362582631957979,0.016390876307143844,0.4581484281141976,0.3240076454489359,0.03948880545794959,0.09157362831423854,0.9999999857921335
Miami,2023-06-01,25,0.03231561735272403,0.07740836331155147,0.05304564846679564,0.3174874373397324,0.36487258326262234,0.08309534493368115,0.07177499004639681,0.9999999847135039
Miami,2023-07-01,35,0.029920951571382005,0.019778857182245663,0.05131001526190496,0.4706762351162199,0.2514727644622326,0.10368869325279122,0.07315246758849489,0.9999999844352712
Miami,2023-08-01,34,0.04347617612973618,0.07679367318633007,0.025286788739750182,0.41498882727533143,0.25264399475418026,0.12563288538812603,0.06117763375753862,0.9999999792309928
Miami,2023-09-01,19,0.016171222577165568,0.019050356156903415,0.014126584411745741,0.41716768896501316,0.35783890977894,0.05538406145856956,0.12026117802107408,1.0000000013694117
Miami,2023-10-01,9,0.012901352395096533,0.024694106062977624,0.005058477538922345,0.4409848209599861,0.35913554056444097,0.1173890497690687,0.03983664962773517,0.9999999969182275
Miami,2023-11-01,13,0.02759114097212796,0.040897961070116264,0.07818016990383439,0.40087437291199773,0.26563450389613324,0.13458549173978657,0.05223635297555185,0.999999993469548
Miami,2023-12-01,19,0.06608901482296026,0.09472511882746686,0.07010754601919628,0.3332653232776609,0.27863336133917693,0.12656400279190974,0.030615642997681252,1.0000000100760522
Miami,2024-01-01,25,0.05385892078513275,0.06297530550975348,0.031570049324072855,0.24582753694616258,0.2816874375939369,0.23811341195367272,0.08596733626443889,0.9999999983771701
Miami,2024-02-01,26,0.007963026905109903,0.019912386100398895,0.026496355164384127,0.5363803270559472,0.24074513613819498,0.09790109590483967,0.0706016498779018,0.9999999771467765
Miami,2024-03-01,24,0.00650573906508115,0.04873371726716864,0.07199893922006591,0.3802940576182057,0.2915121129675147,0.1209883863436213,0.07996704695203026,0.9999999994336877
Miami,2024-04-01,17,0.0799995245863957,0.12294140628621199,0.03138533955686446,0.17367202779689034,0.27609596916419615,0.12280759160571234,0.193098122247166,0.9999999812434368
Miami,2024-05-01,33,0.044564313590385436,0.03944136230910023,0.07910907679417335,0.3438440621618859,0.3384572506854028,0.060152619491528794,0.0944313222725847,1.0000000073050612
Miami,2024-06-01,30,0.014950360708947563,0.040795159987950025,0.03785800982150245,0.5370190461631864,0.245678198368599,0.04970918350154529,0.07399003271323935,0.9999999912649701
Miami,2024-07-01,35,0.07048693355505482,0.03502067819437273,0.04179670719729199,0.2958373558907104,0.38371613882482053,0.07203306406071139,0.10110914101158928,1.000000018734551
Miami,2024-08-01,26,0.014457541717162594,0.07202301612079066,0.047875733760660115,0.40589144894889045,0.35495753524502593,0.04565547054740953,0.05913923062885606,0.9999999769687953
Miami,2024-09-01,21,0.04702849060829191,0.025378815524856563,0.0668979804225576,0.32692212410759,0.3456703765938679,0.10171615557434655,0.08638607013216681,1.0000000129636772
Miami,2024-10-01,21,0.02901271171313485,0.03539568252883669,0.03595288584585342,0.48355513172490255,0.28758299239866786,0.029228446062742906,0.09927215612316057,1.0000000063972987
Miami,2024-11-01,18,0.046626765158079106,0.02429837637626199,0.06954881539180251,0.2431691598354114,0.37488863174803555,0.12778325592322892,0.11368499336660731,0.9999999977994268
Miami,2024-12-01,16,0.007364569883065944,0.022334813009365406,0.0060269156165304125,0.4461692594923079,0.2657461123890243,0.13610595006321086,0.11625239212298762,1.0000000125764925
Paris,2019-05-01,40,0.021262674996978558,0.03652464215992945,0.03426362006284757,0.3401947807433316,0.29911073155235496,0.1380864861246664,0.1305570622091181,0.9999999978492267
Paris,2019-08-01,117,0.04052732215396275,0.04192248255494006,0.0410409122100995,0.2730338755033862,0.40396443301111334,0.11074122003255742,0.08876975780177825,1.0000000032678376
Paris,2019-11-01,155,0.0232504749250027,0.03330367816604608,0.0432694608415101,0.27461114739924064,0.35827520473770075,0.10091369720025645,0.16637633783262099,1.0000000011023777
Paris,2020-01-01,80,0.030316335891984587,0.06525843439740124,0.06578552512291931,0.27350367759645444,0.276220704591833,0.09924793425889214,0.18966738519957288,0.9999999970590576
Paris,2020-02-01,153,0.030094296551991227,0.04879681545262543,0.06524430887524059,0.27394412906179993,0.3654448073144296,0.0828763995763961,0.13359924684753455,1.0000000036800176
Paris,2020-03-01,102,0.03162378021378943,0.04886092656969965,0.0378091585929117,0.26303178444162334,0.3641735287794076,0.0866380451548406,0.1678627791093187,1.000000002861591
Paris,2020-04-01,61,0.018074604245589723,0.02335129757068253,0.05725511745263467,0.39642725244820975,0.25877620364524057,0.06684851783259049,0.17926700744533633,1.000000000640284
Paris,2020-05-01,27,0.032483460036692745,0.030317942920158117,0.12732212093262069,0.1954478034059758,0.29261063670532567,0.05900103178013249,0.2628169984867175,0.999999994267623
Paris,2020-06-01,34,0.04784248634207276,0.03074720130569078,0.07302246347192999,0.31419423344435493,0.253588301834979,0.04687513529514781,0.2337301667670116,0.9999999884611869
Paris,2020-07-01,35,0.022213568683114915,0.05213570663140018,0.05190252515686938,0.4189154592342675,0.27436954985771855,0.09234124873099579,0.08812194876372809,1.0000000070580943
Paris,2020-08-01,44,0.020561447930628043,0.0325492718706796,0.029231778193868397,0.2631150345921262,0.3891444356942719,0.0883839901600202,0.17701403277037153,0.9999999912119658
Paris,2020-09-01,28,0.04973108197321245,0.04746590100694442,0.0417081986213036,0.27552546064336114,0.3641980713333136,0.059365724346467384,0.16200557375226965,1.0000000116768724
Paris,2020-10-01,25,0.021366512468084665,0.023327299943193745,0.059270515232346915,0.3192805908899754,0.3302858328074217,0.0684485848434269,0.17802066422998902,1.0000000004144383
Paris,2020-11-01,7,0.020644860558344812,0.02702209757574433,0.01780422189871644,0.28995316914681873,0.45262578542211224,0.03302484544526247,0.15892501401581932,0.9999999940628184
Paris,2020-12-01,4,0.3125652627786621,0.15056143072433764,0.010498090297915,0.17311815213179213,0.28943621972575784,0.02235784707590935,0.04146300151478495,1.000000004249159
Paris,2021-01-01,4,0.0465138476574793,0.09722407569643107,0.2190812613116577,0.01094469038071105,0.4443777687847614,0.034091364592313725,0.1477669987361878,1.000000007159542
Paris,2021-02-01,7,0.014500018508572628,0.01702716580725137,0.1756725332899285,0.5003518212054457,0.1727150204990591,0.019919900223612758,0.09981352809284409,0.9999999876267142
Paris,2021-03-01,10,0.0038303807144984105,0.00806943677598607,0.04879529243335123,0.47307167956605556,0.20749715305864808,0.011379270418547058,0.24735679421573872,1.0000000071828252
Paris,2021-04-01,16,0.011114100663689862,0.028124100703280357,0.04111364184063853,0.19858367014967368,0.49763986887410283,0.0517364640254527,0.17168815544573587,1.0000000017025739
Paris,2021-05-01,14,0.047106098516711103,0.059086720409270876,0.052324231647487125,0.08228351749546291,0.3709074325327362,0.10836160409131217,0.2799303931450205,0.9999999978380008
Paris,2021-06-01,5,0.01247426886111494,0.0072265936294569994,0.015873054525582082,0.24877053648233413,0.2892769394442439,0.01507067172788078,0.4113079488277435,1.0000000134983564
Paris,2021-07-01,27,0.02282475950023915,0.018825548466001756,0.03346319759859596,0.307061730435601,0.383996933983225,0.05322275358183236,0.1806050794957964,1.0000000030612917
Paris,2021-08-01,31,0.05352231699808105,0.07070937857121946,0.060345008295224635,0.3059106142177517,0.2739073596744528,0.11009366642458421,0.12551164883939966,0.9999999930207135
Paris,2021-09-01,16,0.027235494329943273,0.060657854599412496,0.0346218904596753,0.23518273333320389,0.4777154289186001,0.05432833550730717,0.1102582731400616,1.0000000102882038
Paris,2021-10-01,34,0.02548585071310616,0.040556375700843424,0.06577717388384313,0.29549512186991594,0.28022258904050373,0.0806073288481189,0.2118555543642929,0.9999999944206243
Paris,2021-11-01,24,0.016454643613542378,0.02805216926935823,0.09709896633285094,0.1947673186465787,0.32338381828352186,0.05068976762898573,0.28955333419920254,1.0000000179740403
Paris,2021-12-01,32,0.02432458950352151,0.02840411029683304,0.038320152671076316,0.33297854653937975,0.3426500939531252,0.023021078493911728,0.21030143204552584,1.0000000035033734
Paris,2022-01-01,24,0.022968790358087614,0.023427473206538655,0.015484581648100437,0.2456712392546857,0.4224095142950925,0.0821750939066987,0.18786331510636953,1.000000007775573
Paris,2022-02-01,17,0.028645874843384798,0.06962776156347789,0.0496121617924312,0.30954100253909606,0.3215786526253557,0.08164416389156347,0.13935038278920242,1.0000000000445115
Paris,2022-03-01,37,0.03924221457831708,0.052214803960728036,0.033893814864190804,0.22920489893924137,0.3797390972188598,0.1298085443260198,0.13589664004944463,1.0000000139368015
Paris,2022-04-01,29,0.015833143775094385,0.053615129416294614,0.027380993505458084,0.2635578594154453,0.35142475597817324,0.15552760616490807,0.13266049425021326,0.999999982505587
Paris,2022-05-01,54,0.048537237623585694,0.04392079086499973,0.06955150498672281,0.2042535892213453,0.3602594209714206,0.11629483789309028,0.15718261737169487,0.9999999989328592
Paris,2022-06-01,6,0.006514426902867801,0.027078173705376633,0.012013664372110051,0.45652265280174714,0.3943332613756259,0.014368352208596917,0.08916946810980632,0.9999999994761308
Paris,2022-07-01,20,0.07738057293172455,0.04966623157961289,0.05303285166155543,0.3499138576618861,0.24132444378919896,0.1134867492015473,0.11519529321230944,1.0000000000378346
Paris,2022-08-01,70,0.039137895502582405,0.042393083674999436,0.07593107218355201,0.2882887544459663,0.2753389872610568,0.08109835871062902,0.1978118459228426,0.9999999977016286
Paris,2022-09-01,15,0.023572294852541087,0.026564275644098675,0.01906760476801228,0.38919317529071124,0.267356539517641,0.12993828152927256,0.1443078275149067,0.9999999991171835
Paris,2022-10-01,32,0.03408215372473928,0.05180928108529765,0.03667782701268147,0.29454507463378826,0.32915397227043286,0.113783401215187,0.13994830510637254,1.0000000150484991
Paris,2022-11-01,63,0.02383279252893449,0.04163460726276892,0.07965278015601342,0.25595510096311386,0.34628287910128985,0.08215951639604528,0.1704823234920493,0.999999999900215
Paris,2022-12-01,57,0.016643567008717886,0.05093199364113894,0.06170932208739314,0.34906926015882117,0.3498143953630668,0.0576192678499705,0.11421218221157522,0.9999999883206837
Paris,2023-01-01,21,0.027936488750301962,0.034401768034080085,0.03240904350310471,0.3940575685174692,0.3530368445707219,0.04977562977001067,0.10838266149429335,1.000000004639982
Paris,2023-02-01,28,0.04902610537828872,0.05007998205214136,0.060912270385805205,0.37279409277419157,0.24903437037885717,0.05276724835857744,0.1653859321793009,1.0000000015071624
Paris,2023-03-01,31,0.0193215214136627,0.04419793910346921,0.014901416560244364,0.33603078200511877,0.27429117056571184,0.09326494504292039,0.21799221921772244,0.9999999939088497
Paris,2023-04-01,24,0.036444947205988336,0.04410567187975778,0.04949380255614713,0.27794474588396645,0.2855906026282658,0.16415992247251168,0.14226031225795543,1.0000000048845927
Paris,2023-05-01,49,0.0664057183858691,0.06202915469564645,0.1039829847904169,0.1935483098281927,0.33316393704058567,0.07545280160990596,0.16541708218009796,0.9999999885307148
Paris,2023-06-01,8,0.0450173940917011,0.08305142665631134,0.07232615200337017,0.21202306507620958,0.4340426425915211,0.02199725448735986,0.13154208217747504,1.0000000170839483
Paris,2023-07-01,29,0.03530951336443676,0.06906245528832716,0.056752514967229176,0.3488838622579351,0.2776579919656546,0.10540938185897233,0.10692428231464116,1.0000000020171964
Paris,2023-08-01,73,0.05119885380813617,0.07419535579408629,0.060978945475454356,0.2294627085857552,0.37721447847234973,0.08621580944371035,0.12073385837640968,1.0000000099559017
Paris,2023-09-01,7,0.03202842007989858,0.026640361557448502,0.03020393010644636,0.3672126756448831,0.3924709068877356,0.03719431704043273,0.1142493840306997,0.9999999953475447
Paris,2023-10-01,28,0.015165429703691669,0.02795333891533244,0.02994432904233685,0.30166669555806686,0.45962397494752494,0.06707113544689487,0.09857511089649044,1.000000014510338
Paris,2023-11-01,59,0.04503377803238262,0.06117363094344288,0.04349292718984925,0.2722448770063377,0.30841832219473064,0.06909574562944151,0.2005407331566626,1.0000000141528471
Paris,2023-12-01,29,0.020571597639053762,0.06430805531924522,0.05949091862541908,0.4046434661361453,0.27314825314257674,0.04817701502831584,0.12966069600601068,1.0000000018967665
Paris,2024-01-01,27,0.03757692036365534,0.03527081875492711,0.12451620889758619,0.2166728671872988,0.3932256712923171,0.04425744367418461,0.1484800637527196,0.9999999939226888
Paris,2024-02-01,34,0.022913760216290307,0.02226779635256041,0.09773051360389212,0.3703856917426866,0.31137068395721995,0.03381132750826719,0.14152022740831047,1.0000000007892271
Paris,2024-03-01,27,0.0211427944703717,0.07374172211038289,0.058055851392930825,0.22678796673641985,0.3644777585372881,0.07207956072805376,0.18371434865036493,1.000000002625812
Paris,2024-04-01,22,0.07530531883028078,0.03633806885706935,0.11711799409452142,0.23804339187600732,0.3707856569354507,0.06743315262296656,0.09497642982751127,1.0000000130438074
Paris,2024-05-01,67,0.04185881787031857,0.05999974707495973,0.07182616106088534,0.21495601596004923,0.38361184016815314,0.10035948380271885,0.12738793922254618,1.000000005159631
Paris,2024-06-01,9,0.013390004337351312,0.016647178233445876,0.024193463135614122,0.4510696994451185,0.35499810624039835,0.011551360185775433,0.1281501584582858,0.9999999700359893
Paris,2024-07-01,20,0.015855912026017865,0.017461444748914756,0.016269816474232306,0.42207700735889375,0.37520849984139204,0.02641422698507081,0.1267130960244685,1.00000000345899
Paris,2024-08-01,69,0.045566735482113256,0.08309987898362607,0.04159199989036369,0.2913724115747702,0.37201601729147893,0.035699522586714806,0.13065343235612614,0.9999999981651931
Paris,2024-09-01,16,0.018662162357941218,0.10336124883906445,0.03185337177637843,0.31786813471626374,0.392384278064128,0.018172834126744374,0.11769798136083405,1.0000000112413543
Paris,2024-10-01,30,0.017755395034328058,0.09973657893327371,0.05061571782765286,0.30835603437541675,0.3476072933524847,0.07847174186802776,0.09745723645513253,0.9999999978463163
Paris,2024-11-01,59,0.05716798384377917,0.061282365959753254,0.018523767739001586,0.36168748796404476,0.30273076318109693,0.05906125988763895,0.13954637028568942,0.9999999988610041
Paris,2024-12-01,46,0.024139360949882952,0.1092120706579526,0.047035630893610056,0.21645289926685934,0.3111350453590326,0.07386513079678556,0.21815986060486778,0.9999999985289909
Rio de Janeiro,2019-01-01,8,0.024545844760723363,0.0413007268798537,0.05487922838801749,0.22288509237114337,0.3999664003495127,0.11507169008837079,0.14135101891588417,1.0000000017535056
Rio de Janeiro,2019-02-01,7,0.013913634399484244,0.014862720122826899,0.01916402618267703,0.4119023118234639,0.25142974938665114,0.14499109956834993,0.14373644561107662,0.9999999870945298
Rio de Janeiro,2019-04-01,9,0.0152510494873341,0.018136920148713678,0.017903608890871156,0.39378761417335933,0.28066793166928816,0.09784491080790753,0.176407975765566,1.0000000109430398
Rio de Janeiro,2019-05-01,76,0.01708648842070124,0.02383437464136233,0.05056300630109797,0.32906490986505027,0.4276930415071547,0.04981988422131456,0.10193829958045263,1.0000000045371338
Rio de Janeiro,2019-06-01,12,0.01193905566954826,0.06525728442647956,0.004964884615522609,0.37008005551372963,0.20287756606315568,0.10545579526418196,0.23942534204494825,0.9999999835975659
Rio de Janeiro,2019-07-01,20,0.047815755853662226,0.01746860867424397,0.06696977174724447,0.39814572593895714,0.2997236594557762,0.06807253194274375,0.1018039445392787,0.9999999981519065
Rio de Janeiro,2019-08-01,115,0.03580389622416666,0.0328983604690343,0.04521869235879575,0.334876326728187,0.33633188515820583,0.06363040975031803,0.15124042862823797,0.9999999993169454
Rio de Janeiro,2019-10-01,26,0.009991442433182241,0.04567101895988269,0.02396331235649992,0.4096759494859725,0.3153363862433112,0.02911355280174081,0.166248336326904,0.9999999986074934
Rio de Janeiro,2019-11-01,86,0.037428182082759644,0.0477837152490771,0.045903282684035734,0.32451559978721356,0.3715777892293137,0.04792799338763359,0.12486343699788974,0.9999999994179231
Rio de Janeiro,2019-12-01,22,0.019837999335405445,0.0447225436430678,0.028432164354440282,0.3532997029939327,0.32640306744724507,0.07124908905560993,0.15605543871325522,1.0000000055429563
Rio de Janeiro,2020-01-01,48,0.03888319873173406,0.03454953761441473,0.024830311388844426,0.36091440902479616,0.31602074495458504,0.10895292580971723,0.11584887113228126,0.9999999986563729
Rio de Janeiro,2020-02-01,86,0.023827020568247877,0.0310859293995024,0.03136035543663401,0.3495725513609169,0.3645315128811743,0.06292952156928905,0.13669311177516136,1.000000002990926
Rio de Janeiro,2020-03-01,84,0.027206865150392712,0.035759900798439,0.018348092784262436,0.3632041600025591,0.38481865792779163,0.03548806509102823,0.13517425663303578,0.9999999983875087
Rio de Janeiro,2020-04-01,21,0.010863965610042152,0.012087307986803308,0.06539264968818138,0.28284435005792014,0.4074332220036359,0.021701880608729608,0.19967662982110462,1.0000000057764171
Rio de Janeiro,2020-05-01,12,0.020597658896197826,0.03441133132582758,0.015998646835214406,0.2532866988331079,0.4825682414423984,0.0888527734787203,0.10428464175978051,0.9999999925712469
Rio de Janeiro,2020-06-01,12,0.03430272014035529,0.014064711382767757,0.02421639713187075,0.3246514494530856,0.44932170522709686,0.034415432834066416,0.11902757307204104,0.9999999892412837
Rio de Janeiro,2020-07-01,2,0.09278693143278355,0.04318161122500895,0.0535920581314712,0.0848859511315822,0.4510386679321527,0.0650031622499227,0.20951164886355395,1.0000000309664754
Rio de Janeiro,2020-08-01,9,0.020594665211521854,0.08829004032951257,0.07636092674349326,0.15875767161034873,0.4248132264862458,0.03404567473464537,0.1971377978722254,1.000000002987993
Rio de Janeiro,2020-09-01,8,0.08500247815391043,0.05333478987449775,0.0932661961414851,0.16517289530020204,0.4402023875154555,0.07999296055641018,0.08302828320302064,0.9999999907449815
Rio de Janeiro,2020-10-01,4,0.0091503360890783,0.007359435607213475,0.05251012154621997,0.4820257565006614,0.3337303791195154,0.019294569559860923,0.09592942916788158,1.000000027590431
Rio de Janeiro,2020-11-01,20,0.02804285142919975,0.03346886168292253,0.04475158292916599,0.5312823856365867,0.17556223613210017,0.00943249190459023,0.1774595731520094,0.9999999828665749
Rio de Janeiro,2020-12-01,16,0.017792859543987977,0.022420618330215743,0.01741098966886053,0.3716067593777552,0.31286225217627356,0.05178902358602496,0.2061174968985142,0.9999999995816322
Rio de Janeiro,2021-01-01,27,0.02384470661248386,0.022426598308676878,0.007603972417267896,0.39856858666624045,0.3769912299424134,0.043206142304741076,0.1273587701704215,1.000000006422245
Rio de Janeiro,2021-02-01,26,0.03220817208505016,0.037426016768082354,0.013131478864054792,0.3464417749245722,0.43836483359336853,0.024244970928591,0.10818274591404654,0.9999999930777655
Rio de Janeiro,2021-03-01,15,0.08902368315805989,0.068481227196753,0.05017637233249838,0.4839951212828358,0.24638263980547584,0.01651114250222838,0.04542981050908561,0.9999999967869369
Rio de Janeiro,2021-04-01,10,0.1232833546120673,0.04114370476454491,0.01058543573599304,0.227414319338277,0.42170196888037026,0.09859853535890575,0.07727270440664138,1.0000000230967996
Rio de Janeiro,2021-05-01,11,0.019006279805167083,0.04228451886129645,0.05495869395831088,0.3335596556478942,0.3163744123144583,0.13246913838454263,0.10134730557911094,1.0000000045507804
Rio de Janeiro,2021-06-01,7,0.011162921187600885,0.0118434395574565,0.015081682841160442,0.2790962925979069,0.4357728122600487,0.027365944813936897,0.2196769389723028,1.0000000322304132
Rio de Janeiro,2021-07-01,8,0.0235332212178036,0.11794301000190893,0.019515928092005138,0.184771287269541,0.38570321071892977,0.04064648435451085,0.2278868706198409,1.0000000122745403
Rio de Janeiro,2021-08-01,1,0.0054342444054782,0.006435977295041,0.0047733359970152,0.6839138865470886,0.2384636551141739,0.0519173555076122,0.0090615572407841,1.0000000121071932
Rio de Janeiro,2021-09-01,12,0.07411760850421459,0.03970779342732076,0.07421712840247584,0.2070363273863525,0.48530338316534954,0.06369470156884438,0.05592301239569977,0.9999999548502573
Rio de Janeiro,2021-10-01,11,0.01794008554001758,0.012403397143564391,0.03496459603775288,0.3545968477952886,0.3254054022783583,0.010156029623679091,0.24453366293825887,1.0000000213569198
Rio de Janeiro,2021-11-01,13,0.023060542191020533,0.03522715364726114,0.009883960216449385,0.2496993542254831,0.31421466300693834,0.14953220334763706,0.21838212163689041,0.99999999827168
Rio de Janeiro,2021-12-01,10,0.03391898330301043,0.04362826033029701,0.01096616350114339,0.22031671237200495,0.44526471495628356,0.03633775049820539,0.20956743694841856,1.0000000219093634
Rio de Janeiro,2022-01-01,11,0.030586189548061624,0.12461025164653118,0.06951699401146137,0.2042096641803668,0.3667354512621055,0.12686857581138608,0.07747287057678803,0.9999999970367006
Rio de Janeiro,2022-02-01,16,0.01216617488535117,0.02560167355113657,0.0642219524888787,0.2886958160961512,0.4632201069034636,0.04725120202056128,0.09884306078311052,0.9999999867286531
Rio de Janeiro,2022-03-01,9,0.008719409143345177,0.0123122853175219,0.03908512465811021,0.46025177903680337,0.1590260484566291,0.11527865173088175,0.20532670223878485,1.0000000005820762
Rio de Janeiro,2022-04-01,15,0.026518699084408532,0.021363236048879686,0.01842491022543978,0.38427229478644825,0.291304491336147,0.047720833371082905,0.21039552303651965,0.9999999878889259
Rio de Janeiro,2022-05-01,25,0.02626840492710466,0.021030052658170418,0.061928153996122955,0.31546490405686195,0.41714688985608517,0.11180955478921531,0.04635204414371397,1.0000000044272745
Rio de Janeiro,2022-06-01,8,0.014335443353047561,0.23619039292680097,0.02711171234841455,0.2915783900461974,0.3488741909968667,0.020790924550965362,0.06111897359369317,1.0000000278159855
Rio de Janeiro,2022-07-01,5,0.0101165428757667,0.01095378678292032,0.035962116718292206,0.29023505048826337,0.40562930330634117,0.01573646995238956,0.23136672899127006,0.9999999991152434
Rio de Janeiro,2022-08-01,22,0.022380466070237772,0.029399869958235073,0.030224361287599213,0.46387737176105887,0.24859125941822474,0.06593607422176066,0.13959058372049846,0.9999999864376147
Rio de Janeiro,2022-09-01,21,0.02398188727619565,0.028580814555642105,0.03132743677512428,0.3580375690057519,0.256843284570745,0.12783714807924942,0.1733918806449288,1.0000000209076372
Rio de Janeiro,2022-10-01,4,0.10937165893847119,0.11542553114122708,0.008633320685476025,0.21923150122165677,0.0659493212588131,0.0194849054096266,0.4619037499651313,0.9999999886204021
Rio de Janeiro,2022-11-01,15,0.013709292172764686,0.06099395622344062,0.06858443446690214,0.30838967188416666,0.23186778761446472,0.07627723154922322,0.240177638689056,1.000000012600018
Rio de Janeiro,2022-12-01,23,0.009980836670602747,0.0162000318523496,0.014869787844161087,0.3477992568995155,0.4643295191876266,0.025647038664749745,0.12117352290078993,0.9999999940197952
Rio de Janeiro,2023-01-01,18,0.020380642226276245,0.014611859113857512,0.04150272408959504,0.4007006621428041,0.35578136301289,0.024169124520590682,0.14285362900571066,1.0000000041117243
Rio de Janeiro,2023-02-01,15,0.05033671239701405,0.11601254116588579,0.057919971070562744,0.34491781216347583,0.24983623670414087,0.07080513442245619,0.11017160397022958,1.000000011893765
Rio de Janeiro,2023-03-01,41,0.03718981423653748,0.06158332925051355,0.026912165533115175,0.3002851223857028,0.3427749105343005,0.08947362362338997,0.14178104285241622,1.0000000084159757
Rio de Janeiro,2023-04-01,33,0.024937645652133803,0.03721023641286808,0.040008898662177404,0.3611335934591338,0.31253602810091136,0.08084756886642987,0.14332604166966942,1.0000000128233237
Rio de Janeiro,2023-05-01,16,0.023335817575571075,0.0317448051209794,0.07494856898119902,0.25487064196204295,0.4316927711479366,0.029538078946643457,0.1538693049224093,0.9999999886567819
Rio de Janeiro,2023-06-01,10,0.08094511168310414,0.024895705940434668,0.0061162242753198,0.5295315964263864,0.2052162999520078,0.07156132719246666,0.0817337314947508,0.9999999969644702
Rio de Janeiro,2023-07-01,24,0.0673650558358834,0.12619802584716425,0.008678968542274816,0.39267919384292327,0.30450784360679484,0.02449234571637737,0.07607857216983875,1.0000000055612568
Rio de Janeiro,2023-08-01,50,0.029517167378216937,0.026603399382438463,0.08480050304671746,0.2780259374273009,0.3751011306932196,0.038801127087790474,0.16715074148960407,1.0000000065052879
Rio de Janeiro,2023-09-01,22,0.01779899083670563,0.10512358611925837,0.05552886548155744,0.48864593129308725,0.20029658745889634,0.051153900228779386,0.0814521466963924,1.000000008114677
Rio de Janeiro,2023-10-01,44,0.02954967911566856,0.059212007845582566,0.06571644341403783,0.3214994276852601,0.39159036870114505,0.04513947007415642,0.08729258094469759,0.999999977780548
Rio de Janeiro,2023-11-01,49,0.03614263979680071,0.04392336918117132,0.030428520893221872,0.34124908607681187,0.40035724517775284,0.053861327246021516,0.09403780974656795,0.999999998118348
Rio de Janeiro,2023-12-01,35,0.028308710434274426,0.0831408002197609,0.09429672934597222,0.34603283314832617,0.3106716483565313,0.04744145028027035,0.09010782225190524,0.9999999940370408
Rio de Janeiro,2024-01-01,34,0.026592235397615918,0.06316290323978613,0.040376697389600646,0.24958172282340985,0.39198606036713013,0.07334370434503341,0.15495669419932012,1.0000000177618964
Rio de Janeiro,2024-02-01,26,0.03004968329332764,0.06411441968073348,0.02636798263455808,0.3144709545348843,0.35119759671103495,0.0680672591193937,0.1457321205033132,1.0000000164772453
Rio de Janeiro,2024-03-01,13,0.007319705847364155,0.00917513096758804,0.006820517457806676,0.4952201012593622,0.3755613495237552,0.04722600971133658,0.058677151154440124,0.9999999659216531
Rio de Janeiro,2024-04-01,27,0.0436303040305911,0.10282080084370031,0.041738530672672684,0.34195282026107804,0.3215999204354982,0.05937719798681357,0.08888042772068051,1.0000000019510344
Rio de Janeiro,2024-05-01,44,0.015752916544442948,0.01674954346857368,0.03978014982368962,0.3487082905273631,0.4380636788502505,0.044953641524030356,0.09599178358489135,1.0000000043232415
Rio de Janeiro,2024-06-01,12,0.05300467513734469,0.036377992869044286,0.012566243375961926,0.24092013986470795,0.47922765494634706,0.01941342254091671,0.15848990688876555,1.0000000356230883
Rio de Janeiro,2024-07-01,22,0.0492973207861227,0.04647802367055023,0.0693656916264444,0.3830499785835854,0.31502818123606796,0.05064904835837128,0.08613175640560006,1.000000000666742
Rio de Janeiro,2024-08-01,41,0.02614372616162428,0.10350580348082382,0.06080508899091307,0.3513449151438047,0.23860527126391118,0.09161907065909625,0.12797613397649507,1.0000000096766684
Rio de Janeiro,2024-09-01,46,0.026613446909164885,0.034088767665114365,0.03046004867001494,0.3176606923756797,0.4398341858708907,0.08422516180080883,0.06711770185147933,1.0000000051431528
Rio de Janeiro,2024-10-01,31,0.023238884521678268,0.027925551709373466,0.027960887980542182,0.25030062296578,0.38682737123341326,0.12939755916745665,0.15434912496036093,1.0000000025386047
Rio de Janeiro,2024-11-01,33,0.02747719239260094,0.01769205334483443,0.022525164133791457,0.4779613584167126,0.32182690945707937,0.04144905331177689,0.0910682657479562,0.9999999968047519
Rio de Janeiro,2024-12-01,38,0.042101540026794095,0.03883718110247216,0.11316349836201157,0.26618640851780867,0.4099627420502273,0.027503498051756652,0.10224513367958069,1.0000000017906512
Rome,2019-02-01,5,0.05263018598780032,0.03912012241780754,0.12572335992008443,0.21330195786431427,0.31375212036073197,0.02592560634948308,0.22954663820564747,0.999999991105869
Rome,2019-05-01,86,0.037270422616085465,0.05426122180421745,0.04300151082963223,0.19347592377981038,0.4356515535023497,0.07406344721202063,0.16227592435004834,1.0000000040941641
Rome,2019-08-01,92,0.022690352449780692,0.06179445958158513,0.056900755426676844,0.25019735947210825,0.3537110999965554,0.05745928674688274,0.19724668907608994,1.000000002749679
Rome,2019-11-01,109,0.027323121199632074,0.040930968005457896,0.045304086644612544,0.2645891925038069,0.36561779979906905,0.05811610458516981,0.19811872595818625,0.9999999986959346
Rome,2019-12-01,65,0.024473298362527852,0.0373503768503164,0.029503684821807232,0.2819194264387568,0.3538965327593569,0.056306798931641026,0.21654988503298506,1.0000000031973912
Rome,2020-01-01,40,0.031615163557580615,0.05395195558958217,0.06394498339068373,0.1602366687788162,0.3899937225971371,0.09009825179236937,0.21015924543607975,0.999999991142249
Rome,2020-02-01,88,0.021468542293984053,0.05476203340566078,0.05877860412543994,0.2497942613011797,0.3673979857915335,0.04467795166948975,0.20312063359994098,1.0000000121872288
Rome,2020-03-01,75,0.026707054477495405,0.03728304778691377,0.04350195563010245,0.3145860817097127,0.34549098853021853,0.02485883556616799,0.2075720322752992,0.99999999597591
Rome,2020-04-01,38,0.049839345428872014,0.04705440323174878,0.043731315821213104,0.29575904585286283,0.35455857436662835,0.018030336589282825,0.19102697766778104,0.999999998958389
Rome,2020-05-01,25,0.02820276113227005,0.07825693142600353,0.038894819663837524,0.18672816586680707,0.4288141044415534,0.05747493220493193,0.18162828277796503,0.9999999975133685
Rome,2020-06-01,16,0.058247755245247335,0.025066614980460113,0.07424213477679584,0.25525686009495985,0.37589488449157216,0.016107485869724714,0.195184283904382,1.000000019363142
Rome,2020-07-01,29,0.020593442119144115,0.07606586696708506,0.03055697075163555,0.12141043332341155,0.4794534457654789,0.09579814537749462,0.17612169692613952,1.0000000012303893
Rome,2020-08-01,55,0.02381075071065089,0.04430326044728805,0.030631169527557376,0.2745158965699374,0.30582977366549047,0.09259949401232663,0.22830964646048163,0.9999999913937323
Rome,2020-09-01,27,0.012482481413624307,0.05062462889623858,0.015762868593878026,0.3281858530136998,0.2996673843374959,0.03843233019061795,0.2548444517370727,0.9999999981826273
Rome,2020-10-01,47,0.016072092971645566,0.05648807974462888,0.036022202013942184,0.25504770471238863,0.33398240503478555,0.06262268474761472,0.23976483173232443,1.0000000009573298
Rome,2020-11-01,3,0.0200264017718533,0.0271184844896197,0.013421161876370468,0.08363856002688404,0.7219101985295614,0.0382404259095589,0.09564479316274321,1.000000025766591
Rome,2020-12-01,1,0.0050055081956088,0.0052348705939948,0.00285628833808,0.043925080448389,0.8896798491477966,0.0039006853476166,0.0493977665901184,1.000000048661604
Rome,2021-01-01,7,0.017081600680415056,0.03466066219178689,0.01922887753296106,0.2585024580891643,0.42354371185813633,0.06835583690553901,0.1786268739295857,1.0000000211875884
Rome,2021-02-01,8,0.008641123771667425,0.019822494708932874,0.0077293820140766495,0.45843605312984437,0.3679572166875004,0.04046885517891492,0.09694487712113183,1.0000000026120686
Rome,2021-03-01,10,0.046749214950250424,0.03218273637467061,0.07298207312705922,0.2515064982697367,0.42244633473455906,0.04413254265673454,0.13000060757622117,1.0000000076892317
Rome,2021-04-01,7,0.013615190550418802,0.016640486985644555,0.021885901531537157,0.35165040554212673,0.3455258863312857,0.013769188097545028,0.2369129188757922,0.9999999779143502
Rome,2021-05-01,9,0.012980261791704367,0.02420669483641778,0.026442626245423276,0.34383032807252467,0.334818368518932,0.06965051156779127,0.18807122305346033,1.0000000140862535
Rome,2021-06-01,5,0.013105395250022361,0.11389494705945247,0.03111643120646474,0.112575854267925,0.5827973693609237,0.06709562744945283,0.07941444292664526,1.0000000675208864
Rome,2021-07-01,39,0.023594919639902196,0.04276635174830559,0.02306937627816712,0.18131141475915238,0.4128271143596906,0.05192744608323731,0.2645033667198358,0.999999989588291
Rome,2021-08-01,53,0.019301987608964948,0.037906539551737964,0.0397630876225621,0.3091008594712102,0.4078812185402538,0.02235302996364823,0.16369328704302388,1.000000009801401
Rome,2021-09-01,26,0.06399491553803759,0.037543037754053626,0.03808728594986646,0.315195225752317,0.39441860796740424,0.025221993609403134,0.12553892607012618,0.9999999926412083
Rome,2021-10-01,37,0.04393488091315969,0.05928391707759044,0.03376052392539689,0.24006080173736283,0.38526067719165535,0.053369089423024325,0.18433010887757342,0.9999999991457629
Rome,2021-11-01,41,0.015167434444287519,0.055333151352852994,0.12416775345876127,0.3444861516458686,0.279698139232606,0.050156499511880254,0.13099086407867325,0.9999999937249299
Rome,2021-12-01,48,0.041034054813887104,0.056357601388299323,0.05814730087270917,0.3045378450430386,0.3087823917691518,0.05461121115270842,0.1765295989074123,1.0000000039472068
Rome,2022-01-01,22,0.012823016546793574,0.01052807688723652,0.06262703098102723,0.285197676326127,0.314267328993248,0.04611617345786226,0.2684407116400755,1.00000001483237
Rome,2022-02-01,26,0.0187174479808443,0.05099167967161446,0.022165560750111606,0.37162330119798964,0.3172573656237756,0.022070976793586883,0.19717367373120323,1.0000000057491258
Rome,2022-03-01,39,0.02754691921067061,0.029446274725696362,0.09361909755553377,0.27804003753818757,0.3526050217019824,0.03799594087430677,0.18074669647149927,0.9999999880778767
Rome,2022-04-01,33,0.03299095418487642,0.07177959664752985,0.04796171992502143,0.24214465046481393,0.31455727231999236,0.06742074030141032,0.22314508663575078,1.000000020479395
Rome,2022-05-01,54,0.04305628770897677,0.06734749084959424,0.028133836707436535,0.23947615472759393,0.36802172252080506,0.038179896017364004,0.21578460296452112,0.9999999914962918
Rome,2022-06-01,4,0.025918084662407578,0.21744673908688125,0.055147096514701774,0.1824690394860226,0.3784248144365847,0.04244202747941013,0.09815220325253902,1.0000000049185471
Rome,2022-07-01,17,0.04307455627028552,0.03221533906317366,0.04437228305922708,0.09948139609632023,0.43319046771263375,0.023303524645812323,0.32436242951628036,0.9999999963637329
Rome,2022-08-01,70,0.020818248860138815,0.056234514058035354,0.04212852013962605,0.24620958752431235,0.3929060956097341,0.09638905600378551,0.14531397626269607,0.9999999984583282
Rome,2022-09-01,13,0.012520488620234176,0.019318746322264414,0.06250168501327813,0.22650758162713963,0.39348674214516693,0.10990148884817381,0.17576327862647861,1.0000000112027356
Rome,2022-10-01,42,0.021713027167910043,0.048387163582013955,0.05471340712254109,0.24904855565095893,0.339494693359094,0.07728425030308284,0.20935891099118933,1.0000000081767901
Rome,2022-11-01,55,0.02444569572002029,0.06276172587267034,0.05015622193141922,0.21675175298746163,0.36248207090591844,0.045097121149724806,0.2383054005109112,0.999999989078126
Rome,2022-12-01,49,0.01797264041284056,0.04953846724333275,0.047010103537586986,0.3224390803631965,0.32175046535284846,0.05505049126507823,0.18623874768405693,0.9999999958589404
Rome,2023-01-01,29,0.016974361308304348,0.04817379162454138,0.06246576807662391,0.34212650876524375,0.3175128531995518,0.08438106765167719,0.12836562774690058,0.999999978372843
Rome,2023-02-01,52,0.0290597808175684,0.042035402117807444,0.05998385744840977,0.3980090306364358,0.3168455431004986,0.03445655673007978,0.11960982850108005,0.9999999993518798
Rome,2023-03-01,24,0.040294868488369155,0.05275839568154572,0.04223277489654715,0.2473968892882112,0.3235345860011875,0.05933327558159359,0.23444922058843073,1.000000010525885
Rome,2023-04-01,19,0.058424173783829476,0.0653141958632898,0.05058026324197842,0.3102253598871788,0.24469716435200284,0.08904111667193076,0.18171772086306617,0.9999999946632762
Rome,2023-05-01,71,0.06371417695420303,0.06262693898326017,0.06725716883641283,0.16615598618944866,0.42816821017473095,0.029531943123184207,0.18254558915193647,1.0000000134131763
Rome,2023-06-01,2,0.0424297302961349,0.00692049891222265,0.00591997965238985,0.22225471585988998,0.5512331128120422,0.013595065101981099,0.1576469354331493,1.00000003806781
Rome,2023-07-01,46,0.045547732293767726,0.07000851395296982,0.027051962647617393,0.21042040074573137,0.4193874675851396,0.0619041378933774,0.16567978909765568,1.000000004216259
Rome,2023-08-01,71,0.07588029705794706,0.04173691743660162,0.05264049440476396,0.2726774871526417,0.33823911265575024,0.0865234414699264,0.13230224872421154,0.9999999989018424
Rome,2023-10-01,29,0.06656533178215006,0.07537720307450865,0.0400915327943572,0.17933497359927997,0.3973582361921154,0.05332235095155389,0.18795036564677434,0.9999999940407396
Rome,2023-11-01,76,0.029618334199767515,0.05555940712005582,0.07636847070228353,0.25495596890993366,0.37247291590871384,0.042519364011241075,0.16850553952941763,1.0000000003814131
Rome,2023-12-01,31,0.03839233684008035,0.05771219219276375,0.05032276242479468,0.22461619136682257,0.4326519824849862,0.099970954973551,0.09633361299957836,1.000000033282577
Rome,2024-01-01,22,0.036877202092331196,0.06869380079760126,0.02467727278549727,0.261147320958447,0.35756191628223116,0.020430918317288105,0.23061157587322995,1.000000007106626
Rome,2024-02-01,45,0.038932342082262,0.08159180703676404,0.07430102290301062,0.23645778202917422,0.34013019700845076,0.07990564152391416,0.1486812049367775,0.9999999975203532
Rome,2024-03-01,24,0.03393905783498966,0.04747385022346857,0.04318315843314238,0.1711769465570493,0.501600541252022,0.02660673433274492,0.17601972046152994,1.0000000090949468
Rome,2024-04-01,21,0.041202712560161184,0.04840258345384855,0.07178557592920864,0.2773955011341188,0.3230893467331216,0.07984349072822143,0.15828077721276448,0.9999999877514447
Rome,2024-05-01,65,0.050018640321930104,0.05472577057438539,0.07016624243965798,0.23724522559921468,0.4748061676151477,0.03432046965552632,0.07871748754002436,1.0000000037458865
Rome,2024-06-01,20,0.02216873941943045,0.05425975957186888,0.011344299884512984,0.10552423248300324,0.6376878198236227,0.023122720792889535,0.14589243824593717,1.000000010221265
Rome,2024-07-01,24,0.025329424041653153,0.042711592415192436,0.019218223453208286,0.3488131777655023,0.4018768206005916,0.08219664730131622,0.07985411361247917,0.9999999991899432
Rome,2024-08-01,66,0.036716960280583286,0.08617493067515276,0.060780877557893555,0.18361860117875037,0.3327799931620107,0.13457832040413362,0.16535031678380838,1.0000000000423326
Rome,2024-09-01,4,0.024476777878589876,0.0178601907100528,0.01923060673288995,0.46902433689683676,0.3736865818500519,0.014965031528845374,0.08075647882651532,1.000000004423782
Rome,2024-10-01,48,0.03659008389028406,0.03676652123249363,0.0715390075250373,0.27484308464651497,0.36672029877081513,0.10230845104282098,0.11123255271134737,0.9999999998193134
Rome,2024-11-01,53,0.045587161797502926,0.10684401795645856,0.05717872796011293,0.2552915001441812,0.2601266998692222,0.15688409798840092,0.11808779389808335,0.9999999996139621
Rome,2024-12-01,52,0.03940453169231584,0.0771496734154285,0.0694657605938398,0.21552739409358201,0.2725621816129065,0.09227956548924196,0.23361088968186564,0.9999999965791803
